AttendanceID,EmployeeID,Month,Year,LeavesTaken,LateMarks,WFHDays,WorkingDays
1,1,1,2025,4,0,5,22
2,1,2,2025,3,2,3,22
3,1,3,2025,1,3,6,22
4,1,4,2025,1,1,1,22
5,1,5,2025,7,2,2,22
6,1,6,2025,0,1,3,22
7,1,7,2025,0,4,3,22
8,1,8,2025,4,1,4,22
9,1,9,2025,2,2,3,22
10,1,10,2025,1,1,1,22
11,1,11,2025,4,3,6,22
12,1,12,2025,2,2,2,22
13,2,1,2025,2,2,3,22
14,2,2,2025,2,2,4,22
15,2,3,2025,0,1,0,22
16,2,5,2025,3,0,5,22
17,2,6,2025,1,0,2,22
18,2,7,2025,2,1,2,22
19,2,8,2025,1,1,5,22
20,2,9,2025,1,1,1,22
21,2,10,2025,0,1,1,22
22,2,11,2025,4,0,3,22
23,2,12,2025,0,0,3,22
24,3,1,2025,3,0,1,22
25,3,2,2025,5,5,3,22
26,3,3,2025,1,4,3,22
27,3,4,2025,1,1,2,22
28,3,5,2025,5,3,4,22
29,3,6,2025,1,4,3,22
30,3,7,2025,3,1,2,22
31,3,8,2025,1,0,1,22
32,3,9,2025,4,2,6,22
33,3,10,2025,4,3,4,22
34,3,11,2025,4,1,3,22
35,3,12,2025,1,4,6,22
36,4,1,2025,2,0,3,22
37,4,2,2025,0,0,4,22
38,4,3,2025,1,3,4,22
39,4,4,2025,1,1,3,22
40,4,5,2025,2,1,5,22
41,4,6,2025,1,1,2,22
42,4,7,2025,1,2,1,22
43,4,8,2025,0,1,1,22
44,4,9,2025,1,0,2,22
45,4,10,2025,2,1,3,22
46,4,11,2025,1,1,3,22
47,4,12,2025,1,2,4,22
48,5,1,2025,2,2,4,22
49,5,2,2025,2,2,3,22
50,5,3,2025,3,2,2,22
51,5,4,2025,5,0,2,22
52,5,5,2025,2,4,3,22
53,5,6,2025,1,2,2,22
54,5,7,2025,6,5,3,22
55,5,8,2025,4,3,0,22
56,5,9,2025,4,4,5,22
57,5,10,2025,1,3,2,22
58,5,11,2025,1,3,4,22
59,5,12,2025,2,1,3,22
60,6,1,2025,1,2,3,22
61,6,2,2025,0,2,5,22
62,6,3,2025,2,0,2,22
63,6,4,2025,0,1,1,22
64,6,5,2025,1,0,4,22
65,6,6,2025,0,0,4,22
66,6,7,2025,3,0,3,22
67,6,8,2025,4,4,4,22
68,6,9,2025,0,0,2,22
69,6,10,2025,3,2,2,22
70,6,11,2025,2,0,2,22
71,6,12,2025,1,1,2,22
72,7,1,2025,2,0,5,22
73,7,2,2025,1,3,1,22
74,7,3,2025,0,1,0,22
75,7,4,2025,1,0,3,22
76,7,5,2025,2,1,6,22
77,7,6,2025,3,0,4,22
78,7,7,2025,2,2,4,22
79,7,8,2025,1,1,3,22
80,7,9,2025,2,2,4,22
81,7,10,2025,0,0,3,22
82,7,11,2025,2,0,2,22
83,7,12,2025,1,0,4,22
84,8,1,2025,2,3,2,22
85,8,2,2025,1,0,1,22
86,8,3,2025,0,0,2,22
87,8,4,2025,2,0,4,22
88,8,5,2025,4,0,1,22
89,8,6,2025,0,0,3,22
90,8,9,2025,1,0,1,22
91,8,10,2025,2,2,2,22
92,8,11,2025,3,0,1,22
93,9,1,2025,7,2,5,22
94,9,2,2025,3,1,3,22
95,9,3,2025,1,1,2,22
96,9,4,2025,3,0,3,22
97,9,5,2025,1,3,1,22
98,9,6,2025,1,2,1,22
99,9,7,2025,3,2,1,22
100,9,8,2025,3,1,3,22
101,9,9,2025,2,0,1,22
102,9,10,2025,4,5,0,22
103,9,11,2025,0,4,2,22
104,9,12,2025,0,3,2,22
105,10,1,2025,0,0,3,22
106,10,2,2025,0,0,3,22
107,10,3,2025,0,0,0,22
108,10,4,2025,1,0,2,22
109,10,5,2025,1,1,1,22
110,10,6,2025,2,1,3,22
111,10,7,2025,1,1,4,22
112,10,8,2025,2,2,3,22
113,10,9,2025,1,2,6,22
114,10,10,2025,0,5,5,22
115,10,11,2025,0,2,1,22
116,10,12,2025,1,0,2,22
117,11,1,2025,0,1,2,22
118,11,2,2025,4,1,4,22
119,11,3,2025,2,0,2,22
120,11,4,2025,2,0,3,22
121,11,5,2025,1,5,3,22
122,11,6,2025,2,0,2,22
123,11,7,2025,4,0,6,22
124,11,8,2025,0,0,3,22
125,11,9,2025,1,2,2,22
126,11,10,2025,3,1,1,22
127,11,11,2025,1,2,4,22
128,11,12,2025,2,0,1,22
129,12,1,2025,0,0,1,22
130,12,2,2025,3,0,4,22
131,12,3,2025,4,0,3,22
132,12,4,2025,0,2,3,22
133,12,6,2025,1,0,2,22
134,12,7,2025,1,2,3,22
135,12,8,2025,0,0,4,22
136,12,9,2025,2,1,5,22
137,12,10,2025,3,2,3,22
138,12,11,2025,0,1,6,22
139,12,12,2025,0,1,5,22
140,13,1,2025,0,1,2,22
141,13,2,2025,1,1,2,22
142,13,3,2025,3,1,4,22
143,13,4,2025,1,3,2,22
144,13,5,2025,3,2,2,22
145,13,6,2025,2,1,2,22
146,13,7,2025,1,1,3,22
147,13,8,2025,2,2,6,22
148,13,9,2025,2,2,1,22
149,13,10,2025,2,0,5,22
150,13,11,2025,3,0,5,22
151,13,12,2025,1,2,3,22
152,14,1,2025,2,2,5,22
153,14,2,2025,2,1,3,22
154,14,3,2025,1,3,5,22
155,14,4,2025,4,3,1,22
156,14,5,2025,3,0,4,22
157,14,6,2025,2,3,7,22
158,14,7,2025,3,1,1,22
159,14,8,2025,3,2,0,22
160,14,9,2025,3,3,1,22
161,14,10,2025,7,1,2,22
162,14,11,2025,1,3,3,22
163,14,12,2025,4,0,1,22
164,15,1,2025,0,1,2,22
165,15,3,2025,1,0,6,22
166,15,4,2025,0,0,3,22
167,15,5,2025,0,2,2,22
168,15,6,2025,2,0,5,22
169,15,7,2025,2,0,3,22
170,15,9,2025,0,0,0,22
171,15,11,2025,3,2,3,22
172,15,12,2025,1,0,4,22
173,16,1,2025,3,2,6,22
174,16,2,2025,2,0,3,22
175,16,3,2025,2,2,7,22
176,16,4,2025,0,0,4,22
177,16,5,2025,2,0,1,22
178,16,6,2025,1,2,4,22
179,16,7,2025,0,0,3,22
180,16,8,2025,0,3,4,22
181,16,9,2025,1,1,2,22
182,16,10,2025,1,1,2,22
183,16,11,2025,0,0,3,22
184,16,12,2025,2,0,2,22
185,17,1,2025,1,1,5,22
186,17,2,2025,3,1,2,22
187,17,3,2025,3,0,5,22
188,17,4,2025,1,2,5,22
189,17,5,2025,0,0,4,22
190,17,6,2025,3,1,2,22
191,17,7,2025,1,1,0,22
192,17,8,2025,2,2,4,22
193,17,9,2025,2,0,3,22
194,17,10,2025,1,1,1,22
195,17,11,2025,2,2,2,22
196,17,12,2025,0,1,4,22
197,18,1,2025,1,0,2,22
198,18,2,2025,3,0,3,22
199,18,3,2025,1,4,2,22
200,18,4,2025,0,0,5,22
201,18,5,2025,2,2,2,22
202,18,6,2025,0,1,2,22
203,18,7,2025,1,1,3,22
204,18,8,2025,2,0,5,22
205,18,9,2025,2,1,4,22
206,18,10,2025,3,0,4,22
207,18,11,2025,1,1,4,22
208,18,12,2025,0,2,3,22
209,19,1,2025,5,3,5,22
210,19,2,2025,4,2,1,22
211,19,3,2025,1,2,4,22
212,19,4,2025,3,1,5,22
213,19,5,2025,3,2,2,22
214,19,6,2025,2,3,6,22
215,19,7,2025,4,1,3,22
216,19,8,2025,1,2,1,22
217,19,9,2025,3,4,7,22
218,19,10,2025,2,3,3,22
219,19,11,2025,7,0,2,22
220,19,12,2025,2,4,2,22
221,20,1,2025,0,4,2,22
222,20,2,2025,4,0,1,22
223,20,3,2025,1,2,4,22
224,20,4,2025,2,1,0,22
225,20,5,2025,0,1,2,22
226,20,6,2025,0,1,5,22
227,20,7,2025,2,0,8,22
228,20,8,2025,0,1,1,22
229,20,9,2025,2,1,7,22
230,20,10,2025,2,0,5,22
231,20,11,2025,2,1,2,22
232,20,12,2025,4,0,1,22
233,21,1,2025,1,1,4,22
234,21,3,2025,0,1,1,22
235,21,4,2025,1,3,5,22
236,21,6,2025,0,5,2,22
237,21,7,2025,1,1,2,22
238,21,9,2025,2,0,4,22
239,21,12,2025,1,0,3,22
240,22,1,2025,4,0,5,22
241,22,2,2025,4,1,0,22
242,22,3,2025,0,1,7,22
243,22,4,2025,1,0,2,22
244,22,5,2025,2,0,5,22
245,22,6,2025,2,1,3,22
246,22,7,2025,1,2,2,22
247,22,8,2025,4,0,1,22
248,22,9,2025,0,2,1,22
249,22,10,2025,2,1,5,22
250,22,11,2025,1,2,6,22
251,22,12,2025,0,3,4,22
252,23,1,2025,3,1,3,22
253,23,2,2025,5,0,2,22
254,23,3,2025,2,2,3,22
255,23,4,2025,0,1,3,22
256,23,5,2025,1,2,1,22
257,23,6,2025,3,2,5,22
258,23,7,2025,4,0,6,22
259,23,8,2025,2,2,2,22
260,23,9,2025,1,6,5,22
261,23,10,2025,4,0,5,22
262,23,11,2025,1,2,2,22
263,23,12,2025,4,1,1,22
264,24,1,2025,1,1,4,22
265,24,2,2025,2,1,2,22
266,24,3,2025,3,1,1,22
267,24,4,2025,2,1,4,22
268,24,5,2025,4,1,5,22
269,24,6,2025,2,2,2,22
270,24,7,2025,3,2,4,22
271,24,8,2025,6,2,3,22
272,24,9,2025,4,1,4,22
273,24,10,2025,2,1,2,22
274,24,11,2025,2,4,3,22
275,24,12,2025,2,0,4,22
276,25,1,2025,4,0,2,22
277,25,2,2025,0,2,3,22
278,25,3,2025,3,0,5,22
279,25,4,2025,1,2,4,22
280,25,5,2025,0,1,3,22
281,25,6,2025,2,0,8,22
282,25,7,2025,0,3,3,22
283,25,8,2025,2,0,2,22
284,25,9,2025,2,1,2,22
285,25,10,2025,1,0,2,22
286,25,11,2025,1,2,2,22
287,25,12,2025,0,2,4,22
288,26,1,2025,1,3,3,22
289,26,2,2025,1,6,2,22
290,26,3,2025,1,3,2,22
291,26,4,2025,2,0,4,22
292,26,5,2025,2,2,0,22
293,26,6,2025,3,1,3,22
294,26,7,2025,5,1,5,22
295,26,8,2025,1,0,5,22
296,26,9,2025,3,2,4,22
297,26,10,2025,1,0,1,22
298,26,11,2025,0,0,1,22
299,26,12,2025,1,0,9,22
300,27,1,2025,3,1,1,22
301,27,2,2025,3,1,3,22
302,27,3,2025,3,0,3,22
303,27,4,2025,3,1,2,22
304,27,5,2025,2,4,2,22
305,27,6,2025,3,3,1,22
306,27,7,2025,6,6,1,22
307,27,8,2025,2,0,4,22
308,27,9,2025,2,1,1,22
309,27,10,2025,2,1,5,22
310,27,11,2025,3,4,1,22
311,27,12,2025,4,2,4,22
312,28,1,2025,1,3,5,22
313,28,2,2025,2,1,2,22
314,28,3,2025,1,0,3,22
315,28,4,2025,2,1,7,22
316,28,5,2025,3,0,4,22
317,28,6,2025,0,1,4,22
318,28,7,2025,3,0,5,22
319,28,8,2025,1,0,0,22
320,28,9,2025,0,2,5,22
321,28,10,2025,2,1,5,22
322,28,11,2025,1,3,2,22
323,28,12,2025,0,0,2,22
324,29,1,2025,4,4,2,22
325,29,2,2025,3,2,3,22
326,29,3,2025,3,2,1,22
327,29,4,2025,1,1,8,22
328,29,5,2025,0,3,1,22
329,29,6,2025,2,1,2,22
330,29,7,2025,2,3,2,22
331,29,8,2025,1,2,3,22
332,29,9,2025,4,2,2,22
333,29,10,2025,3,1,1,22
334,29,11,2025,3,1,5,22
335,29,12,2025,3,1,4,22
336,30,1,2025,3,2,3,22
337,30,2,2025,3,3,6,22
338,30,3,2025,4,2,0,22
339,30,4,2025,3,5,2,22
340,30,5,2025,4,0,2,22
341,30,6,2025,4,2,4,22
342,30,7,2025,4,4,0,22
343,30,8,2025,1,1,2,22
344,30,9,2025,3,4,1,22
345,30,10,2025,2,1,2,22
346,30,11,2025,0,5,0,22
347,30,12,2025,2,0,3,22
348,31,1,2025,1,1,1,22
349,31,2,2025,2,1,2,22
350,31,3,2025,4,0,6,22
351,31,4,2025,1,0,3,22
352,31,5,2025,5,2,3,22
353,31,6,2025,0,0,6,22
354,31,7,2025,2,1,3,22
355,31,8,2025,1,1,3,22
356,31,9,2025,1,0,4,22
357,31,10,2025,0,0,3,22
358,31,11,2025,2,2,0,22
359,31,12,2025,1,1,2,22
360,32,1,2025,1,2,3,22
361,32,2,2025,5,1,4,22
362,32,3,2025,2,1,2,22
363,32,4,2025,1,2,5,22
364,32,5,2025,1,0,3,22
365,32,6,2025,2,2,5,22
366,32,7,2025,1,0,5,22
367,32,8,2025,2,1,7,22
368,32,9,2025,2,0,2,22
369,32,10,2025,2,0,3,22
370,32,11,2025,2,2,4,22
371,32,12,2025,1,1,2,22
372,33,1,2025,2,1,5,22
373,33,2,2025,5,3,2,22
374,33,3,2025,1,2,1,22
375,33,4,2025,3,1,2,22
376,33,5,2025,3,1,4,22
377,33,6,2025,2,3,4,22
378,33,8,2025,3,2,2,22
379,33,9,2025,2,2,0,22
380,33,10,2025,3,1,2,22
381,33,12,2025,2,5,0,22
382,34,1,2025,2,1,5,22
383,34,2,2025,4,1,2,22
384,34,3,2025,1,4,2,22
385,34,4,2025,4,0,2,22
386,34,8,2025,1,3,7,22
387,34,9,2025,3,2,4,22
388,34,11,2025,3,2,5,22
389,35,1,2025,0,1,3,22
390,35,2,2025,1,1,3,22
391,35,3,2025,2,1,3,22
392,35,4,2025,1,0,2,22
393,35,5,2025,2,0,8,22
394,35,6,2025,4,0,3,22
395,35,7,2025,2,0,2,22
396,35,8,2025,1,1,1,22
397,35,9,2025,2,0,0,22
398,35,10,2025,2,1,4,22
399,35,11,2025,3,1,1,22
400,35,12,2025,0,2,3,22
401,36,1,2025,0,0,4,22
402,36,2,2025,0,2,3,22
403,36,3,2025,3,0,3,22
404,36,5,2025,2,0,3,22
405,36,6,2025,1,1,1,22
406,36,7,2025,2,0,3,22
407,36,8,2025,1,0,2,22
408,36,10,2025,1,2,4,22
409,36,11,2025,1,0,3,22
410,37,1,2025,0,1,5,22
411,37,2,2025,1,0,0,22
412,37,3,2025,2,1,2,22
413,37,4,2025,0,0,4,22
414,37,5,2025,4,1,3,22
415,37,6,2025,2,2,2,22
416,37,7,2025,2,4,2,22
417,37,8,2025,1,2,7,22
418,37,9,2025,4,1,2,22
419,37,10,2025,0,0,2,22
420,37,11,2025,1,2,5,22
421,37,12,2025,3,2,3,22
422,38,1,2025,0,3,3,22
423,38,3,2025,5,5,6,22
424,38,4,2025,4,2,4,22
425,38,5,2025,3,3,2,22
426,38,6,2025,4,0,4,22
427,38,7,2025,0,3,3,22
428,38,8,2025,1,2,5,22
429,38,9,2025,3,4,0,22
430,38,10,2025,4,5,4,22
431,38,12,2025,3,1,2,22
432,39,1,2025,0,1,5,22
433,39,2,2025,1,1,5,22
434,39,3,2025,1,0,6,22
435,39,4,2025,1,2,4,22
436,39,5,2025,3,2,2,22
437,39,6,2025,1,1,1,22
438,39,7,2025,4,1,5,22
439,39,8,2025,2,0,7,22
440,39,9,2025,1,2,5,22
441,39,10,2025,2,0,5,22
442,39,11,2025,2,1,3,22
443,39,12,2025,1,0,5,22
444,40,1,2025,1,3,2,22
445,40,2,2025,1,2,4,22
446,40,3,2025,2,1,5,22
447,40,5,2025,2,2,5,22
448,40,7,2025,2,0,1,22
449,40,9,2025,1,2,0,22
450,40,10,2025,5,3,5,22
451,40,11,2025,3,0,3,22
452,40,12,2025,5,2,5,22
453,41,1,2025,0,0,7,22
454,41,2,2025,2,1,2,22
455,41,3,2025,1,0,5,22
456,41,4,2025,2,1,2,22
457,41,5,2025,0,0,3,22
458,41,6,2025,2,1,5,22
459,41,7,2025,2,1,1,22
460,41,8,2025,0,1,2,22
461,41,9,2025,0,0,2,22
462,41,10,2025,1,0,3,22
463,41,11,2025,1,1,5,22
464,41,12,2025,3,0,1,22
465,42,1,2025,0,0,2,22
466,42,2,2025,1,0,1,22
467,42,3,2025,5,2,1,22
468,42,4,2025,2,0,1,22
469,42,5,2025,0,0,2,22
470,42,6,2025,2,0,3,22
471,42,7,2025,1,2,2,22
472,42,8,2025,5,1,4,22
473,42,9,2025,1,0,2,22
474,42,10,2025,1,2,3,22
475,42,11,2025,3,0,3,22
476,42,12,2025,0,3,2,22
477,43,1,2025,4,1,4,22
478,43,2,2025,2,3,6,22
479,43,3,2025,2,2,4,22
480,43,4,2025,2,0,0,22
481,43,5,2025,4,0,2,22
482,43,6,2025,3,1,1,22
483,43,7,2025,0,2,3,22
484,43,8,2025,1,2,3,22
485,43,9,2025,4,4,4,22
486,43,10,2025,1,5,3,22
487,43,11,2025,1,3,5,22
488,43,12,2025,5,2,5,22
489,44,1,2025,2,0,4,22
490,44,2,2025,0,0,5,22
491,44,3,2025,0,3,4,22
492,44,4,2025,2,1,5,22
493,44,5,2025,4,0,5,22
494,44,6,2025,1,2,3,22
495,44,7,2025,0,0,5,22
496,44,8,2025,0,1,3,22
497,44,9,2025,1,2,5,22
498,44,10,2025,1,0,5,22
499,44,11,2025,2,2,5,22
500,44,12,2025,2,0,6,22
501,45,1,2025,0,0,3,22
502,45,2,2025,4,0,1,22
503,45,3,2025,0,2,4,22
504,45,4,2025,2,2,0,22
505,45,5,2025,3,0,3,22
506,45,6,2025,0,0,6,22
507,45,7,2025,1,0,3,22
508,45,8,2025,1,2,1,22
509,45,9,2025,1,2,1,22
510,45,10,2025,4,2,3,22
511,45,11,2025,2,1,5,22
512,45,12,2025,2,0,2,22
513,46,1,2025,2,1,5,22
514,46,2,2025,2,3,2,22
515,46,3,2025,2,1,2,22
516,46,4,2025,1,1,2,22
517,46,5,2025,1,1,3,22
518,46,6,2025,2,1,4,22
519,46,7,2025,1,5,0,22
520,46,8,2025,1,4,6,22
521,46,9,2025,2,0,3,22
522,46,10,2025,4,2,5,22
523,46,11,2025,1,1,1,22
524,46,12,2025,0,0,6,22
525,47,1,2025,1,1,1,22
526,47,2,2025,2,1,6,22
527,47,3,2025,0,1,5,22
528,47,4,2025,1,0,4,22
529,47,5,2025,3,3,3,22
530,47,6,2025,1,1,4,22
531,47,7,2025,0,0,5,22
532,47,8,2025,0,1,4,22
533,47,9,2025,2,1,3,22
534,47,10,2025,0,0,1,22
535,47,11,2025,0,0,2,22
536,47,12,2025,5,0,3,22
537,48,1,2025,3,0,4,22
538,48,2,2025,3,2,3,22
539,48,3,2025,1,1,4,22
540,48,4,2025,1,3,0,22
541,48,5,2025,1,2,7,22
542,48,6,2025,1,0,4,22
543,48,7,2025,0,5,2,22
544,48,8,2025,2,0,7,22
545,48,9,2025,1,0,4,22
546,48,10,2025,2,0,3,22
547,48,12,2025,1,3,2,22
548,49,1,2025,2,2,4,22
549,49,2,2025,0,2,1,22
550,49,3,2025,3,0,4,22
551,49,4,2025,4,3,8,22
552,49,5,2025,1,1,3,22
553,49,6,2025,1,0,0,22
554,49,7,2025,1,0,1,22
555,49,8,2025,3,1,0,22
556,49,9,2025,2,1,0,22
557,49,10,2025,3,2,2,22
558,49,11,2025,0,4,2,22
559,49,12,2025,0,1,3,22
560,50,1,2025,1,2,2,22
561,50,2,2025,0,2,2,22
562,50,3,2025,2,1,4,22
563,50,4,2025,1,2,3,22
564,50,5,2025,4,0,4,22
565,50,6,2025,4,2,2,22
566,50,7,2025,3,4,2,22
567,50,8,2025,2,6,4,22
568,50,9,2025,3,6,1,22
569,50,10,2025,1,1,6,22
570,50,11,2025,3,2,4,22
571,50,12,2025,4,1,2,22
572,51,1,2025,0,2,8,22
573,51,2,2025,2,2,2,22
574,51,3,2025,1,2,2,22
575,51,4,2025,2,0,6,22
576,51,5,2025,0,2,2,22
577,51,6,2025,0,1,2,22
578,51,7,2025,1,0,3,22
579,51,8,2025,0,3,3,22
580,51,9,2025,3,2,8,22
581,51,10,2025,2,3,2,22
582,51,11,2025,4,1,5,22
583,51,12,2025,1,0,5,22
584,52,1,2025,0,3,1,22
585,52,2,2025,0,0,1,22
586,52,3,2025,1,1,2,22
587,52,4,2025,0,2,3,22
588,52,5,2025,2,2,5,22
589,52,6,2025,1,0,3,22
590,52,7,2025,1,0,4,22
591,52,8,2025,1,1,6,22
592,52,9,2025,1,1,1,22
593,52,10,2025,2,1,1,22
594,52,11,2025,2,1,3,22
595,52,12,2025,0,0,2,22
596,53,1,2025,1,0,4,22
597,53,2,2025,6,1,2,22
598,53,3,2025,0,0,2,22
599,53,4,2025,1,1,5,22
600,53,5,2025,0,1,6,22
601,53,6,2025,1,1,2,22
602,53,7,2025,0,1,5,22
603,53,8,2025,0,0,0,22
604,53,9,2025,1,2,4,22
605,53,10,2025,3,0,4,22
606,53,11,2025,1,2,2,22
607,53,12,2025,1,0,3,22
608,54,1,2025,1,1,2,22
609,54,2,2025,1,1,0,22
610,54,3,2025,2,1,4,22
611,54,4,2025,1,1,3,22
612,54,5,2025,4,2,2,22
613,54,6,2025,3,1,3,22
614,54,7,2025,2,1,2,22
615,54,8,2025,0,1,3,22
616,54,9,2025,1,1,2,22
617,54,10,2025,1,1,6,22
618,54,11,2025,2,0,3,22
619,54,12,2025,4,2,5,22
620,55,1,2025,2,1,3,22
621,55,2,2025,1,0,4,22
622,55,3,2025,1,1,2,22
623,55,4,2025,3,2,0,22
624,55,5,2025,2,1,4,22
625,55,6,2025,1,0,0,22
626,55,7,2025,1,6,1,22
627,55,8,2025,2,1,2,22
628,55,9,2025,1,1,2,22
629,55,10,2025,0,1,5,22
630,55,11,2025,6,0,2,22
631,55,12,2025,0,0,0,22
632,56,1,2025,2,0,2,22
633,56,2,2025,2,0,3,22
634,56,3,2025,1,0,2,22
635,56,4,2025,1,0,3,22
636,56,5,2025,0,2,1,22
637,56,6,2025,0,1,1,22
638,56,7,2025,1,0,0,22
639,56,8,2025,2,0,1,22
640,56,9,2025,2,2,3,22
641,56,10,2025,2,0,5,22
642,56,11,2025,0,0,3,22
643,56,12,2025,1,2,1,22
644,57,2,2025,1,3,2,22
645,57,3,2025,2,3,1,22
646,57,4,2025,3,1,4,22
647,57,5,2025,4,1,5,22
648,57,6,2025,2,3,4,22
649,57,8,2025,2,1,4,22
650,57,9,2025,3,0,8,22
651,57,10,2025,3,1,4,22
652,57,11,2025,3,4,2,22
653,57,12,2025,3,6,2,22
654,58,1,2025,2,1,3,22
655,58,2,2025,4,2,5,22
656,58,3,2025,2,2,3,22
657,58,4,2025,2,0,2,22
658,58,5,2025,0,2,4,22
659,58,6,2025,0,4,1,22
660,58,7,2025,0,2,2,22
661,58,8,2025,3,2,2,22
662,58,9,2025,0,0,2,22
663,58,10,2025,0,2,3,22
664,58,11,2025,1,0,4,22
665,58,12,2025,0,1,3,22
666,59,1,2025,3,0,4,22
667,59,2,2025,0,1,4,22
668,59,3,2025,2,2,4,22
669,59,4,2025,2,1,4,22
670,59,5,2025,1,0,5,22
671,59,6,2025,0,0,3,22
672,59,7,2025,3,0,6,22
673,59,8,2025,2,3,5,22
674,59,9,2025,0,2,2,22
675,59,10,2025,2,1,5,22
676,59,11,2025,0,0,0,22
677,59,12,2025,3,0,3,22
678,60,1,2025,2,0,1,22
679,60,2,2025,2,1,2,22
680,60,3,2025,0,0,2,22
681,60,4,2025,8,1,5,22
682,60,5,2025,3,3,3,22
683,60,6,2025,3,1,5,22
684,60,7,2025,3,1,3,22
685,60,8,2025,4,3,4,22
686,60,9,2025,6,0,5,22
687,60,10,2025,3,2,2,22
688,60,11,2025,1,2,1,22
689,60,12,2025,2,1,6,22
690,61,1,2025,2,0,0,22
691,61,2,2025,1,2,2,22
692,61,3,2025,4,2,4,22
693,61,4,2025,3,3,4,22
694,61,5,2025,1,4,4,22
695,61,6,2025,2,0,1,22
696,61,7,2025,0,0,3,22
697,61,8,2025,3,1,1,22
698,61,9,2025,0,1,1,22
699,61,10,2025,0,2,1,22
700,61,11,2025,3,1,4,22
701,61,12,2025,1,0,1,22
702,62,1,2025,1,0,3,22
703,62,2,2025,1,1,2,22
704,62,3,2025,5,2,2,22
705,62,4,2025,1,1,5,22
706,62,5,2025,2,0,6,22
707,62,6,2025,2,0,8,22
708,62,7,2025,1,0,5,22
709,62,8,2025,0,0,2,22
710,62,9,2025,3,0,3,22
711,62,10,2025,4,1,3,22
712,62,11,2025,1,1,4,22
713,62,12,2025,1,1,0,22
714,63,1,2025,1,0,3,22
715,63,3,2025,1,0,1,22
716,63,4,2025,2,0,2,22
717,63,5,2025,1,1,8,22
718,63,6,2025,1,3,4,22
719,63,8,2025,2,0,4,22
720,63,9,2025,0,0,4,22
721,63,12,2025,1,2,1,22
722,64,1,2025,1,1,3,22
723,64,2,2025,0,0,5,22
724,64,3,2025,5,0,3,22
725,64,4,2025,0,1,0,22
726,64,5,2025,1,0,3,22
727,64,6,2025,2,1,1,22
728,64,7,2025,1,2,3,22
729,64,8,2025,1,0,2,22
730,64,9,2025,2,1,3,22
731,64,10,2025,1,1,1,22
732,64,11,2025,1,0,4,22
733,64,12,2025,1,1,6,22
734,65,1,2025,6,4,0,22
735,65,2,2025,0,1,2,22
736,65,4,2025,2,1,5,22
737,65,6,2025,2,2,4,22
738,65,7,2025,1,2,1,22
739,65,8,2025,4,3,4,22
740,65,10,2025,1,2,1,22
741,65,12,2025,0,0,6,22
742,66,1,2025,2,1,2,22
743,66,2,2025,1,0,4,22
744,66,3,2025,3,1,0,22
745,66,4,2025,2,0,3,22
746,66,5,2025,3,0,3,22
747,66,6,2025,1,0,7,22
748,66,7,2025,0,0,2,22
749,66,8,2025,1,1,2,22
750,66,9,2025,2,1,6,22
751,66,10,2025,2,0,3,22
752,66,11,2025,2,0,2,22
753,66,12,2025,3,0,3,22
754,67,1,2025,1,3,1,22
755,67,2,2025,1,2,4,22
756,67,3,2025,2,1,7,22
757,67,4,2025,1,1,1,22
758,67,5,2025,2,3,2,22
759,67,6,2025,2,0,7,22
760,67,7,2025,1,1,4,22
761,67,8,2025,2,0,5,22
762,67,9,2025,2,0,7,22
763,67,10,2025,3,1,3,22
764,67,11,2025,2,0,3,22
765,67,12,2025,3,4,7,22
766,68,2,2025,1,1,3,22
767,68,3,2025,3,0,4,22
768,68,4,2025,0,1,2,22
769,68,5,2025,3,2,2,22
770,68,6,2025,1,2,1,22
771,68,7,2025,0,4,0,22
772,68,8,2025,4,1,2,22
773,68,12,2025,1,1,2,22
774,69,1,2025,0,0,4,22
775,69,2,2025,5,1,5,22
776,69,3,2025,1,0,4,22
777,69,4,2025,1,1,4,22
778,69,5,2025,0,0,1,22
779,69,6,2025,1,0,7,22
780,69,7,2025,1,0,0,22
781,69,8,2025,0,1,2,22
782,69,9,2025,2,0,2,22
783,69,10,2025,1,0,5,22
784,69,11,2025,0,1,1,22
785,69,12,2025,0,5,4,22
786,70,1,2025,2,2,5,22
787,70,7,2025,5,0,4,22
788,70,9,2025,1,1,1,22
789,70,10,2025,1,1,2,22
790,70,11,2025,1,0,2,22
791,71,1,2025,1,2,6,22
792,71,2,2025,2,0,2,22
793,71,3,2025,3,1,3,22
794,71,4,2025,2,1,5,22
795,71,5,2025,0,1,4,22
796,71,6,2025,3,0,5,22
797,71,7,2025,0,0,3,22
798,71,8,2025,1,0,2,22
799,71,9,2025,0,3,4,22
800,71,10,2025,3,3,5,22
801,71,11,2025,3,0,8,22
802,71,12,2025,2,2,3,22
803,72,1,2025,0,0,7,22
804,72,2,2025,2,3,4,22
805,72,3,2025,2,1,3,22
806,72,4,2025,2,1,4,22
807,72,5,2025,1,0,5,22
808,72,6,2025,1,2,5,22
809,72,7,2025,1,2,5,22
810,72,8,2025,1,1,2,22
811,72,9,2025,3,0,4,22
812,72,10,2025,2,1,5,22
813,72,11,2025,1,2,3,22
814,72,12,2025,0,1,5,22
815,73,1,2025,2,0,3,22
816,73,2,2025,3,2,1,22
817,73,3,2025,1,0,2,22
818,73,4,2025,3,0,2,22
819,73,5,2025,1,4,2,22
820,73,6,2025,2,0,0,22
821,73,7,2025,3,1,4,22
822,73,8,2025,3,7,2,22
823,73,9,2025,3,2,2,22
824,73,10,2025,2,1,7,22
825,73,11,2025,4,3,4,22
826,73,12,2025,0,3,4,22
827,74,1,2025,3,1,4,22
828,74,2,2025,0,0,4,22
829,74,3,2025,3,3,2,22
830,74,5,2025,0,2,4,22
831,74,7,2025,1,2,4,22
832,74,8,2025,2,0,3,22
833,74,9,2025,1,0,6,22
834,74,10,2025,2,0,2,22
835,74,11,2025,1,0,2,22
836,74,12,2025,2,2,4,22
837,75,1,2025,1,4,8,22
838,75,2,2025,0,0,1,22
839,75,3,2025,2,0,1,22
840,75,4,2025,1,1,4,22
841,75,5,2025,2,0,0,22
842,75,6,2025,0,3,3,22
843,75,7,2025,2,2,5,22
844,75,8,2025,0,2,3,22
845,75,9,2025,1,1,4,22
846,75,10,2025,3,1,3,22
847,75,11,2025,0,1,3,22
848,75,12,2025,1,0,2,22
849,76,1,2025,0,1,7,22
850,76,2,2025,5,0,8,22
851,76,3,2025,1,0,3,22
852,76,4,2025,1,2,6,22
853,76,5,2025,2,0,5,22
854,76,6,2025,1,1,3,22
855,76,7,2025,2,0,7,22
856,76,8,2025,3,1,4,22
857,76,9,2025,2,0,5,22
858,76,10,2025,1,1,2,22
859,76,11,2025,0,0,6,22
860,76,12,2025,2,1,5,22
861,77,1,2025,2,0,2,22
862,77,2,2025,0,0,4,22
863,77,3,2025,2,1,2,22
864,77,4,2025,1,2,0,22
865,77,5,2025,0,2,6,22
866,77,6,2025,1,1,4,22
867,77,7,2025,2,0,2,22
868,77,8,2025,0,0,6,22
869,77,9,2025,1,1,6,22
870,77,10,2025,2,0,6,22
871,77,11,2025,3,1,1,22
872,77,12,2025,0,1,3,22
873,78,1,2025,3,6,2,22
874,78,2,2025,3,2,8,22
875,78,3,2025,6,1,2,22
876,78,4,2025,2,1,6,22
877,78,5,2025,2,1,4,22
878,78,6,2025,1,5,1,22
879,78,7,2025,4,2,1,22
880,78,8,2025,1,3,0,22
881,78,9,2025,3,1,3,22
882,78,10,2025,4,1,2,22
883,78,11,2025,1,0,5,22
884,78,12,2025,3,3,2,22
885,79,1,2025,2,3,1,22
886,79,2,2025,0,2,2,22
887,79,3,2025,0,0,8,22
888,79,4,2025,3,0,2,22
889,79,5,2025,1,1,7,22
890,79,6,2025,3,0,2,22
891,79,7,2025,2,0,5,22
892,79,8,2025,1,1,2,22
893,79,9,2025,4,1,4,22
894,79,10,2025,2,0,0,22
895,79,11,2025,2,0,5,22
896,79,12,2025,1,2,2,22
897,80,1,2025,1,1,2,22
898,80,2,2025,1,0,4,22
899,80,3,2025,0,0,1,22
900,80,4,2025,2,1,2,22
901,80,5,2025,1,1,5,22
902,80,6,2025,3,0,3,22
903,80,7,2025,1,1,4,22
904,80,9,2025,1,0,0,22
905,80,10,2025,1,0,2,22
906,80,12,2025,1,0,4,22
907,81,1,2025,2,2,2,22
908,81,2,2025,1,4,2,22
909,81,3,2025,2,0,4,22
910,81,4,2025,1,1,2,22
911,81,5,2025,1,0,4,22
912,81,6,2025,0,0,2,22
913,81,7,2025,0,0,2,22
914,81,8,2025,0,1,2,22
915,81,9,2025,1,0,2,22
916,81,10,2025,0,2,1,22
917,81,11,2025,1,1,0,22
918,81,12,2025,1,2,3,22
919,82,1,2025,2,1,3,22
920,82,2,2025,2,1,4,22
921,82,3,2025,2,2,4,22
922,82,4,2025,2,3,1,22
923,82,5,2025,5,1,2,22
924,82,6,2025,6,1,5,22
925,82,7,2025,8,2,4,22
926,82,8,2025,0,4,1,22
927,82,9,2025,5,3,2,22
928,82,10,2025,4,1,5,22
929,82,11,2025,5,4,2,22
930,82,12,2025,0,1,3,22
931,83,1,2025,1,1,6,22
932,83,2,2025,0,2,3,22
933,83,4,2025,1,2,3,22
934,83,5,2025,4,0,1,22
935,83,9,2025,8,1,5,22
936,83,10,2025,0,1,1,22
937,83,11,2025,2,0,3,22
938,83,12,2025,3,0,3,22
939,84,1,2025,3,1,2,22
940,84,2,2025,1,3,1,22
941,84,3,2025,2,2,0,22
942,84,4,2025,2,0,2,22
943,84,5,2025,0,2,2,22
944,84,6,2025,1,0,5,22
945,84,7,2025,0,1,3,22
946,84,8,2025,2,0,4,22
947,84,9,2025,0,0,7,22
948,84,10,2025,4,0,3,22
949,84,11,2025,4,0,2,22
950,84,12,2025,0,0,1,22
951,85,1,2025,1,0,3,22
952,85,2,2025,0,1,2,22
953,85,3,2025,1,0,3,22
954,85,4,2025,1,1,4,22
955,85,5,2025,0,0,3,22
956,85,6,2025,0,0,5,22
957,85,7,2025,0,3,2,22
958,85,8,2025,1,1,3,22
959,85,9,2025,1,2,0,22
960,85,10,2025,3,1,3,22
961,85,11,2025,2,1,3,22
962,85,12,2025,1,1,2,22
963,86,1,2025,0,2,0,22
964,86,2,2025,0,3,3,22
965,86,3,2025,1,1,6,22
966,86,4,2025,3,1,1,22
967,86,5,2025,1,0,5,22
968,86,6,2025,3,0,6,22
969,86,7,2025,1,1,1,22
970,86,8,2025,0,4,2,22
971,86,9,2025,1,2,2,22
972,86,10,2025,3,2,3,22
973,86,11,2025,1,1,2,22
974,86,12,2025,1,2,7,22
975,87,1,2025,1,1,5,22
976,87,2,2025,2,3,5,22
977,87,3,2025,6,3,2,22
978,87,4,2025,4,1,1,22
979,87,5,2025,1,0,4,22
980,87,6,2025,3,1,0,22
981,87,7,2025,1,3,3,22
982,87,8,2025,1,3,0,22
983,87,9,2025,1,2,2,22
984,87,10,2025,3,0,1,22
985,87,11,2025,3,3,3,22
986,87,12,2025,0,1,3,22
987,88,1,2025,2,2,3,22
988,88,2,2025,1,2,2,22
989,88,3,2025,3,0,1,22
990,88,7,2025,3,1,7,22
991,88,8,2025,2,1,2,22
992,88,11,2025,1,0,2,22
993,88,12,2025,1,0,5,22
994,89,1,2025,3,1,1,22
995,89,2,2025,2,0,2,22
996,89,3,2025,2,1,1,22
997,89,4,2025,2,1,0,22
998,89,5,2025,3,1,4,22
999,89,6,2025,2,0,3,22
1000,89,7,2025,0,2,3,22
1001,89,8,2025,1,0,3,22
1002,89,9,2025,1,0,3,22
1003,89,10,2025,1,1,4,22
1004,89,11,2025,2,2,1,22
1005,89,12,2025,1,0,1,22
1006,90,1,2025,7,0,1,22
1007,90,2,2025,5,2,3,22
1008,90,3,2025,3,2,3,22
1009,90,4,2025,1,1,2,22
1010,90,5,2025,5,1,0,22
1011,90,6,2025,0,4,2,22
1012,90,7,2025,2,4,2,22
1013,90,8,2025,1,4,1,22
1014,90,9,2025,3,3,8,22
1015,90,10,2025,3,0,3,22
1016,90,11,2025,5,0,2,22
1017,90,12,2025,4,2,6,22
1018,91,1,2025,0,1,2,22
1019,91,2,2025,4,2,2,22
1020,91,3,2025,2,3,0,22
1021,91,4,2025,1,3,6,22
1022,91,5,2025,4,2,5,22
1023,91,6,2025,0,4,8,22
1024,91,7,2025,5,2,1,22
1025,91,8,2025,0,2,0,22
1026,91,9,2025,2,1,2,22
1027,91,10,2025,2,3,2,22
1028,91,11,2025,3,2,5,22
1029,91,12,2025,6,0,4,22
1030,92,1,2025,1,2,3,22
1031,92,3,2025,1,3,4,22
1032,92,5,2025,4,1,1,22
1033,92,6,2025,0,1,4,22
1034,92,8,2025,2,0,5,22
1035,92,9,2025,3,0,1,22
1036,92,11,2025,2,1,4,22
1037,92,12,2025,1,3,4,22
1038,93,1,2025,2,0,7,22
1039,93,2,2025,0,0,0,22
1040,93,3,2025,0,0,4,22
1041,93,4,2025,0,1,3,22
1042,93,5,2025,3,1,2,22
1043,93,6,2025,0,0,5,22
1044,93,7,2025,0,1,2,22
1045,93,8,2025,1,1,3,22
1046,93,9,2025,3,2,3,22
1047,93,10,2025,3,4,1,22
1048,93,11,2025,2,0,4,22
1049,93,12,2025,1,1,7,22
1050,94,1,2025,1,0,3,22
1051,94,2,2025,1,0,2,22
1052,94,3,2025,2,1,5,22
1053,94,4,2025,2,1,5,22
1054,94,5,2025,1,0,4,22
1055,94,6,2025,3,1,2,22
1056,94,7,2025,1,0,1,22
1057,94,8,2025,0,1,2,22
1058,94,9,2025,4,1,2,22
1059,94,10,2025,1,0,2,22
1060,94,11,2025,2,1,6,22
1061,94,12,2025,1,1,1,22
1062,95,1,2025,4,1,3,22
1063,95,2,2025,1,1,3,22
1064,95,3,2025,0,0,4,22
1065,95,4,2025,1,0,4,22
1066,95,5,2025,1,0,3,22
1067,95,6,2025,1,3,3,22
1068,95,7,2025,1,2,3,22
1069,95,8,2025,1,0,2,22
1070,95,9,2025,0,3,2,22
1071,95,10,2025,2,2,1,22
1072,95,11,2025,2,1,4,22
1073,95,12,2025,0,0,3,22
1074,96,1,2025,0,3,2,22
1075,96,2,2025,1,1,2,22
1076,96,4,2025,1,2,4,22
1077,96,5,2025,2,0,2,22
1078,96,6,2025,1,0,0,22
1079,96,7,2025,6,3,0,22
1080,96,8,2025,1,2,3,22
1081,96,9,2025,1,1,7,22
1082,97,1,2025,0,3,3,22
1083,97,2,2025,2,1,6,22
1084,97,3,2025,1,1,2,22
1085,97,4,2025,3,1,5,22
1086,97,5,2025,3,7,3,22
1087,97,6,2025,5,1,1,22
1088,97,7,2025,0,3,3,22
1089,97,8,2025,4,3,6,22
1090,97,9,2025,1,5,2,22
1091,97,10,2025,1,1,0,22
1092,97,11,2025,0,2,2,22
1093,97,12,2025,4,4,4,22
1094,98,1,2025,1,1,4,22
1095,98,2,2025,1,1,2,22
1096,98,3,2025,1,0,3,22
1097,98,4,2025,1,1,3,22
1098,98,5,2025,4,3,3,22
1099,98,6,2025,1,4,4,22
1100,98,7,2025,0,0,5,22
1101,98,8,2025,2,1,3,22
1102,98,9,2025,2,0,5,22
1103,98,10,2025,1,0,1,22
1104,98,11,2025,0,1,3,22
1105,98,12,2025,5,0,1,22
1106,99,1,2025,2,0,2,22
1107,99,2,2025,3,0,5,22
1108,99,3,2025,0,1,3,22
1109,99,4,2025,1,3,3,22
1110,99,5,2025,3,0,4,22
1111,99,6,2025,1,1,1,22
1112,99,7,2025,1,2,2,22
1113,99,8,2025,0,0,3,22
1114,99,9,2025,2,1,3,22
1115,99,10,2025,2,0,3,22
1116,99,11,2025,2,0,7,22
1117,99,12,2025,1,4,9,22
1118,100,1,2025,2,5,6,22
1119,100,2,2025,1,2,1,22
1120,100,3,2025,3,3,3,22
1121,100,4,2025,6,3,1,22
1122,100,5,2025,2,2,4,22
1123,100,6,2025,2,0,2,22
1124,100,7,2025,2,3,3,22
1125,100,8,2025,2,2,2,22
1126,100,9,2025,6,2,3,22
1127,100,10,2025,1,3,4,22
1128,100,11,2025,4,1,4,22
1129,100,12,2025,6,3,4,22
1130,101,1,2025,2,2,2,22
1131,101,2,2025,3,1,1,22
1132,101,3,2025,3,4,4,22
1133,101,4,2025,1,2,4,22
1134,101,7,2025,2,3,4,22
1135,101,8,2025,1,0,2,22
1136,101,9,2025,2,1,6,22
1137,101,10,2025,2,0,1,22
1138,101,11,2025,2,1,4,22
1139,102,1,2025,2,0,2,22
1140,102,2,2025,1,2,4,22
1141,102,3,2025,1,1,4,22
1142,102,4,2025,2,3,2,22
1143,102,5,2025,1,0,2,22
1144,102,6,2025,3,0,3,22
1145,102,7,2025,1,2,2,22
1146,102,8,2025,2,2,3,22
1147,102,9,2025,1,4,2,22
1148,102,10,2025,4,3,1,22
1149,102,11,2025,1,1,1,22
1150,102,12,2025,0,1,0,22
1151,103,1,2025,3,1,3,22
1152,103,2,2025,3,2,5,22
1153,103,3,2025,4,2,2,22
1154,103,4,2025,3,0,2,22
1155,103,5,2025,3,0,2,22
1156,103,6,2025,3,3,2,22
1157,103,7,2025,0,0,3,22
1158,103,8,2025,4,1,6,22
1159,103,9,2025,2,2,5,22
1160,103,10,2025,2,4,6,22
1161,103,11,2025,2,0,2,22
1162,103,12,2025,0,3,3,22
1163,104,1,2025,2,1,1,22
1164,104,2,2025,4,1,5,22
1165,104,3,2025,1,0,1,22
1166,104,4,2025,2,3,5,22
1167,104,5,2025,0,1,3,22
1168,104,6,2025,3,0,2,22
1169,104,7,2025,3,2,5,22
1170,104,8,2025,0,2,3,22
1171,104,9,2025,1,2,2,22
1172,104,10,2025,1,0,6,22
1173,104,11,2025,3,1,2,22
1174,104,12,2025,1,1,4,22
1175,105,1,2025,0,1,3,22
1176,105,2,2025,2,1,6,22
1177,105,3,2025,0,2,3,22
1178,105,4,2025,2,0,1,22
1179,105,5,2025,3,0,4,22
1180,105,6,2025,0,2,3,22
1181,105,7,2025,1,1,1,22
1182,105,8,2025,1,1,2,22
1183,105,9,2025,3,1,2,22
1184,105,10,2025,3,2,3,22
1185,105,11,2025,3,1,2,22
1186,105,12,2025,1,1,5,22
1187,106,1,2025,3,0,4,22
1188,106,2,2025,1,1,4,22
1189,106,3,2025,0,1,2,22
1190,106,4,2025,1,0,5,22
1191,106,5,2025,1,1,8,22
1192,106,6,2025,3,1,3,22
1193,106,7,2025,3,3,4,22
1194,106,8,2025,1,1,4,22
1195,106,9,2025,1,0,2,22
1196,106,10,2025,1,1,3,22
1197,106,11,2025,1,1,3,22
1198,106,12,2025,3,0,4,22
1199,107,1,2025,2,5,2,22
1200,107,2,2025,2,2,1,22
1201,107,3,2025,1,1,4,22
1202,107,4,2025,2,0,3,22
1203,107,5,2025,3,0,4,22
1204,107,6,2025,2,0,6,22
1205,107,7,2025,0,2,1,22
1206,107,8,2025,0,4,3,22
1207,107,9,2025,3,2,1,22
1208,107,10,2025,2,0,1,22
1209,107,11,2025,0,2,1,22
1210,107,12,2025,0,0,3,22
1211,108,1,2025,4,1,4,22
1212,108,2,2025,0,0,3,22
1213,108,3,2025,2,0,2,22
1214,108,4,2025,2,1,2,22
1215,108,5,2025,1,1,5,22
1216,108,6,2025,1,3,3,22
1217,108,7,2025,2,0,3,22
1218,108,8,2025,3,0,3,22
1219,108,9,2025,0,1,4,22
1220,108,10,2025,1,2,2,22
1221,108,11,2025,0,0,2,22
1222,108,12,2025,0,0,3,22
1223,109,1,2025,3,2,3,22
1224,109,2,2025,1,1,4,22
1225,109,3,2025,0,2,3,22
1226,109,4,2025,1,0,5,22
1227,109,5,2025,3,2,3,22
1228,109,6,2025,1,2,4,22
1229,109,7,2025,1,0,2,22
1230,109,8,2025,1,0,0,22
1231,109,9,2025,1,1,2,22
1232,109,10,2025,1,1,4,22
1233,109,11,2025,2,0,2,22
1234,109,12,2025,3,2,4,22
1235,110,1,2025,3,4,5,22
1236,110,2,2025,4,0,4,22
1237,110,3,2025,2,2,2,22
1238,110,4,2025,1,0,0,22
1239,110,5,2025,2,2,3,22
1240,110,6,2025,5,1,5,22
1241,110,7,2025,5,3,10,22
1242,110,8,2025,5,1,2,22
1243,110,9,2025,0,3,3,22
1244,110,10,2025,3,0,7,22
1245,110,11,2025,2,0,1,22
1246,110,12,2025,4,0,5,22
1247,111,1,2025,1,0,3,22
1248,111,2,2025,0,2,1,22
1249,111,3,2025,1,1,1,22
1250,111,4,2025,2,1,4,22
1251,111,5,2025,1,4,2,22
1252,111,6,2025,0,0,5,22
1253,111,7,2025,2,3,6,22
1254,111,8,2025,4,0,4,22
1255,111,9,2025,1,0,3,22
1256,111,10,2025,1,0,2,22
1257,111,11,2025,2,0,2,22
1258,111,12,2025,2,1,2,22
1259,112,1,2025,1,1,5,22
1260,112,2,2025,3,1,3,22
1261,112,3,2025,2,1,1,22
1262,112,4,2025,5,0,3,22
1263,112,5,2025,3,2,3,22
1264,112,6,2025,1,1,2,22
1265,112,7,2025,1,0,7,22
1266,112,8,2025,1,0,2,22
1267,112,9,2025,3,1,1,22
1268,112,10,2025,0,0,1,22
1269,112,11,2025,1,2,1,22
1270,112,12,2025,1,1,1,22
1271,113,1,2025,0,2,4,22
1272,113,2,2025,2,2,4,22
1273,113,3,2025,2,4,2,22
1274,113,4,2025,1,2,1,22
1275,113,5,2025,4,0,1,22
1276,113,6,2025,1,1,2,22
1277,113,7,2025,3,4,2,22
1278,113,8,2025,3,1,3,22
1279,113,9,2025,2,0,2,22
1280,113,10,2025,3,1,2,22
1281,113,11,2025,1,0,0,22
1282,113,12,2025,2,0,2,22
1283,114,1,2025,5,0,1,22
1284,114,2,2025,2,2,3,22
1285,114,3,2025,3,5,0,22
1286,114,4,2025,2,1,3,22
1287,114,5,2025,5,0,2,22
1288,114,6,2025,1,0,5,22
1289,114,7,2025,3,1,2,22
1290,114,8,2025,3,2,3,22
1291,114,9,2025,1,1,2,22
1292,114,10,2025,1,1,5,22
1293,114,11,2025,1,1,2,22
1294,114,12,2025,3,1,3,22
1295,115,1,2025,2,2,3,22
1296,115,2,2025,1,0,0,22
1297,115,3,2025,1,0,4,22
1298,115,4,2025,3,0,3,22
1299,115,5,2025,1,1,4,22
1300,115,6,2025,2,4,2,22
1301,115,7,2025,1,0,2,22
1302,115,8,2025,0,1,5,22
1303,115,9,2025,0,2,4,22
1304,115,10,2025,2,0,4,22
1305,115,11,2025,1,2,1,22
1306,115,12,2025,3,1,0,22
1307,116,1,2025,2,3,3,22
1308,116,2,2025,2,2,2,22
1309,116,3,2025,1,2,4,22
1310,116,4,2025,2,4,3,22
1311,116,5,2025,4,4,7,22
1312,116,6,2025,4,3,2,22
1313,116,7,2025,3,1,3,22
1314,116,8,2025,2,0,2,22
1315,116,9,2025,3,0,3,22
1316,116,10,2025,6,1,3,22
1317,116,11,2025,3,0,2,22
1318,116,12,2025,2,2,3,22
1319,117,1,2025,2,2,3,22
1320,117,2,2025,1,2,2,22
1321,117,3,2025,2,0,5,22
1322,117,4,2025,4,0,5,22
1323,117,5,2025,1,0,2,22
1324,117,6,2025,1,1,1,22
1325,117,7,2025,1,0,2,22
1326,117,8,2025,1,1,4,22
1327,117,9,2025,2,1,3,22
1328,117,10,2025,3,0,1,22
1329,117,11,2025,2,0,3,22
1330,117,12,2025,2,0,0,22
1331,118,1,2025,3,2,1,22
1332,118,2,2025,0,2,6,22
1333,118,3,2025,0,0,4,22
1334,118,4,2025,1,1,1,22
1335,118,7,2025,1,1,3,22
1336,118,8,2025,0,2,3,22
1337,118,9,2025,1,2,5,22
1338,118,10,2025,3,1,3,22
1339,119,1,2025,2,0,0,22
1340,119,2,2025,0,0,3,22
1341,119,3,2025,3,1,1,22
1342,119,4,2025,3,1,2,22
1343,119,5,2025,0,2,4,22
1344,119,6,2025,0,2,6,22
1345,119,7,2025,0,0,4,22
1346,119,8,2025,2,0,5,22
1347,119,9,2025,0,0,5,22
1348,119,10,2025,2,0,4,22
1349,119,11,2025,4,1,1,22
1350,119,12,2025,1,1,2,22
1351,120,1,2025,2,0,4,22
1352,120,2,2025,1,1,4,22
1353,120,3,2025,0,0,5,22
1354,120,4,2025,0,1,7,22
1355,120,5,2025,0,1,3,22
1356,120,6,2025,0,0,2,22
1357,120,7,2025,2,0,3,22
1358,120,8,2025,0,1,4,22
1359,120,9,2025,1,1,3,22
1360,120,10,2025,0,0,4,22
1361,120,11,2025,0,1,3,22
1362,120,12,2025,1,1,3,22
1363,121,1,2025,0,1,1,22
1364,121,2,2025,0,2,3,22
1365,121,3,2025,0,3,1,22
1366,121,4,2025,3,0,2,22
1367,121,5,2025,1,1,7,22
1368,121,6,2025,1,0,6,22
1369,121,7,2025,2,0,0,22
1370,121,8,2025,1,1,3,22
1371,121,9,2025,0,0,3,22
1372,121,10,2025,1,3,0,22
1373,121,11,2025,1,1,4,22
1374,121,12,2025,2,0,3,22
1375,122,1,2025,1,0,1,22
1376,122,2,2025,2,3,3,22
1377,122,3,2025,0,0,4,22
1378,122,4,2025,1,1,2,22
1379,122,6,2025,4,0,2,22
1380,122,11,2025,2,2,3,22
1381,122,12,2025,4,3,5,22
1382,123,2,2025,0,3,1,22
1383,123,6,2025,6,3,1,22
1384,123,7,2025,3,3,3,22
1385,123,8,2025,3,3,4,22
1386,123,9,2025,2,1,4,22
1387,123,12,2025,2,7,3,22
1388,124,1,2025,3,0,8,22
1389,124,2,2025,2,4,2,22
1390,124,3,2025,0,3,1,22
1391,124,4,2025,2,0,3,22
1392,124,5,2025,2,1,2,22
1393,124,6,2025,1,1,1,22
1394,124,7,2025,4,2,2,22
1395,124,8,2025,0,1,5,22
1396,124,9,2025,2,0,4,22
1397,124,10,2025,3,0,0,22
1398,124,11,2025,3,2,0,22
1399,124,12,2025,3,2,2,22
1400,125,1,2025,1,3,4,22
1401,125,2,2025,1,0,5,22
1402,125,3,2025,1,1,6,22
1403,125,4,2025,1,0,1,22
1404,125,5,2025,1,2,8,22
1405,125,6,2025,1,2,2,22
1406,125,7,2025,3,1,6,22
1407,125,8,2025,2,0,5,22
1408,125,9,2025,5,1,2,22
1409,125,10,2025,1,0,2,22
1410,125,11,2025,0,1,0,22
1411,125,12,2025,3,0,4,22
1412,126,1,2025,5,1,2,22
1413,126,2,2025,1,0,1,22
1414,126,3,2025,5,0,2,22
1415,126,4,2025,2,0,5,22
1416,126,5,2025,1,2,1,22
1417,126,6,2025,0,3,2,22
1418,126,7,2025,2,3,4,22
1419,126,8,2025,3,2,4,22
1420,126,9,2025,1,1,6,22
1421,126,10,2025,2,2,3,22
1422,126,11,2025,3,2,2,22
1423,126,12,2025,1,0,4,22
1424,127,1,2025,2,0,2,22
1425,127,2,2025,2,1,2,22
1426,127,3,2025,0,2,3,22
1427,127,4,2025,2,0,5,22
1428,127,5,2025,5,1,7,22
1429,127,6,2025,2,1,3,22
1430,127,7,2025,0,1,1,22
1431,127,8,2025,1,0,2,22
1432,127,9,2025,2,0,2,22
1433,127,10,2025,0,1,3,22
1434,127,11,2025,1,1,7,22
1435,127,12,2025,0,1,3,22
1436,128,1,2025,1,2,3,22
1437,128,4,2025,1,0,2,22
1438,128,5,2025,1,1,3,22
1439,128,6,2025,2,0,3,22
1440,128,7,2025,3,0,4,22
1441,128,8,2025,3,0,3,22
1442,128,11,2025,2,2,3,22
1443,128,12,2025,0,3,6,22
1444,129,1,2025,3,1,1,22
1445,129,2,2025,2,0,2,22
1446,129,3,2025,2,1,2,22
1447,129,4,2025,2,3,1,22
1448,129,5,2025,6,4,7,22
1449,129,6,2025,1,3,0,22
1450,129,7,2025,1,1,3,22
1451,129,8,2025,2,3,0,22
1452,129,9,2025,2,2,5,22
1453,129,10,2025,3,3,2,22
1454,129,11,2025,7,2,3,22
1455,129,12,2025,5,2,2,22
1456,130,1,2025,5,2,2,22
1457,130,2,2025,3,2,3,22
1458,130,3,2025,1,0,4,22
1459,130,4,2025,3,2,2,22
1460,130,5,2025,3,2,5,22
1461,130,6,2025,3,0,3,22
1462,130,7,2025,1,1,9,22
1463,130,8,2025,0,2,6,22
1464,130,9,2025,0,0,2,22
1465,130,10,2025,1,0,3,22
1466,130,11,2025,1,1,4,22
1467,130,12,2025,0,1,1,22
1468,131,1,2025,0,0,6,22
1469,131,2,2025,1,0,0,22
1470,131,3,2025,1,0,2,22
1471,131,4,2025,0,3,6,22
1472,131,5,2025,3,0,4,22
1473,131,6,2025,2,1,1,22
1474,131,7,2025,2,1,5,22
1475,131,8,2025,0,0,7,22
1476,131,9,2025,1,1,2,22
1477,131,10,2025,0,1,2,22
1478,131,11,2025,2,4,3,22
1479,131,12,2025,0,0,1,22
1480,132,1,2025,1,1,3,22
1481,132,2,2025,1,1,1,22
1482,132,3,2025,0,0,5,22
1483,132,4,2025,4,3,3,22
1484,132,5,2025,1,2,3,22
1485,132,6,2025,1,0,4,22
1486,132,7,2025,1,1,4,22
1487,132,8,2025,4,2,6,22
1488,132,9,2025,2,3,1,22
1489,132,10,2025,5,0,2,22
1490,132,11,2025,2,2,1,22
1491,132,12,2025,2,1,5,22
1492,133,1,2025,4,2,1,22
1493,133,2,2025,4,2,1,22
1494,133,3,2025,1,1,6,22
1495,133,4,2025,0,4,2,22
1496,133,5,2025,7,2,3,22
1497,133,6,2025,1,1,2,22
1498,133,7,2025,2,6,3,22
1499,133,8,2025,1,2,1,22
1500,133,9,2025,2,2,5,22
1501,133,10,2025,2,1,0,22
1502,133,11,2025,3,3,6,22
1503,133,12,2025,0,2,4,22
1504,134,1,2025,2,1,2,22
1505,134,2,2025,0,0,3,22
1506,134,3,2025,2,1,1,22
1507,134,4,2025,3,3,4,22
1508,134,5,2025,2,0,5,22
1509,134,6,2025,0,0,4,22
1510,134,7,2025,4,1,2,22
1511,134,8,2025,1,2,2,22
1512,134,9,2025,4,2,2,22
1513,134,10,2025,0,3,3,22
1514,134,11,2025,0,0,4,22
1515,134,12,2025,0,2,7,22
1516,135,1,2025,2,0,4,22
1517,135,2,2025,2,1,3,22
1518,135,3,2025,2,1,2,22
1519,135,4,2025,1,0,5,22
1520,135,5,2025,1,0,1,22
1521,135,6,2025,0,0,5,22
1522,135,7,2025,2,0,0,22
1523,135,8,2025,0,0,3,22
1524,135,9,2025,2,3,1,22
1525,135,10,2025,1,3,3,22
1526,135,11,2025,1,1,3,22
1527,135,12,2025,4,0,2,22
1528,136,1,2025,2,0,1,22
1529,136,2,2025,1,0,5,22
1530,136,3,2025,1,2,4,22
1531,136,4,2025,1,2,2,22
1532,136,5,2025,1,0,4,22
1533,136,6,2025,1,0,3,22
1534,136,7,2025,1,2,3,22
1535,136,8,2025,0,0,3,22
1536,136,9,2025,2,2,4,22
1537,136,10,2025,2,0,0,22
1538,136,11,2025,0,0,2,22
1539,136,12,2025,3,0,5,22
1540,137,1,2025,2,2,4,22
1541,137,2,2025,1,0,7,22
1542,137,3,2025,3,1,5,22
1543,137,4,2025,1,3,4,22
1544,137,5,2025,0,5,5,22
1545,137,6,2025,3,1,1,22
1546,137,7,2025,2,0,4,22
1547,137,8,2025,0,1,1,22
1548,137,9,2025,1,1,2,22
1549,137,10,2025,0,2,2,22
1550,137,11,2025,2,0,0,22
1551,137,12,2025,3,0,2,22
1552,138,1,2025,0,0,4,22
1553,138,2,2025,2,0,1,22
1554,138,3,2025,0,1,3,22
1555,138,4,2025,1,1,4,22
1556,138,5,2025,2,1,6,22
1557,138,6,2025,1,3,5,22
1558,138,7,2025,1,0,1,22
1559,138,8,2025,3,0,1,22
1560,138,9,2025,5,2,3,22
1561,138,10,2025,1,1,8,22
1562,138,11,2025,4,0,3,22
1563,138,12,2025,0,1,6,22
1564,139,1,2025,0,0,4,22
1565,139,2,2025,2,1,3,22
1566,139,3,2025,1,0,1,22
1567,139,4,2025,1,1,2,22
1568,139,5,2025,3,2,5,22
1569,139,6,2025,1,1,4,22
1570,139,7,2025,0,0,2,22
1571,139,8,2025,0,0,1,22
1572,139,9,2025,0,1,1,22
1573,139,10,2025,4,1,5,22
1574,139,11,2025,0,2,7,22
1575,139,12,2025,0,2,3,22
1576,140,1,2025,0,0,4,22
1577,140,2,2025,2,3,4,22
1578,140,3,2025,0,1,4,22
1579,140,4,2025,2,0,3,22
1580,140,5,2025,1,2,2,22
1581,140,6,2025,1,2,4,22
1582,140,7,2025,1,0,5,22
1583,140,8,2025,1,2,0,22
1584,140,9,2025,0,1,4,22
1585,140,10,2025,0,3,8,22
1586,140,11,2025,0,1,3,22
1587,140,12,2025,1,2,1,22
1588,141,1,2025,2,0,5,22
1589,141,2,2025,2,2,3,22
1590,141,3,2025,1,0,3,22
1591,141,4,2025,0,0,2,22
1592,141,5,2025,1,1,5,22
1593,141,6,2025,3,0,0,22
1594,141,7,2025,5,0,1,22
1595,141,8,2025,2,0,4,22
1596,141,9,2025,0,0,2,22
1597,141,10,2025,3,2,1,22
1598,141,11,2025,3,2,1,22
1599,141,12,2025,4,2,7,22
1600,142,1,2025,1,0,4,22
1601,142,2,2025,3,3,6,22
1602,142,4,2025,3,5,2,22
1603,142,5,2025,1,3,3,22
1604,142,6,2025,2,0,3,22
1605,142,7,2025,2,1,6,22
1606,142,8,2025,1,4,2,22
1607,142,11,2025,1,0,3,22
1608,142,12,2025,0,1,5,22
1609,143,1,2025,0,1,4,22
1610,143,2,2025,0,0,3,22
1611,143,3,2025,2,0,5,22
1612,143,4,2025,1,0,2,22
1613,143,5,2025,1,3,5,22
1614,143,6,2025,2,2,3,22
1615,143,7,2025,1,2,0,22
1616,143,8,2025,1,1,4,22
1617,143,9,2025,0,3,3,22
1618,143,10,2025,2,1,1,22
1619,143,11,2025,0,0,2,22
1620,143,12,2025,4,1,1,22
1621,144,1,2025,1,4,6,22
1622,144,2,2025,2,0,3,22
1623,144,3,2025,1,3,3,22
1624,144,4,2025,4,4,2,22
1625,144,5,2025,3,2,2,22
1626,144,6,2025,4,5,4,22
1627,144,7,2025,4,2,1,22
1628,144,8,2025,2,5,1,22
1629,144,9,2025,5,4,3,22
1630,144,10,2025,2,2,6,22
1631,144,11,2025,0,1,1,22
1632,144,12,2025,7,4,7,22
1633,145,1,2025,1,0,1,22
1634,145,2,2025,4,3,0,22
1635,145,3,2025,3,1,2,22
1636,145,4,2025,1,3,4,22
1637,145,5,2025,4,2,0,22
1638,145,6,2025,3,1,2,22
1639,145,7,2025,3,2,2,22
1640,145,8,2025,5,2,2,22
1641,145,9,2025,1,4,5,22
1642,145,10,2025,1,3,3,22
1643,145,11,2025,3,0,2,22
1644,145,12,2025,2,3,5,22
1645,146,1,2025,1,1,1,22
1646,146,2,2025,1,0,3,22
1647,146,3,2025,2,0,5,22
1648,146,4,2025,1,1,3,22
1649,146,6,2025,1,0,4,22
1650,146,7,2025,0,2,2,22
1651,146,8,2025,2,1,3,22
1652,146,9,2025,1,2,4,22
1653,146,11,2025,3,1,1,22
1654,146,12,2025,1,1,1,22
1655,147,1,2025,2,1,1,22
1656,147,2,2025,0,0,3,22
1657,147,3,2025,1,1,3,22
1658,147,4,2025,2,2,3,22
1659,147,5,2025,1,1,3,22
1660,147,6,2025,0,3,2,22
1661,147,7,2025,3,1,6,22
1662,147,8,2025,2,3,5,22
1663,147,9,2025,2,2,4,22
1664,147,10,2025,2,1,3,22
1665,147,11,2025,0,1,2,22
1666,147,12,2025,3,1,2,22
1667,148,1,2025,2,0,3,22
1668,148,2,2025,3,1,2,22
1669,148,3,2025,1,0,2,22
1670,148,4,2025,2,0,4,22
1671,148,5,2025,5,0,2,22
1672,148,6,2025,1,1,4,22
1673,148,7,2025,1,0,4,22
1674,148,8,2025,2,0,5,22
1675,148,9,2025,3,0,5,22
1676,148,10,2025,1,0,4,22
1677,148,11,2025,1,3,3,22
1678,148,12,2025,0,2,0,22
1679,149,1,2025,1,5,1,22
1680,149,2,2025,3,0,7,22
1681,149,3,2025,4,1,3,22
1682,149,4,2025,3,5,7,22
1683,149,5,2025,2,2,2,22
1684,149,6,2025,2,1,1,22
1685,149,7,2025,1,1,1,22
1686,149,8,2025,1,4,3,22
1687,149,9,2025,2,2,2,22
1688,149,10,2025,2,2,3,22
1689,149,11,2025,3,4,2,22
1690,149,12,2025,2,3,7,22
1691,150,1,2025,2,1,3,22
1692,150,2,2025,2,2,3,22
1693,150,3,2025,4,0,6,22
1694,150,4,2025,3,1,1,22
1695,150,5,2025,2,2,3,22
1696,150,6,2025,1,0,3,22
1697,150,7,2025,0,1,4,22
1698,150,8,2025,2,1,5,22
1699,150,9,2025,1,3,4,22
1700,150,10,2025,2,0,3,22
1701,150,11,2025,1,3,2,22
1702,150,12,2025,0,1,2,22
1703,151,1,2025,0,1,5,22
1704,151,2,2025,1,2,5,22
1705,151,3,2025,1,1,4,22
1706,151,4,2025,0,1,5,22
1707,151,5,2025,0,5,1,22
1708,151,6,2025,1,1,3,22
1709,151,7,2025,0,0,2,22
1710,151,8,2025,0,1,4,22
1711,151,9,2025,1,0,4,22
1712,151,10,2025,1,1,3,22
1713,151,11,2025,2,0,4,22
1714,151,12,2025,1,1,4,22
1715,152,1,2025,1,2,3,22
1716,152,2,2025,1,3,7,22
1717,152,3,2025,5,0,1,22
1718,152,4,2025,2,1,2,22
1719,152,5,2025,1,0,5,22
1720,152,6,2025,0,0,4,22
1721,152,7,2025,1,0,3,22
1722,152,8,2025,0,1,1,22
1723,152,9,2025,2,2,2,22
1724,152,10,2025,1,3,5,22
1725,152,11,2025,1,0,3,22
1726,152,12,2025,2,0,0,22
1727,153,1,2025,3,1,4,22
1728,153,2,2025,0,0,2,22
1729,153,3,2025,0,2,1,22
1730,153,4,2025,2,0,0,22
1731,153,5,2025,2,0,3,22
1732,153,6,2025,2,3,4,22
1733,153,7,2025,1,1,1,22
1734,153,8,2025,2,0,3,22
1735,153,9,2025,2,4,2,22
1736,153,10,2025,3,1,4,22
1737,153,11,2025,0,0,1,22
1738,153,12,2025,1,2,6,22
1739,154,1,2025,2,1,0,22
1740,154,2,2025,2,1,7,22
1741,154,3,2025,1,1,3,22
1742,154,4,2025,2,0,1,22
1743,154,5,2025,2,2,5,22
1744,154,6,2025,2,1,5,22
1745,154,7,2025,3,0,4,22
1746,154,8,2025,0,1,6,22
1747,154,9,2025,0,1,2,22
1748,154,10,2025,3,0,1,22
1749,154,11,2025,2,0,1,22
1750,154,12,2025,0,0,2,22
1751,155,1,2025,3,0,3,22
1752,155,2,2025,0,1,2,22
1753,155,3,2025,1,0,0,22
1754,155,4,2025,0,2,2,22
1755,155,5,2025,3,2,3,22
1756,155,6,2025,2,0,4,22
1757,155,7,2025,0,0,3,22
1758,155,8,2025,0,0,1,22
1759,155,9,2025,0,0,4,22
1760,155,10,2025,2,3,4,22
1761,155,11,2025,2,1,0,22
1762,155,12,2025,1,0,3,22
1763,156,1,2025,0,1,1,22
1764,156,5,2025,1,0,3,22
1765,156,7,2025,0,0,7,22
1766,156,8,2025,3,0,2,22
1767,156,9,2025,2,0,5,22
1768,156,11,2025,3,2,4,22
1769,157,1,2025,0,1,4,22
1770,157,2,2025,1,2,5,22
1771,157,3,2025,0,1,5,22
1772,157,4,2025,2,2,2,22
1773,157,5,2025,1,0,4,22
1774,157,6,2025,3,0,5,22
1775,157,7,2025,0,0,1,22
1776,157,8,2025,1,0,3,22
1777,157,9,2025,1,1,6,22
1778,157,10,2025,1,1,0,22
1779,157,11,2025,3,0,4,22
1780,157,12,2025,2,1,6,22
1781,158,1,2025,4,1,2,22
1782,158,2,2025,2,4,2,22
1783,158,3,2025,1,1,4,22
1784,158,4,2025,2,2,4,22
1785,158,5,2025,7,4,4,22
1786,158,6,2025,2,1,2,22
1787,158,7,2025,2,1,4,22
1788,158,8,2025,3,0,2,22
1789,158,9,2025,4,2,2,22
1790,158,10,2025,2,2,1,22
1791,158,11,2025,1,1,4,22
1792,158,12,2025,1,2,4,22
1793,159,1,2025,4,0,0,22
1794,159,2,2025,1,0,1,22
1795,159,3,2025,5,2,1,22
1796,159,4,2025,2,0,5,22
1797,159,5,2025,2,3,4,22
1798,159,6,2025,3,1,2,22
1799,159,7,2025,3,0,3,22
1800,159,8,2025,0,1,4,22
1801,159,9,2025,0,1,3,22
1802,159,10,2025,2,0,3,22
1803,159,11,2025,1,2,3,22
1804,159,12,2025,2,2,2,22
1805,160,1,2025,2,0,2,22
1806,160,2,2025,1,3,5,22
1807,160,3,2025,3,2,4,22
1808,160,4,2025,2,5,4,22
1809,160,6,2025,0,5,1,22
1810,160,7,2025,2,4,4,22
1811,160,9,2025,1,4,1,22
1812,160,10,2025,2,1,5,22
1813,160,11,2025,3,0,4,22
1814,161,1,2025,2,1,3,22
1815,161,2,2025,2,0,1,22
1816,161,3,2025,3,1,1,22
1817,161,4,2025,1,2,3,22
1818,161,5,2025,4,1,4,22
1819,161,6,2025,3,3,3,22
1820,161,7,2025,4,0,2,22
1821,161,8,2025,2,2,4,22
1822,161,9,2025,5,3,1,22
1823,161,10,2025,2,8,2,22
1824,161,11,2025,4,0,6,22
1825,161,12,2025,3,0,1,22
1826,162,1,2025,0,2,2,22
1827,162,2,2025,2,2,0,22
1828,162,3,2025,0,0,0,22
1829,162,4,2025,1,3,7,22
1830,162,5,2025,1,2,2,22
1831,162,6,2025,0,2,2,22
1832,162,7,2025,3,1,3,22
1833,162,8,2025,2,0,1,22
1834,162,9,2025,1,0,4,22
1835,162,10,2025,4,0,9,22
1836,162,11,2025,0,1,1,22
1837,162,12,2025,1,2,3,22
1838,163,1,2025,1,2,2,22
1839,163,2,2025,0,3,5,22
1840,163,3,2025,4,1,1,22
1841,163,4,2025,0,2,2,22
1842,163,5,2025,1,0,3,22
1843,163,6,2025,1,2,4,22
1844,163,7,2025,1,1,2,22
1845,163,8,2025,1,2,7,22
1846,163,9,2025,1,0,1,22
1847,163,10,2025,2,0,5,22
1848,163,11,2025,0,1,3,22
1849,163,12,2025,2,0,4,22
1850,164,1,2025,0,2,2,22
1851,164,4,2025,4,2,2,22
1852,164,5,2025,1,2,2,22
1853,164,9,2025,5,2,3,22
1854,164,11,2025,3,3,1,22
1855,164,12,2025,2,1,3,22
1856,165,1,2025,8,2,3,22
1857,165,2,2025,2,0,2,22
1858,165,3,2025,2,1,5,22
1859,165,4,2025,4,5,1,22
1860,165,5,2025,1,1,2,22
1861,165,6,2025,1,2,0,22
1862,165,7,2025,1,2,6,22
1863,165,8,2025,3,4,4,22
1864,165,9,2025,2,1,1,22
1865,165,10,2025,6,2,4,22
1866,165,11,2025,4,0,1,22
1867,165,12,2025,1,3,2,22
1868,166,1,2025,1,1,4,22
1869,166,2,2025,2,0,4,22
1870,166,3,2025,3,1,1,22
1871,166,4,2025,2,1,0,22
1872,166,5,2025,0,0,3,22
1873,166,6,2025,2,2,3,22
1874,166,7,2025,3,1,1,22
1875,166,8,2025,1,2,3,22
1876,166,9,2025,1,2,1,22
1877,166,10,2025,1,1,4,22
1878,166,11,2025,1,0,3,22
1879,166,12,2025,0,2,6,22
1880,167,1,2025,2,1,1,22
1881,167,2,2025,3,1,5,22
1882,167,3,2025,1,1,4,22
1883,167,4,2025,2,1,4,22
1884,167,5,2025,3,2,3,22
1885,167,6,2025,2,1,3,22
1886,167,7,2025,1,2,2,22
1887,167,8,2025,1,1,3,22
1888,167,9,2025,0,0,5,22
1889,167,10,2025,1,0,3,22
1890,167,11,2025,1,1,4,22
1891,167,12,2025,2,0,5,22
1892,168,2,2025,5,0,3,22
1893,168,3,2025,4,4,1,22
1894,168,5,2025,1,1,5,22
1895,168,6,2025,5,2,3,22
1896,168,7,2025,6,1,2,22
1897,168,8,2025,0,0,2,22
1898,168,9,2025,1,1,3,22
1899,168,10,2025,1,2,4,22
1900,168,11,2025,1,1,4,22
1901,168,12,2025,2,1,3,22
1902,169,1,2025,1,1,2,22
1903,169,2,2025,2,2,2,22
1904,169,3,2025,2,1,1,22
1905,169,4,2025,2,1,2,22
1906,169,5,2025,1,1,6,22
1907,169,6,2025,2,0,3,22
1908,169,7,2025,0,0,3,22
1909,169,8,2025,1,0,5,22
1910,169,9,2025,2,2,2,22
1911,169,10,2025,0,0,2,22
1912,169,11,2025,1,2,3,22
1913,169,12,2025,0,1,5,22
1914,170,1,2025,2,1,2,22
1915,170,2,2025,6,0,1,22
1916,170,3,2025,3,0,5,22
1917,170,4,2025,4,1,3,22
1918,170,5,2025,3,1,5,22
1919,170,6,2025,1,1,4,22
1920,170,7,2025,2,2,2,22
1921,170,8,2025,2,0,2,22
1922,170,9,2025,3,0,6,22
1923,170,10,2025,3,1,1,22
1924,170,11,2025,1,0,2,22
1925,170,12,2025,1,1,6,22
1926,171,1,2025,3,1,2,22
1927,171,3,2025,1,1,3,22
1928,171,4,2025,1,0,3,22
1929,171,6,2025,4,0,4,22
1930,171,8,2025,2,1,6,22
1931,171,9,2025,1,1,1,22
1932,171,10,2025,2,1,5,22
1933,171,11,2025,0,0,2,22
1934,171,12,2025,2,0,2,22
1935,172,1,2025,1,2,2,22
1936,172,2,2025,2,1,0,22
1937,172,3,2025,3,0,3,22
1938,172,4,2025,1,1,3,22
1939,172,5,2025,1,1,3,22
1940,172,6,2025,2,2,5,22
1941,172,7,2025,1,1,3,22
1942,172,8,2025,0,2,2,22
1943,172,9,2025,1,0,2,22
1944,172,10,2025,0,2,4,22
1945,172,11,2025,0,0,1,22
1946,172,12,2025,1,1,2,22
1947,173,1,2025,2,4,0,22
1948,173,2,2025,1,2,4,22
1949,173,3,2025,3,2,4,22
1950,173,4,2025,5,1,3,22
1951,173,5,2025,2,6,2,22
1952,173,6,2025,1,0,4,22
1953,173,7,2025,5,2,2,22
1954,173,8,2025,2,5,1,22
1955,173,9,2025,1,2,0,22
1956,173,10,2025,5,0,2,22
1957,173,11,2025,5,1,2,22
1958,173,12,2025,1,1,5,22
1959,174,1,2025,1,2,3,22
1960,174,2,2025,1,0,1,22
1961,174,3,2025,0,2,5,22
1962,174,4,2025,0,1,1,22
1963,174,5,2025,1,1,2,22
1964,174,6,2025,2,0,5,22
1965,174,7,2025,1,0,1,22
1966,174,8,2025,3,2,5,22
1967,174,9,2025,2,3,4,22
1968,174,10,2025,2,2,1,22
1969,174,11,2025,1,1,7,22
1970,174,12,2025,0,0,3,22
1971,175,1,2025,4,0,5,22
1972,175,2,2025,3,0,3,22
1973,175,3,2025,2,1,2,22
1974,175,4,2025,1,1,2,22
1975,175,5,2025,1,0,3,22
1976,175,6,2025,2,1,2,22
1977,175,7,2025,2,2,1,22
1978,175,8,2025,2,1,4,22
1979,175,9,2025,1,1,2,22
1980,175,10,2025,0,0,3,22
1981,175,11,2025,1,1,3,22
1982,175,12,2025,1,0,4,22
1983,176,1,2025,4,1,2,22
1984,176,2,2025,1,4,1,22
1985,176,3,2025,3,3,2,22
1986,176,4,2025,8,1,1,22
1987,176,5,2025,0,1,1,22
1988,176,6,2025,2,2,0,22
1989,176,7,2025,3,2,3,22
1990,176,8,2025,1,1,1,22
1991,176,9,2025,2,4,0,22
1992,176,10,2025,2,3,2,22
1993,176,11,2025,1,3,3,22
1994,176,12,2025,1,2,5,22
1995,177,1,2025,1,0,6,22
1996,177,2,2025,2,1,4,22
1997,177,3,2025,0,0,2,22
1998,177,4,2025,2,0,3,22
1999,177,5,2025,2,0,4,22
2000,177,6,2025,2,0,2,22
2001,177,7,2025,1,0,1,22
2002,177,8,2025,0,2,3,22
2003,177,9,2025,1,0,2,22
2004,177,10,2025,0,1,2,22
2005,177,11,2025,1,0,4,22
2006,177,12,2025,1,2,3,22
2007,178,1,2025,0,1,2,22
2008,178,3,2025,2,2,3,22
2009,178,4,2025,0,2,0,22
2010,178,5,2025,3,0,1,22
2011,178,6,2025,0,4,5,22
2012,178,7,2025,1,1,6,22
2013,178,8,2025,3,2,3,22
2014,178,9,2025,0,0,2,22
2015,178,10,2025,1,3,1,22
2016,178,11,2025,1,1,3,22
2017,178,12,2025,1,1,3,22
2018,179,1,2025,2,2,2,22
2019,179,3,2025,2,1,3,22
2020,179,5,2025,2,0,4,22
2021,179,6,2025,1,0,5,22
2022,179,7,2025,4,2,1,22
2023,179,8,2025,0,0,1,22
2024,179,9,2025,2,1,3,22
2025,179,11,2025,0,2,3,22
2026,179,12,2025,2,2,1,22
2027,180,1,2025,1,3,4,22
2028,180,2,2025,2,0,2,22
2029,180,3,2025,2,2,1,22
2030,180,4,2025,3,2,5,22
2031,180,5,2025,4,3,3,22
2032,180,6,2025,1,2,8,22
2033,180,7,2025,3,3,0,22
2034,180,8,2025,1,2,4,22
2035,180,9,2025,7,3,4,22
2036,180,10,2025,1,2,5,22
2037,180,11,2025,4,3,1,22
2038,180,12,2025,1,0,5,22
2039,181,1,2025,3,3,5,22
2040,181,2,2025,1,2,4,22
2041,181,3,2025,3,1,4,22
2042,181,4,2025,6,0,2,22
2043,181,5,2025,1,5,4,22
2044,181,6,2025,0,2,2,22
2045,181,7,2025,2,3,4,22
2046,181,8,2025,3,2,0,22
2047,181,9,2025,3,0,0,22
2048,181,10,2025,3,1,4,22
2049,181,11,2025,3,0,5,22
2050,181,12,2025,4,1,3,22
2051,182,1,2025,1,0,3,22
2052,182,2,2025,1,1,6,22
2053,182,3,2025,1,0,5,22
2054,182,4,2025,2,1,1,22
2055,182,5,2025,0,2,5,22
2056,182,6,2025,0,1,4,22
2057,182,7,2025,0,2,3,22
2058,182,8,2025,2,3,1,22
2059,182,9,2025,1,1,3,22
2060,182,10,2025,2,0,2,22
2061,182,11,2025,0,0,2,22
2062,182,12,2025,0,1,3,22
2063,183,1,2025,3,1,1,22
2064,183,2,2025,0,3,3,22
2065,183,3,2025,3,4,4,22
2066,183,4,2025,1,1,2,22
2067,183,5,2025,2,1,5,22
2068,183,6,2025,2,0,3,22
2069,183,7,2025,1,1,3,22
2070,183,8,2025,0,1,3,22
2071,183,9,2025,2,2,1,22
2072,183,10,2025,2,0,5,22
2073,183,11,2025,2,2,0,22
2074,183,12,2025,2,2,2,22
2075,184,1,2025,2,0,5,22
2076,184,2,2025,3,0,1,22
2077,184,3,2025,2,0,5,22
2078,184,4,2025,2,1,3,22
2079,184,5,2025,1,0,6,22
2080,184,6,2025,3,0,4,22
2081,184,7,2025,1,4,3,22
2082,184,8,2025,3,0,4,22
2083,184,9,2025,0,0,1,22
2084,184,10,2025,1,0,3,22
2085,184,11,2025,2,1,1,22
2086,184,12,2025,1,1,3,22
2087,185,1,2025,1,1,2,22
2088,185,2,2025,4,2,3,22
2089,185,3,2025,5,1,4,22
2090,185,4,2025,3,3,1,22
2091,185,5,2025,3,1,2,22
2092,185,6,2025,3,3,2,22
2093,185,7,2025,3,3,2,22
2094,185,8,2025,0,3,4,22
2095,185,9,2025,3,3,2,22
2096,185,10,2025,3,2,5,22
2097,185,11,2025,3,1,3,22
2098,185,12,2025,2,3,2,22
2099,186,2,2025,2,3,2,22
2100,186,5,2025,0,1,6,22
2101,186,6,2025,1,0,4,22
2102,186,7,2025,3,2,2,22
2103,186,9,2025,3,1,3,22
2104,186,10,2025,2,0,3,22
2105,186,11,2025,4,5,5,22
2106,186,12,2025,0,1,1,22
2107,187,1,2025,0,0,0,22
2108,187,2,2025,2,2,4,22
2109,187,3,2025,0,0,2,22
2110,187,4,2025,0,1,1,22
2111,187,5,2025,0,3,2,22
2112,187,6,2025,2,0,2,22
2113,187,7,2025,4,1,2,22
2114,187,8,2025,1,1,3,22
2115,187,9,2025,1,0,1,22
2116,187,10,2025,1,0,2,22
2117,187,11,2025,3,1,0,22
2118,187,12,2025,2,1,2,22
2119,188,1,2025,3,0,3,22
2120,188,2,2025,0,2,3,22
2121,188,3,2025,1,1,2,22
2122,188,4,2025,2,1,3,22
2123,188,5,2025,1,2,2,22
2124,188,6,2025,1,3,4,22
2125,188,7,2025,0,1,6,22
2126,188,8,2025,1,0,2,22
2127,188,9,2025,2,1,0,22
2128,188,10,2025,2,2,1,22
2129,188,11,2025,2,2,1,22
2130,188,12,2025,3,2,3,22
2131,189,1,2025,2,3,3,22
2132,189,2,2025,0,0,3,22
2133,189,3,2025,2,3,5,22
2134,189,4,2025,1,0,5,22
2135,189,5,2025,1,1,1,22
2136,189,6,2025,2,2,4,22
2137,189,7,2025,3,0,1,22
2138,189,8,2025,0,0,0,22
2139,189,9,2025,3,1,2,22
2140,189,10,2025,0,1,1,22
2141,189,11,2025,3,2,3,22
2142,189,12,2025,6,1,3,22
2143,190,1,2025,5,3,3,22
2144,190,2,2025,2,2,2,22
2145,190,3,2025,2,3,2,22
2146,190,4,2025,4,2,2,22
2147,190,5,2025,3,2,5,22
2148,190,7,2025,4,3,1,22
2149,190,8,2025,4,3,1,22
2150,190,9,2025,2,1,6,22
2151,190,10,2025,3,1,6,22
2152,190,11,2025,1,3,3,22
2153,190,12,2025,2,2,5,22
2154,191,4,2025,3,3,4,22
2155,191,5,2025,1,2,4,22
2156,191,7,2025,6,1,2,22
2157,191,9,2025,2,3,5,22
2158,191,11,2025,3,2,1,22
2159,192,1,2025,2,3,7,22
2160,192,2,2025,3,2,3,22
2161,192,3,2025,3,1,6,22
2162,192,4,2025,4,0,2,22
2163,192,5,2025,1,1,3,22
2164,192,6,2025,1,1,4,22
2165,192,7,2025,2,2,5,22
2166,192,8,2025,5,2,5,22
2167,192,9,2025,0,2,2,22
2168,192,10,2025,0,1,3,22
2169,192,11,2025,2,3,1,22
2170,192,12,2025,5,3,2,22
2171,193,1,2025,4,3,2,22
2172,193,2,2025,1,3,2,22
2173,193,3,2025,1,1,1,22
2174,193,4,2025,1,0,6,22
2175,193,5,2025,5,1,2,22
2176,193,7,2025,1,0,8,22
2177,193,8,2025,1,0,7,22
2178,193,9,2025,1,2,3,22
2179,193,10,2025,1,3,3,22
2180,193,11,2025,0,2,1,22
2181,194,1,2025,2,1,0,22
2182,194,2,2025,1,0,4,22
2183,194,3,2025,3,1,2,22
2184,194,4,2025,2,1,3,22
2185,194,5,2025,1,1,1,22
2186,194,6,2025,1,1,5,22
2187,194,7,2025,0,2,4,22
2188,194,8,2025,0,1,5,22
2189,194,9,2025,3,1,4,22
2190,194,10,2025,2,1,5,22
2191,194,11,2025,2,1,7,22
2192,194,12,2025,4,1,3,22
2193,195,1,2025,1,2,5,22
2194,195,2,2025,2,1,2,22
2195,195,3,2025,0,2,2,22
2196,195,4,2025,0,0,6,22
2197,195,5,2025,1,0,5,22
2198,195,6,2025,0,1,1,22
2199,195,7,2025,0,1,1,22
2200,195,8,2025,1,1,1,22
2201,195,9,2025,0,2,3,22
2202,195,10,2025,3,1,0,22
2203,195,11,2025,0,2,0,22
2204,195,12,2025,1,1,4,22
2205,196,1,2025,2,2,3,22
2206,196,2,2025,5,0,3,22
2207,196,3,2025,4,0,1,22
2208,196,4,2025,2,1,3,22
2209,196,5,2025,1,1,5,22
2210,196,6,2025,0,1,2,22
2211,196,7,2025,0,1,3,22
2212,196,8,2025,5,0,3,22
2213,196,9,2025,0,2,2,22
2214,196,10,2025,2,1,2,22
2215,196,11,2025,1,0,3,22
2216,196,12,2025,1,2,2,22
2217,197,1,2025,1,1,5,22
2218,197,2,2025,4,1,2,22
2219,197,3,2025,0,6,4,22
2220,197,4,2025,2,3,5,22
2221,197,5,2025,4,0,5,22
2222,197,6,2025,1,0,5,22
2223,197,7,2025,1,0,3,22
2224,197,8,2025,3,4,5,22
2225,197,9,2025,1,4,2,22
2226,197,10,2025,0,0,2,22
2227,197,11,2025,4,1,5,22
2228,197,12,2025,2,0,3,22
2229,198,1,2025,3,0,3,22
2230,198,2,2025,2,1,1,22
2231,198,3,2025,1,0,1,22
2232,198,4,2025,4,1,6,22
2233,198,5,2025,1,0,4,22
2234,198,6,2025,3,0,1,22
2235,198,7,2025,2,0,2,22
2236,198,8,2025,4,0,3,22
2237,198,9,2025,0,1,1,22
2238,198,10,2025,0,2,4,22
2239,198,11,2025,1,0,3,22
2240,198,12,2025,1,1,4,22
2241,199,1,2025,0,3,4,22
2242,199,2,2025,0,5,2,22
2243,199,3,2025,4,2,0,22
2244,199,4,2025,2,3,6,22
2245,199,5,2025,2,1,3,22
2246,199,6,2025,3,4,1,22
2247,199,7,2025,5,1,3,22
2248,199,8,2025,3,0,4,22
2249,199,9,2025,6,2,4,22
2250,199,10,2025,5,1,3,22
2251,199,11,2025,4,1,4,22
2252,199,12,2025,1,1,5,22
2253,200,1,2025,0,1,1,22
2254,200,2,2025,0,1,4,22
2255,200,3,2025,1,2,1,22
2256,200,4,2025,1,0,2,22
2257,200,5,2025,1,2,1,22
2258,200,6,2025,3,1,5,22
2259,200,7,2025,4,0,3,22
2260,200,8,2025,1,0,3,22
2261,200,9,2025,0,2,2,22
2262,200,10,2025,0,3,2,22
2263,200,11,2025,1,2,5,22
2264,200,12,2025,0,0,3,22
2265,201,1,2025,2,3,8,22
2266,201,2,2025,0,1,2,22
2267,201,3,2025,2,2,5,22
2268,201,4,2025,4,0,1,22
2269,201,5,2025,1,0,3,22
2270,201,6,2025,1,0,1,22
2271,201,7,2025,0,2,2,22
2272,201,8,2025,3,3,2,22
2273,201,9,2025,4,1,4,22
2274,201,10,2025,3,0,4,22
2275,201,11,2025,1,1,6,22
2276,201,12,2025,4,0,4,22
2277,202,1,2025,5,2,4,22
2278,202,2,2025,0,0,4,22
2279,202,3,2025,4,1,2,22
2280,202,4,2025,1,1,2,22
2281,202,5,2025,1,1,1,22
2282,202,6,2025,2,1,2,22
2283,202,7,2025,0,1,4,22
2284,202,8,2025,1,1,4,22
2285,202,9,2025,3,0,1,22
2286,202,10,2025,5,1,3,22
2287,202,11,2025,3,1,4,22
2288,202,12,2025,1,2,2,22
2289,203,1,2025,5,4,2,22
2290,203,2,2025,1,0,2,22
2291,203,3,2025,3,0,1,22
2292,203,4,2025,2,0,2,22
2293,203,5,2025,1,2,2,22
2294,203,6,2025,0,1,5,22
2295,203,7,2025,2,0,4,22
2296,203,8,2025,0,0,3,22
2297,203,9,2025,0,1,1,22
2298,203,10,2025,0,1,2,22
2299,203,11,2025,0,1,3,22
2300,203,12,2025,1,1,2,22
2301,204,1,2025,1,1,2,22
2302,204,2,2025,0,2,1,22
2303,204,3,2025,2,0,2,22
2304,204,4,2025,0,2,3,22
2305,204,5,2025,0,0,1,22
2306,204,6,2025,3,1,0,22
2307,204,7,2025,0,0,0,22
2308,204,8,2025,0,0,1,22
2309,204,9,2025,1,1,1,22
2310,204,10,2025,2,1,2,22
2311,204,11,2025,2,4,0,22
2312,204,12,2025,1,1,1,22
2313,205,2,2025,3,1,4,22
2314,205,3,2025,4,0,3,22
2315,205,4,2025,2,1,3,22
2316,205,5,2025,3,0,2,22
2317,205,6,2025,1,0,3,22
2318,205,7,2025,1,0,1,22
2319,205,8,2025,0,0,3,22
2320,205,10,2025,2,0,3,22
2321,205,12,2025,0,1,3,22
2322,206,1,2025,0,1,1,22
2323,206,2,2025,4,1,1,22
2324,206,3,2025,0,3,1,22
2325,206,4,2025,3,2,4,22
2326,206,5,2025,1,1,2,22
2327,206,6,2025,0,0,3,22
2328,206,7,2025,1,0,5,22
2329,206,8,2025,1,0,1,22
2330,206,9,2025,3,1,2,22
2331,206,10,2025,4,1,0,22
2332,206,11,2025,2,3,1,22
2333,206,12,2025,1,0,2,22
2334,207,2,2025,1,1,5,22
2335,207,3,2025,1,0,2,22
2336,207,4,2025,1,1,2,22
2337,207,6,2025,1,0,2,22
2338,207,7,2025,1,2,2,22
2339,207,8,2025,2,0,3,22
2340,207,9,2025,2,2,3,22
2341,207,10,2025,1,1,2,22
2342,207,11,2025,1,3,4,22
2343,207,12,2025,3,1,0,22
2344,208,1,2025,1,1,5,22
2345,208,2,2025,3,0,5,22
2346,208,3,2025,0,2,4,22
2347,208,4,2025,1,0,4,22
2348,208,5,2025,3,0,2,22
2349,208,6,2025,3,0,1,22
2350,208,7,2025,1,0,3,22
2351,208,8,2025,1,0,2,22
2352,208,9,2025,3,1,5,22
2353,208,10,2025,2,0,5,22
2354,208,11,2025,3,2,3,22
2355,208,12,2025,1,1,5,22
2356,209,1,2025,0,1,3,22
2357,209,2,2025,0,0,5,22
2358,209,3,2025,0,0,2,22
2359,209,4,2025,0,3,2,22
2360,209,5,2025,2,1,3,22
2361,209,6,2025,1,2,0,22
2362,209,7,2025,2,2,2,22
2363,209,8,2025,4,3,3,22
2364,209,9,2025,1,2,6,22
2365,209,10,2025,1,0,2,22
2366,209,11,2025,2,1,2,22
2367,209,12,2025,1,1,5,22
2368,210,1,2025,1,2,3,22
2369,210,2,2025,0,1,5,22
2370,210,3,2025,3,3,3,22
2371,210,4,2025,4,0,4,22
2372,210,5,2025,2,1,1,22
2373,210,6,2025,3,1,3,22
2374,210,7,2025,1,1,7,22
2375,210,8,2025,4,1,5,22
2376,210,9,2025,2,1,2,22
2377,210,10,2025,4,0,3,22
2378,210,11,2025,6,2,2,22
2379,210,12,2025,2,0,2,22
2380,211,1,2025,0,0,3,22
2381,211,2,2025,2,1,4,22
2382,211,3,2025,2,0,2,22
2383,211,4,2025,0,0,4,22
2384,211,5,2025,2,0,4,22
2385,211,6,2025,0,1,3,22
2386,211,7,2025,1,2,3,22
2387,211,8,2025,1,0,3,22
2388,211,9,2025,0,2,5,22
2389,211,10,2025,3,1,1,22
2390,211,11,2025,6,1,4,22
2391,211,12,2025,1,3,2,22
2392,212,1,2025,1,1,7,22
2393,212,2,2025,5,1,2,22
2394,212,3,2025,1,1,1,22
2395,212,4,2025,1,0,5,22
2396,212,5,2025,0,2,0,22
2397,212,6,2025,2,1,3,22
2398,212,7,2025,2,1,1,22
2399,212,8,2025,4,0,1,22
2400,212,9,2025,1,1,1,22
2401,212,10,2025,2,0,1,22
2402,212,11,2025,2,1,3,22
2403,212,12,2025,2,2,3,22
2404,213,2,2025,0,0,5,22
2405,213,4,2025,2,1,5,22
2406,213,5,2025,1,2,2,22
2407,213,8,2025,1,0,5,22
2408,213,10,2025,1,0,1,22
2409,213,11,2025,0,0,4,22
2410,213,12,2025,1,0,3,22
2411,214,1,2025,0,1,2,22
2412,214,2,2025,1,0,2,22
2413,214,3,2025,3,0,2,22
2414,214,4,2025,1,1,3,22
2415,214,5,2025,4,0,4,22
2416,214,6,2025,1,1,1,22
2417,214,7,2025,1,1,1,22
2418,214,8,2025,2,2,1,22
2419,214,9,2025,3,0,3,22
2420,214,10,2025,3,0,8,22
2421,214,11,2025,0,2,3,22
2422,214,12,2025,0,1,1,22
2423,215,1,2025,2,0,1,22
2424,215,2,2025,1,0,1,22
2425,215,3,2025,2,2,2,22
2426,215,4,2025,2,0,2,22
2427,215,5,2025,2,0,5,22
2428,215,6,2025,0,1,3,22
2429,215,7,2025,0,1,2,22
2430,215,8,2025,0,4,2,22
2431,215,9,2025,0,0,4,22
2432,215,10,2025,0,0,5,22
2433,215,11,2025,0,0,2,22
2434,215,12,2025,0,2,5,22
2435,216,1,2025,1,0,2,22
2436,216,2,2025,4,3,2,22
2437,216,3,2025,2,1,4,22
2438,216,4,2025,3,4,3,22
2439,216,5,2025,2,1,5,22
2440,216,6,2025,2,2,1,22
2441,216,7,2025,2,1,4,22
2442,216,8,2025,0,4,3,22
2443,216,9,2025,4,0,1,22
2444,216,10,2025,2,1,3,22
2445,216,11,2025,2,1,2,22
2446,216,12,2025,3,3,2,22
2447,217,1,2025,5,2,1,22
2448,217,2,2025,1,1,1,22
2449,217,3,2025,3,2,5,22
2450,217,4,2025,2,2,2,22
2451,217,5,2025,0,1,1,22
2452,217,6,2025,2,1,5,22
2453,217,7,2025,0,1,3,22
2454,217,8,2025,1,0,4,22
2455,217,9,2025,2,1,2,22
2456,217,10,2025,5,3,2,22
2457,217,11,2025,2,1,4,22
2458,217,12,2025,2,0,7,22
2459,218,1,2025,0,0,3,22
2460,218,2,2025,1,1,1,22
2461,218,3,2025,1,1,3,22
2462,218,4,2025,0,1,4,22
2463,218,5,2025,1,0,5,22
2464,218,6,2025,1,0,3,22
2465,218,7,2025,3,1,3,22
2466,218,8,2025,2,3,5,22
2467,218,11,2025,0,2,0,22
2468,218,12,2025,1,2,3,22
2469,219,1,2025,0,0,2,22
2470,219,2,2025,2,0,3,22
2471,219,3,2025,0,1,2,22
2472,219,4,2025,0,1,5,22
2473,219,5,2025,2,0,5,22
2474,219,6,2025,2,1,4,22
2475,219,7,2025,2,2,4,22
2476,219,8,2025,0,2,2,22
2477,219,9,2025,0,2,5,22
2478,219,10,2025,2,1,4,22
2479,219,11,2025,3,0,2,22
2480,219,12,2025,1,2,2,22
2481,220,1,2025,2,2,3,22
2482,220,2,2025,0,1,4,22
2483,220,3,2025,0,1,4,22
2484,220,4,2025,0,1,0,22
2485,220,5,2025,1,1,2,22
2486,220,6,2025,4,0,2,22
2487,220,7,2025,1,2,2,22
2488,220,8,2025,2,0,3,22
2489,220,9,2025,0,2,5,22
2490,220,10,2025,1,0,2,22
2491,220,11,2025,0,0,3,22
2492,220,12,2025,0,3,3,22
2493,221,1,2025,2,0,4,22
2494,221,2,2025,3,1,1,22
2495,221,3,2025,2,1,1,22
2496,221,4,2025,1,2,5,22
2497,221,5,2025,4,2,3,22
2498,221,6,2025,2,1,2,22
2499,221,7,2025,1,2,1,22
2500,221,8,2025,1,1,4,22
2501,221,9,2025,0,0,2,22
2502,221,10,2025,1,3,4,22
2503,221,11,2025,0,1,4,22
2504,221,12,2025,1,1,5,22
2505,222,1,2025,0,0,3,22
2506,222,2,2025,1,0,3,22
2507,222,3,2025,1,1,3,22
2508,222,4,2025,2,2,4,22
2509,222,5,2025,2,2,3,22
2510,222,6,2025,0,0,7,22
2511,222,7,2025,0,2,1,22
2512,222,8,2025,2,3,3,22
2513,222,9,2025,5,0,0,22
2514,222,10,2025,0,1,4,22
2515,222,11,2025,1,0,1,22
2516,222,12,2025,3,0,5,22
2517,223,1,2025,2,1,2,22
2518,223,2,2025,2,1,1,22
2519,223,3,2025,7,1,0,22
2520,223,4,2025,2,3,2,22
2521,223,5,2025,1,1,6,22
2522,223,6,2025,3,1,2,22
2523,223,7,2025,6,5,2,22
2524,223,8,2025,1,4,3,22
2525,223,9,2025,1,2,0,22
2526,223,10,2025,4,1,5,22
2527,223,11,2025,1,6,4,22
2528,223,12,2025,2,5,3,22
2529,224,1,2025,3,1,5,22
2530,224,2,2025,2,1,4,22
2531,224,3,2025,2,0,3,22
2532,224,4,2025,1,0,2,22
2533,224,5,2025,3,2,3,22
2534,224,6,2025,0,1,4,22
2535,224,7,2025,4,2,5,22
2536,224,8,2025,1,1,4,22
2537,224,9,2025,1,0,2,22
2538,224,10,2025,2,0,3,22
2539,224,11,2025,2,0,2,22
2540,224,12,2025,1,1,2,22
2541,225,1,2025,0,1,4,22
2542,225,2,2025,0,0,3,22
2543,225,4,2025,1,0,3,22
2544,225,5,2025,0,0,3,22
2545,225,7,2025,2,1,2,22
2546,225,8,2025,0,0,2,22
2547,225,9,2025,1,0,2,22
2548,225,10,2025,3,1,3,22
2549,226,1,2025,4,2,2,22
2550,226,2,2025,2,1,2,22
2551,226,3,2025,0,2,3,22
2552,226,4,2025,1,0,5,22
2553,226,5,2025,2,1,3,22
2554,226,6,2025,0,1,4,22
2555,226,7,2025,1,1,3,22
2556,226,8,2025,3,2,5,22
2557,226,9,2025,2,1,4,22
2558,226,10,2025,2,0,1,22
2559,226,11,2025,1,1,4,22
2560,226,12,2025,1,1,0,22
2561,227,1,2025,1,2,4,22
2562,227,2,2025,0,0,3,22
2563,227,3,2025,0,2,7,22
2564,227,4,2025,1,1,3,22
2565,227,5,2025,1,0,4,22
2566,227,6,2025,2,1,4,22
2567,227,7,2025,3,2,1,22
2568,227,8,2025,2,0,3,22
2569,227,9,2025,0,2,0,22
2570,227,10,2025,1,0,7,22
2571,227,11,2025,0,1,1,22
2572,227,12,2025,0,2,3,22
2573,228,1,2025,3,5,1,22
2574,228,2,2025,2,1,8,22
2575,228,3,2025,4,1,2,22
2576,228,4,2025,2,1,5,22
2577,228,5,2025,2,1,5,22
2578,228,6,2025,1,0,3,22
2579,228,7,2025,0,0,6,22
2580,228,8,2025,1,1,4,22
2581,228,9,2025,0,0,2,22
2582,228,10,2025,2,0,4,22
2583,228,11,2025,1,2,10,22
2584,228,12,2025,0,0,2,22
2585,229,1,2025,0,1,2,22
2586,229,2,2025,2,1,3,22
2587,229,3,2025,3,1,3,22
2588,229,4,2025,0,2,0,22
2589,229,5,2025,2,3,3,22
2590,229,6,2025,0,0,6,22
2591,229,7,2025,1,0,2,22
2592,229,8,2025,2,2,1,22
2593,229,9,2025,2,0,3,22
2594,229,10,2025,2,2,6,22
2595,229,11,2025,2,1,2,22
2596,229,12,2025,0,2,4,22
2597,230,1,2025,1,0,3,22
2598,230,2,2025,3,0,4,22
2599,230,3,2025,3,0,1,22
2600,230,4,2025,2,1,2,22
2601,230,5,2025,4,2,4,22
2602,230,6,2025,2,0,3,22
2603,230,7,2025,1,1,3,22
2604,230,8,2025,1,0,6,22
2605,230,9,2025,3,0,2,22
2606,230,10,2025,0,0,1,22
2607,230,11,2025,0,2,2,22
2608,230,12,2025,2,1,1,22
2609,231,1,2025,4,2,2,22
2610,231,3,2025,0,1,4,22
2611,231,4,2025,2,5,4,22
2612,231,6,2025,1,1,1,22
2613,231,9,2025,3,3,3,22
2614,231,10,2025,2,3,4,22
2615,231,11,2025,1,6,1,22
2616,231,12,2025,3,1,5,22
2617,232,1,2025,1,3,6,22
2618,232,2,2025,1,0,1,22
2619,232,3,2025,0,1,5,22
2620,232,4,2025,2,1,3,22
2621,232,5,2025,2,0,2,22
2622,232,6,2025,1,0,2,22
2623,232,7,2025,1,0,1,22
2624,232,8,2025,1,1,4,22
2625,232,9,2025,3,0,3,22
2626,232,10,2025,1,2,3,22
2627,232,11,2025,3,1,1,22
2628,232,12,2025,0,1,3,22
2629,233,1,2025,2,3,4,22
2630,233,2,2025,1,0,4,22
2631,233,3,2025,2,3,5,22
2632,233,4,2025,1,2,4,22
2633,233,5,2025,3,0,5,22
2634,233,6,2025,1,0,6,22
2635,233,7,2025,3,0,1,22
2636,233,8,2025,2,0,2,22
2637,233,9,2025,2,1,2,22
2638,233,10,2025,2,0,2,22
2639,233,12,2025,1,1,3,22
2640,234,1,2025,1,3,1,22
2641,234,2,2025,1,0,4,22
2642,234,3,2025,2,2,4,22
2643,234,4,2025,0,1,1,22
2644,234,5,2025,2,1,4,22
2645,234,6,2025,1,1,3,22
2646,234,7,2025,2,0,3,22
2647,234,8,2025,2,0,2,22
2648,234,9,2025,3,2,5,22
2649,234,10,2025,2,0,1,22
2650,234,11,2025,2,2,6,22
2651,234,12,2025,3,2,3,22
2652,235,1,2025,2,2,2,22
2653,235,2,2025,2,0,3,22
2654,235,3,2025,0,2,5,22
2655,235,4,2025,3,0,2,22
2656,235,5,2025,3,1,5,22
2657,235,6,2025,2,0,3,22
2658,235,7,2025,5,0,3,22
2659,235,8,2025,4,1,2,22
2660,235,9,2025,2,0,2,22
2661,235,10,2025,1,0,4,22
2662,235,11,2025,1,0,1,22
2663,235,12,2025,3,1,3,22
2664,236,1,2025,5,1,3,22
2665,236,2,2025,3,3,4,22
2666,236,3,2025,3,2,3,22
2667,236,4,2025,1,0,5,22
2668,236,5,2025,3,2,4,22
2669,236,6,2025,2,4,3,22
2670,236,7,2025,1,0,3,22
2671,236,8,2025,2,4,3,22
2672,236,9,2025,3,1,2,22
2673,236,12,2025,5,3,2,22
2674,237,1,2025,5,1,1,22
2675,237,2,2025,2,1,8,22
2676,237,3,2025,1,0,5,22
2677,237,4,2025,4,0,1,22
2678,237,5,2025,2,0,4,22
2679,237,6,2025,3,4,4,22
2680,237,7,2025,4,2,0,22
2681,237,8,2025,3,2,4,22
2682,237,9,2025,1,2,5,22
2683,237,10,2025,1,1,4,22
2684,237,11,2025,0,3,1,22
2685,237,12,2025,1,3,2,22
2686,238,1,2025,3,2,2,22
2687,238,2,2025,2,2,1,22
2688,238,3,2025,2,0,3,22
2689,238,4,2025,1,3,3,22
2690,238,5,2025,2,0,3,22
2691,238,6,2025,1,0,2,22
2692,238,7,2025,1,0,3,22
2693,238,8,2025,2,1,8,22
2694,238,9,2025,1,2,4,22
2695,238,10,2025,1,0,2,22
2696,238,11,2025,5,1,2,22
2697,238,12,2025,1,3,0,22
2698,239,1,2025,1,0,2,22
2699,239,2,2025,2,0,4,22
2700,239,3,2025,2,2,3,22
2701,239,4,2025,1,2,2,22
2702,239,5,2025,0,3,3,22
2703,239,6,2025,2,0,4,22
2704,239,7,2025,3,1,3,22
2705,239,8,2025,4,1,2,22
2706,239,9,2025,0,1,3,22
2707,239,10,2025,0,1,3,22
2708,239,11,2025,1,1,3,22
2709,239,12,2025,1,0,3,22
2710,240,1,2025,2,1,6,22
2711,240,2,2025,1,1,2,22
2712,240,3,2025,1,0,6,22
2713,240,4,2025,1,0,3,22
2714,240,5,2025,3,2,3,22
2715,240,6,2025,4,1,4,22
2716,240,7,2025,2,0,0,22
2717,240,8,2025,1,1,3,22
2718,240,9,2025,0,2,2,22
2719,240,10,2025,1,1,2,22
2720,240,11,2025,0,0,3,22
2721,240,12,2025,4,2,4,22
2722,241,1,2025,2,3,5,22
2723,241,2,2025,1,1,2,22
2724,241,3,2025,1,0,2,22
2725,241,4,2025,2,1,7,22
2726,241,5,2025,4,0,2,22
2727,241,6,2025,1,0,3,22
2728,241,7,2025,3,3,3,22
2729,241,8,2025,0,2,4,22
2730,241,9,2025,0,1,4,22
2731,241,10,2025,2,0,4,22
2732,241,11,2025,0,0,3,22
2733,241,12,2025,1,3,2,22
2734,242,1,2025,1,1,3,22
2735,242,2,2025,1,1,3,22
2736,242,3,2025,2,2,2,22
2737,242,4,2025,1,0,1,22
2738,242,5,2025,0,0,4,22
2739,242,6,2025,2,2,1,22
2740,242,7,2025,0,1,5,22
2741,242,8,2025,1,0,5,22
2742,242,9,2025,4,1,0,22
2743,242,10,2025,0,2,6,22
2744,242,11,2025,2,0,2,22
2745,242,12,2025,0,2,2,22
2746,243,1,2025,2,1,3,22
2747,243,2,2025,1,0,0,22
2748,243,3,2025,4,0,3,22
2749,243,4,2025,2,1,2,22
2750,243,5,2025,2,3,2,22
2751,243,6,2025,2,2,5,22
2752,243,7,2025,0,1,1,22
2753,243,8,2025,2,1,5,22
2754,243,9,2025,1,0,1,22
2755,243,10,2025,1,2,1,22
2756,243,11,2025,2,1,5,22
2757,243,12,2025,3,0,1,22
2758,244,1,2025,1,1,3,22
2759,244,4,2025,3,3,2,22
2760,244,7,2025,1,0,3,22
2761,244,12,2025,0,3,2,22
2762,245,1,2025,0,2,6,22
2763,245,2,2025,3,0,3,22
2764,245,3,2025,0,0,2,22
2765,245,4,2025,0,0,1,22
2766,245,5,2025,2,1,5,22
2767,245,6,2025,1,1,1,22
2768,245,7,2025,2,1,1,22
2769,245,8,2025,2,0,5,22
2770,245,9,2025,2,0,3,22
2771,245,10,2025,3,1,3,22
2772,245,11,2025,1,1,4,22
2773,245,12,2025,0,1,6,22
2774,246,1,2025,4,5,1,22
2775,246,2,2025,2,2,4,22
2776,246,4,2025,4,0,3,22
2777,246,5,2025,3,0,2,22
2778,246,6,2025,2,1,4,22
2779,246,7,2025,4,1,6,22
2780,246,8,2025,1,2,4,22
2781,246,9,2025,2,0,2,22
2782,246,10,2025,2,1,2,22
2783,246,11,2025,4,0,4,22
2784,246,12,2025,1,4,0,22
2785,247,1,2025,3,1,1,22
2786,247,2,2025,2,0,3,22
2787,247,3,2025,2,0,2,22
2788,247,4,2025,2,2,3,22
2789,247,5,2025,1,1,2,22
2790,247,6,2025,1,2,2,22
2791,247,7,2025,2,2,4,22
2792,247,8,2025,2,1,3,22
2793,247,9,2025,1,2,1,22
2794,247,10,2025,2,1,0,22
2795,247,11,2025,0,2,2,22
2796,247,12,2025,2,1,1,22
2797,248,1,2025,0,3,5,22
2798,248,2,2025,1,6,1,22
2799,248,3,2025,1,4,0,22
2800,248,4,2025,1,3,3,22
2801,248,5,2025,3,1,2,22
2802,248,6,2025,0,1,4,22
2803,248,7,2025,4,4,5,22
2804,248,8,2025,3,2,1,22
2805,248,9,2025,1,3,2,22
2806,248,10,2025,1,0,2,22
2807,248,11,2025,3,5,5,22
2808,248,12,2025,1,0,6,22
2809,249,1,2025,4,1,4,22
2810,249,2,2025,3,2,1,22
2811,249,3,2025,3,0,3,22
2812,249,4,2025,2,3,3,22
2813,249,5,2025,2,1,1,22
2814,249,6,2025,5,4,3,22
2815,249,7,2025,3,1,1,22
2816,249,8,2025,2,2,3,22
2817,249,9,2025,2,2,3,22
2818,249,10,2025,1,2,2,22
2819,249,11,2025,1,1,2,22
2820,249,12,2025,1,3,1,22
2821,250,1,2025,2,1,3,22
2822,250,2,2025,2,0,4,22
2823,250,3,2025,2,2,4,22
2824,250,4,2025,0,1,5,22
2825,250,5,2025,3,0,1,22
2826,250,6,2025,1,0,3,22
2827,250,7,2025,1,0,2,22
2828,250,8,2025,3,1,0,22
2829,250,9,2025,0,3,2,22
2830,250,10,2025,2,2,3,22
2831,250,11,2025,2,3,2,22
2832,250,12,2025,4,0,2,22
2833,251,1,2025,2,2,0,22
2834,251,2,2025,1,2,6,22
2835,251,3,2025,4,1,3,22
2836,251,4,2025,5,1,3,22
2837,251,5,2025,3,1,3,22
2838,251,6,2025,2,0,1,22
2839,251,7,2025,3,1,3,22
2840,251,8,2025,2,0,3,22
2841,251,9,2025,0,0,4,22
2842,251,10,2025,0,1,1,22
2843,251,11,2025,0,1,6,22
2844,251,12,2025,1,0,4,22
2845,252,1,2025,3,0,6,22
2846,252,2,2025,3,0,6,22
2847,252,3,2025,1,0,2,22
2848,252,4,2025,1,2,3,22
2849,252,5,2025,0,1,6,22
2850,252,6,2025,1,0,3,22
2851,252,7,2025,1,1,3,22
2852,252,8,2025,2,2,4,22
2853,252,9,2025,1,2,2,22
2854,252,10,2025,2,0,2,22
2855,252,11,2025,2,1,4,22
2856,252,12,2025,3,0,2,22
2857,253,1,2025,1,1,4,22
2858,253,2,2025,2,0,4,22
2859,253,3,2025,1,1,3,22
2860,253,4,2025,4,1,4,22
2861,253,5,2025,1,1,5,22
2862,253,6,2025,0,0,1,22
2863,253,7,2025,2,1,4,22
2864,253,8,2025,1,1,4,22
2865,253,9,2025,2,1,1,22
2866,253,10,2025,1,1,3,22
2867,253,11,2025,1,1,4,22
2868,253,12,2025,0,1,4,22
2869,254,1,2025,0,2,4,22
2870,254,2,2025,3,1,5,22
2871,254,3,2025,4,2,2,22
2872,254,4,2025,3,0,1,22
2873,254,5,2025,2,2,3,22
2874,254,6,2025,3,2,3,22
2875,254,7,2025,1,1,3,22
2876,254,8,2025,2,2,6,22
2877,254,9,2025,2,0,4,22
2878,254,10,2025,2,0,3,22
2879,254,11,2025,1,1,5,22
2880,254,12,2025,2,1,1,22
2881,255,1,2025,1,2,2,22
2882,255,2,2025,1,0,1,22
2883,255,3,2025,1,1,3,22
2884,255,4,2025,0,0,2,22
2885,255,5,2025,0,0,7,22
2886,255,6,2025,1,0,1,22
2887,255,7,2025,1,2,2,22
2888,255,8,2025,0,0,1,22
2889,255,9,2025,3,0,1,22
2890,255,10,2025,2,3,5,22
2891,255,11,2025,1,3,2,22
2892,255,12,2025,1,1,4,22
2893,256,1,2025,3,1,3,22
2894,256,2,2025,3,0,3,22
2895,256,3,2025,3,1,2,22
2896,256,4,2025,1,0,3,22
2897,256,5,2025,0,0,3,22
2898,256,6,2025,0,0,5,22
2899,256,7,2025,0,3,2,22
2900,256,8,2025,1,0,2,22
2901,256,9,2025,2,3,2,22
2902,256,10,2025,0,2,0,22
2903,256,11,2025,1,1,5,22
2904,256,12,2025,0,1,1,22
2905,257,1,2025,5,3,7,22
2906,257,2,2025,5,2,3,22
2907,257,3,2025,1,0,2,22
2908,257,4,2025,2,1,3,22
2909,257,5,2025,3,1,3,22
2910,257,6,2025,4,3,0,22
2911,257,7,2025,3,1,2,22
2912,257,8,2025,2,1,1,22
2913,257,9,2025,4,1,4,22
2914,257,10,2025,3,2,4,22
2915,257,11,2025,2,1,1,22
2916,257,12,2025,2,5,4,22
2917,258,1,2025,5,0,3,22
2918,258,2,2025,3,1,1,22
2919,258,3,2025,1,3,1,22
2920,258,5,2025,3,3,1,22
2921,258,6,2025,1,2,5,22
2922,258,7,2025,1,1,2,22
2923,258,8,2025,1,3,2,22
2924,258,9,2025,3,0,3,22
2925,258,10,2025,0,0,4,22
2926,258,12,2025,2,2,0,22
2927,259,1,2025,0,1,2,22
2928,259,2,2025,1,0,1,22
2929,259,3,2025,4,1,2,22
2930,259,4,2025,1,0,4,22
2931,259,5,2025,1,1,2,22
2932,259,6,2025,3,0,2,22
2933,259,7,2025,1,0,4,22
2934,259,8,2025,0,4,3,22
2935,259,9,2025,1,2,1,22
2936,259,10,2025,0,1,5,22
2937,259,11,2025,1,0,3,22
2938,259,12,2025,2,1,3,22
2939,260,1,2025,1,1,1,22
2940,260,2,2025,5,1,2,22
2941,260,3,2025,1,1,6,22
2942,260,5,2025,3,1,4,22
2943,260,6,2025,1,2,1,22
2944,260,9,2025,1,1,6,22
2945,260,10,2025,2,1,2,22
2946,260,11,2025,2,3,1,22
2947,260,12,2025,0,1,0,22
2948,261,1,2025,2,0,3,22
2949,261,2,2025,2,1,2,22
2950,261,3,2025,2,1,4,22
2951,261,4,2025,2,1,3,22
2952,261,5,2025,1,1,3,22
2953,261,6,2025,1,0,4,22
2954,261,7,2025,0,0,4,22
2955,261,8,2025,4,1,2,22
2956,261,9,2025,2,3,1,22
2957,261,10,2025,4,1,0,22
2958,261,11,2025,1,1,0,22
2959,261,12,2025,1,1,4,22
2960,262,1,2025,2,0,1,22
2961,262,2,2025,1,2,3,22
2962,262,3,2025,1,0,3,22
2963,262,4,2025,0,1,3,22
2964,262,5,2025,0,2,3,22
2965,262,6,2025,1,2,3,22
2966,262,7,2025,2,1,4,22
2967,262,8,2025,4,2,5,22
2968,262,9,2025,1,0,4,22
2969,262,10,2025,5,1,5,22
2970,262,11,2025,1,2,2,22
2971,262,12,2025,2,1,2,22
2972,263,1,2025,2,0,5,22
2973,263,2,2025,1,0,2,22
2974,263,3,2025,0,1,1,22
2975,263,4,2025,3,0,3,22
2976,263,5,2025,2,0,3,22
2977,263,6,2025,0,1,2,22
2978,263,7,2025,4,2,2,22
2979,263,8,2025,1,0,1,22
2980,263,9,2025,0,0,2,22
2981,263,10,2025,0,0,3,22
2982,263,11,2025,4,1,3,22
2983,263,12,2025,1,1,4,22
2984,264,1,2025,1,1,6,22
2985,264,2,2025,0,1,2,22
2986,264,3,2025,1,1,5,22
2987,264,4,2025,0,2,5,22
2988,264,5,2025,1,0,4,22
2989,264,6,2025,2,2,4,22
2990,264,7,2025,2,1,2,22
2991,264,8,2025,1,1,1,22
2992,264,9,2025,2,0,1,22
2993,264,10,2025,1,3,2,22
2994,264,11,2025,0,2,2,22
2995,264,12,2025,1,1,4,22
2996,265,1,2025,2,1,5,22
2997,265,2,2025,5,1,3,22
2998,265,3,2025,1,1,0,22
2999,265,4,2025,3,1,5,22
3000,265,5,2025,1,0,1,22
3001,265,6,2025,0,1,4,22
3002,265,7,2025,0,1,1,22
3003,265,8,2025,2,0,5,22
3004,265,9,2025,2,1,2,22
3005,265,10,2025,3,0,5,22
3006,265,11,2025,4,1,5,22
3007,265,12,2025,3,2,2,22
3008,266,1,2025,1,1,2,22
3009,266,2,2025,0,1,4,22
3010,266,3,2025,2,1,2,22
3011,266,4,2025,0,2,2,22
3012,266,5,2025,4,0,2,22
3013,266,6,2025,5,1,2,22
3014,266,7,2025,3,0,1,22
3015,266,8,2025,0,0,3,22
3016,266,9,2025,6,0,1,22
3017,266,10,2025,1,1,2,22
3018,266,11,2025,3,0,4,22
3019,266,12,2025,1,2,1,22
3020,267,1,2025,2,1,1,22
3021,267,2,2025,4,3,4,22
3022,267,3,2025,3,2,3,22
3023,267,4,2025,1,0,2,22
3024,267,5,2025,2,1,3,22
3025,267,6,2025,5,1,4,22
3026,267,7,2025,3,5,4,22
3027,267,8,2025,0,1,8,22
3028,267,9,2025,2,3,5,22
3029,267,10,2025,1,1,6,22
3030,267,11,2025,5,3,8,22
3031,267,12,2025,2,2,5,22
3032,268,1,2025,1,1,2,22
3033,268,2,2025,3,3,7,22
3034,268,3,2025,2,4,4,22
3035,268,4,2025,2,2,3,22
3036,268,5,2025,2,0,3,22
3037,268,6,2025,1,3,3,22
3038,268,7,2025,3,1,3,22
3039,268,8,2025,0,2,5,22
3040,268,9,2025,2,0,1,22
3041,268,10,2025,0,2,2,22
3042,268,11,2025,1,0,3,22
3043,268,12,2025,1,1,3,22
3044,269,2,2025,4,0,4,22
3045,269,3,2025,1,0,2,22
3046,269,5,2025,1,2,1,22
3047,269,7,2025,2,5,3,22
3048,269,8,2025,5,4,4,22
3049,269,9,2025,1,1,3,22
3050,269,10,2025,1,3,3,22
3051,269,11,2025,2,3,2,22
3052,270,1,2025,1,0,2,22
3053,270,2,2025,3,0,1,22
3054,270,3,2025,1,1,1,22
3055,270,4,2025,2,2,9,22
3056,270,5,2025,5,1,3,22
3057,270,6,2025,2,0,2,22
3058,270,7,2025,5,0,3,22
3059,270,8,2025,0,1,8,22
3060,270,9,2025,2,2,4,22
3061,270,10,2025,2,1,2,22
3062,270,11,2025,1,0,5,22
3063,270,12,2025,0,2,2,22
3064,271,1,2025,0,0,1,22
3065,271,2,2025,1,1,3,22
3066,271,3,2025,1,1,1,22
3067,271,4,2025,1,0,2,22
3068,271,5,2025,2,3,6,22
3069,271,6,2025,2,0,3,22
3070,271,7,2025,0,0,4,22
3071,271,8,2025,2,1,2,22
3072,271,9,2025,1,0,3,22
3073,271,10,2025,2,1,1,22
3074,271,11,2025,2,2,6,22
3075,271,12,2025,1,0,4,22
3076,272,1,2025,2,0,2,22
3077,272,2,2025,1,0,5,22
3078,272,3,2025,0,0,3,22
3079,272,4,2025,1,1,1,22
3080,272,5,2025,1,2,5,22
3081,272,6,2025,0,2,4,22
3082,272,7,2025,3,0,6,22
3083,272,8,2025,1,0,5,22
3084,272,9,2025,1,0,3,22
3085,272,10,2025,2,0,2,22
3086,272,11,2025,0,1,3,22
3087,272,12,2025,1,3,1,22
3088,273,1,2025,2,1,5,22
3089,273,2,2025,3,0,3,22
3090,273,3,2025,2,0,2,22
3091,273,4,2025,2,3,2,22
3092,273,5,2025,2,2,4,22
3093,273,6,2025,2,1,6,22
3094,273,7,2025,1,3,3,22
3095,273,8,2025,2,3,2,22
3096,273,9,2025,4,1,3,22
3097,273,10,2025,4,5,4,22
3098,273,11,2025,4,1,5,22
3099,273,12,2025,2,1,2,22
3100,274,1,2025,2,1,4,22
3101,274,2,2025,2,1,4,22
3102,274,3,2025,1,1,3,22
3103,274,4,2025,4,1,5,22
3104,274,5,2025,3,2,2,22
3105,274,6,2025,4,1,2,22
3106,274,7,2025,1,1,2,22
3107,274,8,2025,4,0,3,22
3108,274,9,2025,3,3,2,22
3109,274,10,2025,3,3,3,22
3110,274,11,2025,1,2,3,22
3111,274,12,2025,2,1,4,22
3112,275,1,2025,0,0,2,22
3113,275,2,2025,2,0,6,22
3114,275,3,2025,1,2,4,22
3115,275,4,2025,1,2,3,22
3116,275,5,2025,2,0,3,22
3117,275,6,2025,1,0,2,22
3118,275,7,2025,1,2,3,22
3119,275,8,2025,0,0,0,22
3120,275,9,2025,1,0,2,22
3121,275,10,2025,1,0,3,22
3122,275,11,2025,0,0,1,22
3123,275,12,2025,0,1,7,22
3124,276,1,2025,2,1,4,22
3125,276,2,2025,4,3,3,22
3126,276,3,2025,1,1,2,22
3127,276,4,2025,2,2,3,22
3128,276,5,2025,2,3,5,22
3129,276,6,2025,5,4,3,22
3130,276,7,2025,4,3,3,22
3131,276,8,2025,3,1,4,22
3132,276,9,2025,2,0,3,22
3133,276,10,2025,2,2,5,22
3134,276,11,2025,1,1,1,22
3135,276,12,2025,1,2,2,22
3136,277,1,2025,1,2,0,22
3137,277,2,2025,0,0,0,22
3138,277,3,2025,2,0,1,22
3139,277,4,2025,4,0,2,22
3140,277,5,2025,1,0,3,22
3141,277,6,2025,0,2,4,22
3142,277,7,2025,2,2,2,22
3143,277,8,2025,0,0,3,22
3144,277,9,2025,2,0,4,22
3145,277,10,2025,0,3,3,22
3146,277,11,2025,2,3,1,22
3147,277,12,2025,1,2,3,22
3148,278,1,2025,5,2,4,22
3149,278,2,2025,5,6,7,22
3150,278,3,2025,0,1,3,22
3151,278,4,2025,3,1,4,22
3152,278,5,2025,5,1,2,22
3153,278,6,2025,3,2,3,22
3154,278,7,2025,5,2,5,22
3155,278,8,2025,5,2,6,22
3156,278,9,2025,4,2,2,22
3157,278,10,2025,0,1,4,22
3158,278,11,2025,0,5,3,22
3159,278,12,2025,2,4,2,22
3160,279,1,2025,4,4,3,22
3161,279,2,2025,3,0,5,22
3162,279,3,2025,1,2,8,22
3163,279,4,2025,1,4,2,22
3164,279,5,2025,1,0,6,22
3165,279,6,2025,2,1,4,22
3166,279,7,2025,3,4,5,22
3167,279,8,2025,2,2,2,22
3168,279,9,2025,6,1,3,22
3169,279,10,2025,2,2,5,22
3170,279,11,2025,3,0,8,22
3171,279,12,2025,4,5,5,22
3172,280,1,2025,0,0,2,22
3173,280,2,2025,0,3,3,22
3174,280,3,2025,1,1,4,22
3175,280,5,2025,3,1,6,22
3176,280,6,2025,2,0,6,22
3177,280,7,2025,0,0,2,22
3178,280,9,2025,1,1,1,22
3179,280,10,2025,2,1,3,22
3180,280,11,2025,4,2,2,22
3181,281,1,2025,1,1,1,22
3182,281,2,2025,2,0,3,22
3183,281,3,2025,3,2,0,22
3184,281,4,2025,1,0,2,22
3185,281,5,2025,1,1,6,22
3186,281,6,2025,1,2,0,22
3187,281,7,2025,2,1,0,22
3188,281,8,2025,0,1,8,22
3189,281,9,2025,2,0,3,22
3190,281,10,2025,3,0,3,22
3191,281,11,2025,3,1,2,22
3192,281,12,2025,1,0,2,22
3193,282,1,2025,2,1,4,22
3194,282,2,2025,2,2,4,22
3195,282,3,2025,4,0,3,22
3196,282,4,2025,4,5,4,22
3197,282,5,2025,4,4,2,22
3198,282,6,2025,6,1,4,22
3199,282,7,2025,2,1,0,22
3200,282,8,2025,3,3,4,22
3201,282,9,2025,1,1,3,22
3202,282,10,2025,3,4,3,22
3203,282,11,2025,1,1,4,22
3204,282,12,2025,1,0,0,22
3205,283,1,2025,2,2,1,22
3206,283,2,2025,3,1,3,22
3207,283,3,2025,3,0,3,22
3208,283,4,2025,1,3,3,22
3209,283,5,2025,1,1,4,22
3210,283,6,2025,2,2,4,22
3211,283,7,2025,2,0,2,22
3212,283,8,2025,4,0,2,22
3213,283,9,2025,3,1,6,22
3214,283,10,2025,0,0,3,22
3215,283,11,2025,0,0,1,22
3216,283,12,2025,1,1,1,22
3217,284,1,2025,3,2,5,22
3218,284,2,2025,0,3,4,22
3219,284,3,2025,4,0,2,22
3220,284,4,2025,2,1,6,22
3221,284,5,2025,3,3,3,22
3222,284,6,2025,5,2,4,22
3223,284,7,2025,3,1,3,22
3224,284,8,2025,4,1,2,22
3225,284,9,2025,3,3,1,22
3226,284,10,2025,1,2,2,22
3227,284,11,2025,3,1,2,22
3228,284,12,2025,2,4,4,22
3229,285,1,2025,0,0,1,22
3230,285,2,2025,1,2,3,22
3231,285,3,2025,2,1,2,22
3232,285,4,2025,1,0,2,22
3233,285,5,2025,1,1,1,22
3234,285,6,2025,1,2,3,22
3235,285,7,2025,0,1,3,22
3236,285,8,2025,4,1,2,22
3237,285,9,2025,0,1,4,22
3238,285,10,2025,0,0,2,22
3239,285,11,2025,1,4,1,22
3240,285,12,2025,0,2,8,22
3241,286,1,2025,3,2,3,22
3242,286,2,2025,1,1,6,22
3243,286,3,2025,0,2,1,22
3244,286,5,2025,0,0,1,22
3245,286,6,2025,1,2,1,22
3246,286,7,2025,0,1,2,22
3247,286,8,2025,1,3,5,22
3248,286,9,2025,1,0,1,22
3249,286,11,2025,1,0,5,22
3250,287,1,2025,1,0,1,22
3251,287,2,2025,1,2,5,22
3252,287,3,2025,1,0,1,22
3253,287,4,2025,2,1,6,22
3254,287,5,2025,0,0,2,22
3255,287,6,2025,0,1,1,22
3256,287,7,2025,2,1,5,22
3257,287,8,2025,2,2,5,22
3258,287,9,2025,0,0,6,22
3259,287,10,2025,5,1,3,22
3260,287,11,2025,0,0,6,22
3261,287,12,2025,0,4,1,22
3262,288,1,2025,2,4,4,22
3263,288,2,2025,2,1,2,22
3264,288,3,2025,1,3,5,22
3265,288,4,2025,2,3,0,22
3266,288,5,2025,0,5,7,22
3267,288,6,2025,1,3,1,22
3268,288,7,2025,1,2,4,22
3269,288,8,2025,2,0,3,22
3270,288,9,2025,2,1,1,22
3271,288,10,2025,2,2,1,22
3272,288,11,2025,2,2,9,22
3273,288,12,2025,4,2,2,22
3274,289,1,2025,1,0,3,22
3275,289,5,2025,3,0,4,22
3276,289,11,2025,0,2,2,22
3277,289,12,2025,4,0,1,22
3278,290,1,2025,1,0,3,22
3279,290,2,2025,1,3,3,22
3280,290,3,2025,1,1,3,22
3281,290,4,2025,1,2,5,22
3282,290,5,2025,1,2,4,22
3283,290,6,2025,0,0,6,22
3284,290,8,2025,1,1,3,22
3285,290,9,2025,1,2,1,22
3286,290,10,2025,4,1,0,22
3287,290,11,2025,0,1,5,22
3288,290,12,2025,0,2,3,22
3289,291,1,2025,2,1,5,22
3290,291,2,2025,1,2,2,22
3291,291,3,2025,4,1,4,22
3292,291,4,2025,1,2,3,22
3293,291,5,2025,3,1,4,22
3294,291,6,2025,1,1,3,22
3295,291,7,2025,3,0,4,22
3296,291,8,2025,0,0,7,22
3297,291,9,2025,3,0,0,22
3298,291,10,2025,0,1,4,22
3299,291,11,2025,3,1,2,22
3300,291,12,2025,0,1,5,22
3301,292,1,2025,0,0,5,22
3302,292,2,2025,1,0,3,22
3303,292,3,2025,1,0,3,22
3304,292,4,2025,2,1,2,22
3305,292,5,2025,2,1,1,22
3306,292,6,2025,0,0,4,22
3307,292,7,2025,3,4,3,22
3308,292,8,2025,0,0,2,22
3309,292,9,2025,1,1,2,22
3310,292,10,2025,1,0,3,22
3311,292,11,2025,3,0,4,22
3312,292,12,2025,2,0,4,22
3313,293,1,2025,1,1,2,22
3314,293,2,2025,4,2,3,22
3315,293,3,2025,4,0,4,22
3316,293,4,2025,1,0,7,22
3317,293,5,2025,3,0,1,22
3318,293,6,2025,2,1,2,22
3319,293,7,2025,1,1,2,22
3320,293,9,2025,3,4,3,22
3321,293,10,2025,0,0,5,22
3322,293,11,2025,1,0,3,22
3323,293,12,2025,1,2,4,22
3324,294,1,2025,1,3,7,22
3325,294,3,2025,2,3,3,22
3326,294,4,2025,2,5,3,22
3327,294,8,2025,3,1,4,22
3328,294,9,2025,0,2,2,22
3329,294,10,2025,4,2,2,22
3330,294,11,2025,4,4,5,22
3331,295,1,2025,2,2,2,22
3332,295,2,2025,4,0,2,22
3333,295,4,2025,1,2,2,22
3334,295,7,2025,5,4,1,22
3335,295,10,2025,1,0,5,22
3336,295,11,2025,3,2,3,22
3337,296,1,2025,1,1,6,22
3338,296,2,2025,2,1,3,22
3339,296,3,2025,0,0,5,22
3340,296,4,2025,3,0,2,22
3341,296,5,2025,4,1,2,22
3342,296,6,2025,1,4,4,22
3343,296,9,2025,2,1,4,22
3344,296,10,2025,0,1,5,22
3345,296,12,2025,3,1,1,22
3346,297,1,2025,2,0,9,22
3347,297,2,2025,1,2,4,22
3348,297,3,2025,3,2,2,22
3349,297,4,2025,2,2,3,22
3350,297,5,2025,6,0,1,22
3351,297,6,2025,0,0,3,22
3352,297,7,2025,2,2,3,22
3353,297,8,2025,4,1,2,22
3354,297,9,2025,4,3,7,22
3355,297,10,2025,3,0,4,22
3356,297,11,2025,3,3,2,22
3357,297,12,2025,3,2,6,22
3358,298,1,2025,3,1,2,22
3359,298,2,2025,0,1,3,22
3360,298,3,2025,1,1,2,22
3361,298,4,2025,2,1,6,22
3362,298,5,2025,1,0,3,22
3363,298,6,2025,1,1,6,22
3364,298,7,2025,3,2,3,22
3365,298,8,2025,3,0,3,22
3366,298,9,2025,2,2,2,22
3367,298,10,2025,1,1,6,22
3368,298,11,2025,2,1,2,22
3369,298,12,2025,1,0,3,22
3370,299,1,2025,1,1,4,22
3371,299,2,2025,0,2,5,22
3372,299,3,2025,1,1,1,22
3373,299,4,2025,2,1,1,22
3374,299,5,2025,0,0,2,22
3375,299,6,2025,0,0,3,22
3376,299,7,2025,1,3,2,22
3377,299,8,2025,2,0,6,22
3378,299,9,2025,0,1,1,22
3379,299,10,2025,0,1,3,22
3380,299,11,2025,1,2,4,22
3381,299,12,2025,3,0,3,22
3382,300,1,2025,4,0,3,22
3383,300,2,2025,1,2,4,22
3384,300,3,2025,1,0,5,22
3385,300,4,2025,1,1,5,22
3386,300,5,2025,1,3,3,22
3387,300,6,2025,3,1,4,22
3388,300,7,2025,1,0,4,22
3389,300,8,2025,2,0,5,22
3390,300,9,2025,2,1,1,22
3391,300,10,2025,2,0,1,22
3392,300,11,2025,1,0,3,22
3393,300,12,2025,0,0,5,22
3394,301,1,2025,1,1,2,22
3395,301,2,2025,1,1,3,22
3396,301,3,2025,2,0,3,22
3397,301,4,2025,2,2,3,22
3398,301,5,2025,1,0,7,22
3399,301,6,2025,3,1,4,22
3400,301,7,2025,0,4,3,22
3401,301,8,2025,2,4,5,22
3402,301,9,2025,1,2,3,22
3403,301,10,2025,2,2,3,22
3404,301,11,2025,4,2,3,22
3405,301,12,2025,2,0,5,22
3406,302,1,2025,1,0,4,22
3407,302,2,2025,1,2,2,22
3408,302,3,2025,1,2,2,22
3409,302,4,2025,1,0,2,22
3410,302,5,2025,1,2,3,22
3411,302,6,2025,1,1,2,22
3412,302,7,2025,0,1,2,22
3413,302,8,2025,0,0,4,22
3414,302,9,2025,1,1,3,22
3415,302,10,2025,3,0,6,22
3416,302,11,2025,1,2,2,22
3417,302,12,2025,1,1,2,22
3418,303,1,2025,3,1,3,22
3419,303,2,2025,1,3,3,22
3420,303,3,2025,1,0,6,22
3421,303,4,2025,4,3,1,22
3422,303,5,2025,0,1,6,22
3423,303,6,2025,1,1,2,22
3424,303,7,2025,1,0,1,22
3425,303,8,2025,1,2,4,22
3426,303,9,2025,3,1,4,22
3427,303,10,2025,1,2,4,22
3428,303,11,2025,2,1,1,22
3429,303,12,2025,1,0,3,22
3430,304,1,2025,1,2,4,22
3431,304,2,2025,2,2,5,22
3432,304,3,2025,1,1,5,22
3433,304,5,2025,1,1,4,22
3434,304,8,2025,1,0,4,22
3435,304,9,2025,0,1,3,22
3436,304,10,2025,1,2,1,22
3437,304,11,2025,2,0,3,22
3438,304,12,2025,2,0,1,22
3439,305,1,2025,0,0,1,22
3440,305,2,2025,1,0,2,22
3441,305,3,2025,1,2,3,22
3442,305,4,2025,1,0,4,22
3443,305,5,2025,1,2,2,22
3444,305,6,2025,1,2,3,22
3445,305,7,2025,1,1,6,22
3446,305,8,2025,0,2,1,22
3447,305,9,2025,2,1,6,22
3448,305,10,2025,2,0,3,22
3449,305,11,2025,0,0,1,22
3450,305,12,2025,1,2,2,22
3451,306,1,2025,0,1,3,22
3452,306,2,2025,2,0,2,22
3453,306,3,2025,2,1,2,22
3454,306,4,2025,1,0,5,22
3455,306,5,2025,2,0,3,22
3456,306,6,2025,1,0,2,22
3457,306,7,2025,2,0,1,22
3458,306,8,2025,3,2,2,22
3459,306,9,2025,3,1,3,22
3460,306,10,2025,1,0,3,22
3461,306,11,2025,2,2,2,22
3462,306,12,2025,1,1,1,22
3463,307,1,2025,2,3,2,22
3464,307,2,2025,1,0,3,22
3465,307,3,2025,0,1,7,22
3466,307,4,2025,1,3,4,22
3467,307,5,2025,0,2,3,22
3468,307,6,2025,1,1,3,22
3469,307,7,2025,2,5,3,22
3470,307,8,2025,2,0,5,22
3471,307,9,2025,1,3,2,22
3472,307,10,2025,2,2,2,22
3473,307,11,2025,1,3,4,22
3474,307,12,2025,1,0,4,22
3475,308,1,2025,2,2,0,22
3476,308,2,2025,1,1,3,22
3477,308,4,2025,1,0,4,22
3478,308,5,2025,2,0,0,22
3479,308,6,2025,4,1,4,22
3480,308,7,2025,1,0,7,22
3481,308,8,2025,0,0,5,22
3482,308,10,2025,0,1,3,22
3483,308,11,2025,2,0,2,22
3484,309,5,2025,4,3,1,22
3485,309,6,2025,1,4,4,22
3486,309,7,2025,3,2,1,22
3487,309,8,2025,4,3,1,22
3488,309,10,2025,1,0,5,22
3489,309,11,2025,2,1,6,22
3490,309,12,2025,0,0,7,22
3491,310,1,2025,0,0,3,22
3492,310,2,2025,3,0,4,22
3493,310,3,2025,1,1,2,22
3494,310,4,2025,1,0,2,22
3495,310,5,2025,0,3,5,22
3496,310,6,2025,1,3,3,22
3497,310,7,2025,0,4,1,22
3498,310,8,2025,3,0,3,22
3499,310,9,2025,0,1,1,22
3500,310,10,2025,1,0,1,22
3501,310,11,2025,4,0,8,22
3502,310,12,2025,1,0,2,22
3503,311,1,2025,4,1,0,22
3504,311,2,2025,4,2,2,22
3505,311,3,2025,4,3,2,22
3506,311,4,2025,0,3,6,22
3507,311,5,2025,3,0,4,22
3508,311,6,2025,4,2,4,22
3509,311,7,2025,1,4,1,22
3510,311,8,2025,3,4,2,22
3511,311,9,2025,2,1,4,22
3512,311,10,2025,2,2,1,22
3513,311,11,2025,2,3,7,22
3514,311,12,2025,2,1,6,22
3515,312,1,2025,3,1,1,22
3516,312,2,2025,3,0,2,22
3517,312,3,2025,2,2,4,22
3518,312,4,2025,2,2,1,22
3519,312,5,2025,1,0,6,22
3520,312,6,2025,2,0,7,22
3521,312,7,2025,4,2,1,22
3522,312,8,2025,2,1,1,22
3523,312,9,2025,1,1,7,22
3524,312,10,2025,3,1,3,22
3525,312,11,2025,1,2,2,22
3526,312,12,2025,2,2,5,22
3527,313,1,2025,0,0,3,22
3528,313,2,2025,0,0,3,22
3529,313,3,2025,5,2,0,22
3530,313,4,2025,0,0,3,22
3531,313,5,2025,1,0,7,22
3532,313,6,2025,3,0,3,22
3533,313,7,2025,1,0,4,22
3534,313,8,2025,1,1,3,22
3535,313,9,2025,1,0,5,22
3536,313,10,2025,3,3,4,22
3537,313,11,2025,2,1,5,22
3538,313,12,2025,0,0,5,22
3539,314,1,2025,2,2,2,22
3540,314,2,2025,2,4,4,22
3541,314,3,2025,1,1,3,22
3542,314,4,2025,1,0,2,22
3543,314,5,2025,0,0,2,22
3544,314,6,2025,2,0,1,22
3545,314,7,2025,2,0,5,22
3546,314,8,2025,0,1,5,22
3547,314,9,2025,3,1,2,22
3548,314,10,2025,3,3,2,22
3549,314,11,2025,1,2,2,22
3550,314,12,2025,1,0,3,22
3551,315,1,2025,1,0,4,22
3552,315,2,2025,3,1,2,22
3553,315,3,2025,0,2,1,22
3554,315,4,2025,0,2,6,22
3555,315,5,2025,1,1,2,22
3556,315,6,2025,0,1,4,22
3557,315,7,2025,1,0,3,22
3558,315,8,2025,1,0,4,22
3559,315,9,2025,2,3,5,22
3560,315,10,2025,1,2,7,22
3561,315,11,2025,1,2,1,22
3562,315,12,2025,4,2,1,22
3563,316,1,2025,2,3,2,22
3564,316,2,2025,3,2,2,22
3565,316,3,2025,3,1,3,22
3566,316,4,2025,1,4,4,22
3567,316,5,2025,3,3,3,22
3568,316,6,2025,3,3,1,22
3569,316,7,2025,5,2,3,22
3570,316,8,2025,2,4,4,22
3571,316,9,2025,2,0,3,22
3572,316,10,2025,3,1,2,22
3573,316,11,2025,2,3,7,22
3574,316,12,2025,3,1,2,22
3575,317,1,2025,2,0,4,22
3576,317,2,2025,2,0,2,22
3577,317,3,2025,1,1,1,22
3578,317,4,2025,2,0,8,22
3579,317,5,2025,1,1,5,22
3580,317,6,2025,2,1,1,22
3581,317,7,2025,1,1,2,22
3582,317,8,2025,0,2,1,22
3583,317,9,2025,1,1,3,22
3584,317,10,2025,1,3,2,22
3585,317,11,2025,0,1,2,22
3586,317,12,2025,3,1,1,22
3587,318,1,2025,1,0,7,22
3588,318,2,2025,0,1,3,22
3589,318,3,2025,1,1,3,22
3590,318,4,2025,1,2,3,22
3591,318,5,2025,0,0,5,22
3592,318,6,2025,1,1,5,22
3593,318,7,2025,2,0,6,22
3594,318,8,2025,0,1,6,22
3595,318,9,2025,3,0,3,22
3596,318,10,2025,1,0,3,22
3597,318,11,2025,1,1,2,22
3598,318,12,2025,1,0,5,22
3599,319,1,2025,1,2,3,22
3600,319,2,2025,2,1,5,22
3601,319,3,2025,0,0,3,22
3602,319,4,2025,1,0,4,22
3603,319,5,2025,1,0,3,22
3604,319,6,2025,2,4,3,22
3605,319,7,2025,0,1,3,22
3606,319,8,2025,5,2,5,22
3607,319,9,2025,1,0,3,22
3608,319,10,2025,4,1,3,22
3609,319,11,2025,1,0,2,22
3610,319,12,2025,0,0,4,22
3611,320,1,2025,2,0,2,22
3612,320,2,2025,1,0,4,22
3613,320,3,2025,1,1,4,22
3614,320,4,2025,0,0,3,22
3615,320,5,2025,1,3,2,22
3616,320,6,2025,2,0,4,22
3617,320,7,2025,3,1,5,22
3618,320,8,2025,1,1,2,22
3619,320,9,2025,2,0,3,22
3620,320,10,2025,2,0,0,22
3621,320,11,2025,2,2,4,22
3622,320,12,2025,5,2,6,22
3623,321,1,2025,2,3,1,22
3624,321,2,2025,4,1,5,22
3625,321,3,2025,5,1,2,22
3626,321,4,2025,3,2,6,22
3627,321,5,2025,2,5,1,22
3628,321,6,2025,2,0,4,22
3629,321,7,2025,2,1,3,22
3630,321,8,2025,3,2,7,22
3631,321,9,2025,2,2,2,22
3632,321,10,2025,2,2,1,22
3633,321,11,2025,1,1,3,22
3634,321,12,2025,2,1,2,22
3635,322,1,2025,2,2,3,22
3636,322,2,2025,0,2,1,22
3637,322,3,2025,1,3,4,22
3638,322,4,2025,1,1,2,22
3639,322,5,2025,0,1,2,22
3640,322,6,2025,1,2,2,22
3641,322,7,2025,0,2,2,22
3642,322,8,2025,1,1,2,22
3643,322,9,2025,2,0,0,22
3644,322,10,2025,2,0,3,22
3645,322,11,2025,4,2,2,22
3646,322,12,2025,1,0,4,22
3647,323,1,2025,0,1,2,22
3648,323,2,2025,2,1,4,22
3649,323,3,2025,1,1,2,22
3650,323,4,2025,1,0,4,22
3651,323,5,2025,2,2,2,22
3652,323,6,2025,3,0,2,22
3653,323,7,2025,1,4,3,22
3654,323,8,2025,0,1,4,22
3655,323,9,2025,3,0,4,22
3656,323,10,2025,4,1,0,22
3657,323,11,2025,1,2,4,22
3658,323,12,2025,1,0,8,22
3659,324,1,2025,1,0,5,22
3660,324,2,2025,2,2,4,22
3661,324,3,2025,1,2,2,22
3662,324,4,2025,2,0,3,22
3663,324,5,2025,1,2,3,22
3664,324,6,2025,1,1,5,22
3665,324,7,2025,1,2,1,22
3666,324,8,2025,3,3,5,22
3667,324,9,2025,1,1,5,22
3668,324,10,2025,2,3,1,22
3669,324,11,2025,1,2,1,22
3670,324,12,2025,0,1,4,22
3671,325,3,2025,0,2,2,22
3672,325,7,2025,0,1,1,22
3673,325,10,2025,1,2,3,22
3674,325,12,2025,2,1,1,22
3675,326,1,2025,0,1,0,22
3676,326,2,2025,3,1,3,22
3677,326,3,2025,1,0,5,22
3678,326,4,2025,0,2,3,22
3679,326,5,2025,1,0,3,22
3680,326,6,2025,0,1,7,22
3681,326,7,2025,0,0,3,22
3682,326,8,2025,4,2,5,22
3683,326,9,2025,2,0,3,22
3684,326,10,2025,0,3,3,22
3685,326,11,2025,2,0,2,22
3686,326,12,2025,2,1,4,22
3687,327,1,2025,0,0,0,22
3688,327,5,2025,1,0,8,22
3689,327,6,2025,0,0,4,22
3690,327,8,2025,1,0,2,22
3691,327,9,2025,2,2,3,22
3692,327,10,2025,1,0,1,22
3693,328,1,2025,2,3,0,22
3694,328,2,2025,2,4,6,22
3695,328,3,2025,6,2,2,22
3696,328,4,2025,3,1,1,22
3697,328,5,2025,1,2,2,22
3698,328,6,2025,1,2,7,22
3699,328,7,2025,5,1,3,22
3700,328,8,2025,2,3,3,22
3701,328,9,2025,3,1,2,22
3702,328,10,2025,4,3,4,22
3703,328,11,2025,3,1,6,22
3704,328,12,2025,2,3,4,22
3705,329,1,2025,3,0,2,22
3706,329,2,2025,0,0,1,22
3707,329,3,2025,1,1,2,22
3708,329,4,2025,2,1,2,22
3709,329,5,2025,1,1,2,22
3710,329,6,2025,0,3,0,22
3711,329,7,2025,3,1,2,22
3712,329,8,2025,0,2,2,22
3713,329,9,2025,1,1,3,22
3714,329,10,2025,1,0,3,22
3715,329,11,2025,1,4,1,22
3716,329,12,2025,2,2,4,22
3717,330,1,2025,0,4,1,22
3718,330,2,2025,3,4,2,22
3719,330,3,2025,3,1,3,22
3720,330,4,2025,1,2,2,22
3721,330,6,2025,8,3,0,22
3722,330,8,2025,3,4,4,22
3723,330,10,2025,0,1,0,22
3724,330,11,2025,3,2,4,22
3725,330,12,2025,2,0,4,22
3726,331,1,2025,3,1,5,22
3727,331,2,2025,1,1,1,22
3728,331,3,2025,3,2,2,22
3729,331,4,2025,6,2,4,22
3730,331,5,2025,3,1,3,22
3731,331,6,2025,2,4,2,22
3732,331,7,2025,1,5,2,22
3733,331,8,2025,2,3,2,22
3734,331,9,2025,5,2,4,22
3735,331,10,2025,5,1,2,22
3736,331,11,2025,2,1,6,22
3737,331,12,2025,2,4,1,22
3738,332,1,2025,3,3,3,22
3739,332,4,2025,3,4,4,22
3740,332,5,2025,2,3,4,22
3741,332,6,2025,3,3,2,22
3742,332,7,2025,3,1,2,22
3743,332,8,2025,1,3,2,22
3744,332,9,2025,1,0,4,22
3745,332,11,2025,4,2,4,22
3746,332,12,2025,7,5,2,22
3747,333,1,2025,3,1,3,22
3748,333,2,2025,2,1,3,22
3749,333,3,2025,0,0,4,22
3750,333,4,2025,1,2,0,22
3751,333,5,2025,4,4,4,22
3752,333,6,2025,1,1,3,22
3753,333,7,2025,4,5,5,22
3754,333,8,2025,1,2,4,22
3755,333,9,2025,1,2,1,22
3756,333,10,2025,5,4,2,22
3757,333,11,2025,3,2,3,22
3758,333,12,2025,4,2,2,22
3759,334,1,2025,0,2,6,22
3760,334,2,2025,1,0,6,22
3761,334,3,2025,1,0,4,22
3762,334,4,2025,0,1,2,22
3763,334,5,2025,1,0,0,22
3764,334,6,2025,2,0,7,22
3765,334,7,2025,0,1,3,22
3766,334,8,2025,4,0,3,22
3767,334,9,2025,2,1,6,22
3768,334,10,2025,3,2,2,22
3769,334,11,2025,4,1,1,22
3770,334,12,2025,0,0,2,22
3771,335,1,2025,2,4,2,22
3772,335,2,2025,3,1,5,22
3773,335,3,2025,1,1,1,22
3774,335,4,2025,0,1,7,22
3775,335,5,2025,0,2,3,22
3776,335,6,2025,1,1,1,22
3777,335,7,2025,2,0,1,22
3778,335,8,2025,3,1,3,22
3779,335,9,2025,4,0,5,22
3780,335,10,2025,2,1,8,22
3781,335,11,2025,4,2,1,22
3782,335,12,2025,0,1,3,22
3783,336,1,2025,2,2,5,22
3784,336,2,2025,0,0,3,22
3785,336,3,2025,1,0,5,22
3786,336,4,2025,3,1,3,22
3787,336,5,2025,1,1,1,22
3788,336,6,2025,0,1,3,22
3789,336,7,2025,2,0,1,22
3790,336,8,2025,3,1,5,22
3791,336,9,2025,2,0,3,22
3792,336,10,2025,1,0,0,22
3793,336,11,2025,2,0,1,22
3794,336,12,2025,2,1,3,22
3795,337,1,2025,1,1,3,22
3796,337,2,2025,2,1,3,22
3797,337,3,2025,2,1,2,22
3798,337,4,2025,2,2,2,22
3799,337,5,2025,0,0,2,22
3800,337,6,2025,2,1,5,22
3801,337,7,2025,1,0,2,22
3802,337,8,2025,1,2,2,22
3803,337,9,2025,0,0,3,22
3804,337,10,2025,1,0,1,22
3805,337,11,2025,2,1,5,22
3806,337,12,2025,3,1,2,22
3807,338,1,2025,1,3,4,22
3808,338,2,2025,1,1,4,22
3809,338,3,2025,3,1,4,22
3810,338,4,2025,2,3,2,22
3811,338,5,2025,4,1,2,22
3812,338,6,2025,1,2,3,22
3813,338,7,2025,0,0,1,22
3814,338,8,2025,2,5,1,22
3815,338,9,2025,4,1,5,22
3816,338,10,2025,2,1,3,22
3817,338,11,2025,1,1,1,22
3818,338,12,2025,0,2,5,22
3819,339,1,2025,1,0,1,22
3820,339,2,2025,1,1,2,22
3821,339,3,2025,1,1,4,22
3822,339,4,2025,2,1,3,22
3823,339,5,2025,2,2,3,22
3824,339,6,2025,1,1,0,22
3825,339,7,2025,2,1,4,22
3826,339,8,2025,1,2,3,22
3827,339,9,2025,2,1,1,22
3828,339,10,2025,2,1,1,22
3829,339,11,2025,1,1,1,22
3830,339,12,2025,4,4,2,22
3831,340,1,2025,1,2,0,22
3832,340,2,2025,1,1,5,22
3833,340,3,2025,3,0,5,22
3834,340,4,2025,1,1,4,22
3835,340,5,2025,0,2,1,22
3836,340,6,2025,5,3,2,22
3837,340,7,2025,1,2,1,22
3838,340,8,2025,0,1,4,22
3839,340,9,2025,0,2,3,22
3840,340,10,2025,0,1,7,22
3841,340,11,2025,1,3,4,22
3842,340,12,2025,2,2,2,22
3843,341,1,2025,4,2,3,22
3844,341,2,2025,2,0,2,22
3845,341,3,2025,2,1,2,22
3846,341,4,2025,1,2,4,22
3847,341,5,2025,0,0,1,22
3848,341,6,2025,5,0,8,22
3849,341,7,2025,0,1,1,22
3850,341,8,2025,0,1,4,22
3851,341,9,2025,3,0,2,22
3852,341,10,2025,2,1,2,22
3853,341,11,2025,1,0,5,22
3854,341,12,2025,2,3,3,22
3855,342,1,2025,0,1,3,22
3856,342,2,2025,2,2,3,22
3857,342,3,2025,4,0,3,22
3858,342,4,2025,2,2,6,22
3859,342,5,2025,1,1,3,22
3860,342,6,2025,2,1,2,22
3861,342,7,2025,1,0,4,22
3862,342,8,2025,2,1,2,22
3863,342,9,2025,2,0,4,22
3864,342,10,2025,0,1,4,22
3865,342,11,2025,2,0,1,22
3866,342,12,2025,1,2,2,22
3867,343,1,2025,0,0,6,22
3868,343,3,2025,3,2,3,22
3869,343,4,2025,1,2,3,22
3870,343,5,2025,1,1,2,22
3871,343,6,2025,1,0,4,22
3872,343,7,2025,1,0,7,22
3873,343,11,2025,2,2,3,22
3874,344,1,2025,0,1,2,22
3875,344,2,2025,3,0,2,22
3876,344,3,2025,2,0,6,22
3877,344,4,2025,2,0,1,22
3878,344,5,2025,0,0,2,22
3879,344,6,2025,1,2,3,22
3880,344,7,2025,2,3,0,22
3881,344,8,2025,5,3,3,22
3882,344,9,2025,2,0,3,22
3883,344,10,2025,1,0,4,22
3884,344,11,2025,1,1,5,22
3885,344,12,2025,1,1,1,22
3886,345,1,2025,1,2,3,22
3887,345,2,2025,1,2,4,22
3888,345,3,2025,2,0,0,22
3889,345,4,2025,1,0,5,22
3890,345,5,2025,1,0,3,22
3891,345,6,2025,2,1,4,22
3892,345,7,2025,1,1,2,22
3893,345,8,2025,4,1,2,22
3894,345,9,2025,2,0,0,22
3895,345,10,2025,2,0,1,22
3896,345,11,2025,2,1,4,22
3897,345,12,2025,4,1,1,22
3898,346,1,2025,3,2,2,22
3899,346,2,2025,3,3,1,22
3900,346,3,2025,1,1,3,22
3901,346,4,2025,3,3,3,22
3902,346,5,2025,2,2,2,22
3903,346,6,2025,4,0,5,22
3904,346,7,2025,3,1,3,22
3905,346,8,2025,4,4,3,22
3906,346,9,2025,2,1,3,22
3907,346,10,2025,1,3,3,22
3908,346,11,2025,3,1,4,22
3909,346,12,2025,0,4,2,22
3910,347,1,2025,1,2,4,22
3911,347,2,2025,3,0,2,22
3912,347,3,2025,2,0,3,22
3913,347,4,2025,1,1,3,22
3914,347,5,2025,2,0,6,22
3915,347,6,2025,0,1,1,22
3916,347,7,2025,1,4,2,22
3917,347,8,2025,2,1,3,22
3918,347,9,2025,0,1,3,22
3919,347,10,2025,3,1,1,22
3920,347,11,2025,1,3,5,22
3921,347,12,2025,2,1,3,22
3922,348,1,2025,1,0,4,22
3923,348,2,2025,1,0,2,22
3924,348,3,2025,1,0,1,22
3925,348,4,2025,2,1,2,22
3926,348,5,2025,1,2,1,22
3927,348,6,2025,1,1,3,22
3928,348,7,2025,2,1,1,22
3929,348,8,2025,3,1,1,22
3930,348,9,2025,1,1,2,22
3931,348,10,2025,1,3,2,22
3932,348,11,2025,3,2,4,22
3933,348,12,2025,0,2,3,22
3934,349,1,2025,5,4,3,22
3935,349,3,2025,2,2,3,22
3936,349,4,2025,3,3,3,22
3937,349,6,2025,5,0,2,22
3938,349,7,2025,4,1,2,22
3939,349,8,2025,4,3,3,22
3940,349,10,2025,4,1,3,22
3941,349,11,2025,0,1,3,22
3942,349,12,2025,0,4,5,22
3943,350,1,2025,1,1,2,22
3944,350,2,2025,4,1,4,22
3945,350,3,2025,1,2,3,22
3946,350,4,2025,4,0,5,22
3947,350,5,2025,4,2,1,22
3948,350,6,2025,1,0,3,22
3949,350,7,2025,1,1,3,22
3950,350,8,2025,2,0,5,22
3951,350,9,2025,1,0,1,22
3952,350,10,2025,1,4,6,22
3953,350,11,2025,2,0,4,22
3954,350,12,2025,3,1,5,22
3955,351,1,2025,5,1,2,22
3956,351,2,2025,3,2,5,22
3957,351,3,2025,3,2,4,22
3958,351,4,2025,5,1,3,22
3959,351,5,2025,5,2,3,22
3960,351,6,2025,3,1,5,22
3961,351,7,2025,4,2,3,22
3962,351,8,2025,2,1,1,22
3963,351,9,2025,3,3,4,22
3964,351,10,2025,2,3,4,22
3965,351,11,2025,3,2,4,22
3966,351,12,2025,3,6,1,22
3967,352,1,2025,2,6,6,22
3968,352,2,2025,1,1,3,22
3969,352,3,2025,0,3,3,22
3970,352,4,2025,1,0,5,22
3971,352,5,2025,2,3,6,22
3972,352,6,2025,4,2,4,22
3973,352,7,2025,3,2,4,22
3974,352,8,2025,2,1,1,22
3975,352,9,2025,2,1,4,22
3976,352,10,2025,3,2,2,22
3977,352,11,2025,3,1,2,22
3978,352,12,2025,0,3,2,22
3979,353,1,2025,1,3,6,22
3980,353,2,2025,3,2,1,22
3981,353,3,2025,1,0,3,22
3982,353,4,2025,1,2,5,22
3983,353,5,2025,2,1,5,22
3984,353,6,2025,2,2,3,22
3985,353,7,2025,4,1,2,22
3986,353,8,2025,1,1,4,22
3987,353,9,2025,2,0,1,22
3988,353,10,2025,3,0,7,22
3989,353,11,2025,2,1,2,22
3990,353,12,2025,0,3,3,22
3991,354,1,2025,1,1,1,22
3992,354,2,2025,2,2,2,22
3993,354,3,2025,1,0,3,22
3994,354,4,2025,2,0,4,22
3995,354,5,2025,2,2,3,22
3996,354,6,2025,2,0,4,22
3997,354,7,2025,0,0,4,22
3998,354,8,2025,2,0,4,22
3999,354,9,2025,0,1,4,22
4000,354,10,2025,0,1,1,22
4001,354,11,2025,2,1,5,22
4002,354,12,2025,3,1,3,22
4003,355,1,2025,5,2,2,22
4004,355,2,2025,6,0,5,22
4005,355,3,2025,1,1,1,22
4006,355,4,2025,0,2,6,22
4007,355,5,2025,0,0,4,22
4008,355,6,2025,4,3,5,22
4009,355,7,2025,3,0,3,22
4010,355,8,2025,3,2,5,22
4011,355,9,2025,1,1,4,22
4012,355,10,2025,4,0,1,22
4013,355,11,2025,3,0,5,22
4014,355,12,2025,6,1,4,22
4015,356,1,2025,3,4,2,22
4016,356,2,2025,3,1,4,22
4017,356,3,2025,3,2,1,22
4018,356,4,2025,6,2,3,22
4019,356,5,2025,1,1,5,22
4020,356,6,2025,1,3,3,22
4021,356,7,2025,2,2,2,22
4022,356,8,2025,3,2,4,22
4023,356,9,2025,1,3,3,22
4024,356,10,2025,4,1,1,22
4025,356,11,2025,4,0,3,22
4026,356,12,2025,7,3,6,22
4027,357,1,2025,1,1,5,22
4028,357,2,2025,2,3,1,22
4029,357,3,2025,1,1,1,22
4030,357,4,2025,1,1,7,22
4031,357,5,2025,4,2,2,22
4032,357,6,2025,1,3,1,22
4033,357,7,2025,1,0,4,22
4034,357,8,2025,2,1,0,22
4035,357,9,2025,1,0,3,22
4036,357,10,2025,1,1,3,22
4037,357,11,2025,0,4,4,22
4038,357,12,2025,0,0,4,22
4039,358,1,2025,0,1,4,22
4040,358,2,2025,2,2,4,22
4041,358,3,2025,0,1,1,22
4042,358,4,2025,2,2,4,22
4043,358,5,2025,2,1,6,22
4044,358,6,2025,3,2,4,22
4045,358,7,2025,2,2,2,22
4046,358,8,2025,1,0,2,22
4047,358,9,2025,1,0,3,22
4048,358,10,2025,3,1,5,22
4049,358,11,2025,2,1,5,22
4050,358,12,2025,2,0,2,22
4051,359,1,2025,0,0,5,22
4052,359,2,2025,3,1,1,22
4053,359,3,2025,3,2,3,22
4054,359,4,2025,1,2,4,22
4055,359,5,2025,1,0,4,22
4056,359,6,2025,0,0,3,22
4057,359,7,2025,1,1,5,22
4058,359,8,2025,2,0,3,22
4059,359,9,2025,3,0,2,22
4060,359,10,2025,1,1,5,22
4061,359,11,2025,1,0,2,22
4062,359,12,2025,0,1,2,22
4063,360,3,2025,3,3,3,22
4064,360,4,2025,4,1,6,22
4065,360,8,2025,3,1,3,22
4066,360,9,2025,1,1,3,22
4067,360,10,2025,1,1,0,22
4068,360,11,2025,5,1,2,22
4069,360,12,2025,2,4,4,22
4070,361,1,2025,1,3,3,22
4071,361,2,2025,0,1,6,22
4072,361,3,2025,0,3,3,22
4073,361,4,2025,0,0,4,22
4074,361,5,2025,2,2,3,22
4075,361,6,2025,2,1,7,22
4076,361,7,2025,2,0,4,22
4077,361,8,2025,1,3,1,22
4078,361,9,2025,1,0,3,22
4079,361,10,2025,3,1,4,22
4080,361,11,2025,1,3,3,22
4081,361,12,2025,2,0,7,22
4082,362,1,2025,4,6,2,22
4083,362,3,2025,2,3,2,22
4084,362,4,2025,1,1,3,22
4085,362,5,2025,4,2,3,22
4086,362,6,2025,3,2,1,22
4087,362,7,2025,4,3,0,22
4088,362,8,2025,2,2,3,22
4089,362,9,2025,5,2,4,22
4090,362,12,2025,1,0,3,22
4091,363,1,2025,2,0,1,22
4092,363,2,2025,3,2,0,22
4093,363,3,2025,0,1,3,22
4094,363,4,2025,2,2,3,22
4095,363,5,2025,2,1,3,22
4096,363,6,2025,1,0,1,22
4097,363,7,2025,1,3,10,22
4098,363,8,2025,0,0,4,22
4099,363,9,2025,2,1,4,22
4100,363,10,2025,2,2,4,22
4101,363,11,2025,0,0,3,22
4102,363,12,2025,1,1,2,22
4103,364,1,2025,4,0,4,22
4104,364,2,2025,2,0,5,22
4105,364,3,2025,1,0,4,22
4106,364,4,2025,4,0,2,22
4107,364,5,2025,2,0,3,22
4108,364,6,2025,1,1,3,22
4109,364,7,2025,2,2,7,22
4110,364,8,2025,1,0,2,22
4111,364,9,2025,1,0,2,22
4112,364,10,2025,1,1,2,22
4113,364,11,2025,4,1,4,22
4114,364,12,2025,2,0,0,22
4115,365,1,2025,2,1,5,22
4116,365,2,2025,2,1,5,22
4117,365,3,2025,3,0,4,22
4118,365,4,2025,1,2,2,22
4119,365,5,2025,0,2,9,22
4120,365,6,2025,2,0,0,22
4121,365,7,2025,0,0,1,22
4122,365,8,2025,2,2,4,22
4123,365,9,2025,3,3,4,22
4124,365,10,2025,1,2,3,22
4125,365,11,2025,0,1,2,22
4126,365,12,2025,3,0,1,22
4127,366,1,2025,3,6,2,22
4128,366,2,2025,3,1,2,22
4129,366,3,2025,2,2,2,22
4130,366,4,2025,4,1,2,22
4131,366,5,2025,4,1,4,22
4132,366,6,2025,4,2,3,22
4133,366,8,2025,0,2,2,22
4134,366,9,2025,1,1,5,22
4135,366,10,2025,2,1,0,22
4136,366,11,2025,5,0,2,22
4137,366,12,2025,1,3,3,22
4138,367,1,2025,0,1,3,22
4139,367,2,2025,7,1,1,22
4140,367,3,2025,1,1,2,22
4141,367,4,2025,2,2,6,22
4142,367,5,2025,1,3,2,22
4143,367,6,2025,2,2,5,22
4144,367,7,2025,2,5,7,22
4145,367,8,2025,5,1,1,22
4146,367,9,2025,3,5,1,22
4147,367,10,2025,1,0,1,22
4148,367,11,2025,3,3,5,22
4149,367,12,2025,0,2,2,22
4150,368,1,2025,1,1,5,22
4151,368,2,2025,1,1,3,22
4152,368,3,2025,0,0,0,22
4153,368,4,2025,3,2,3,22
4154,368,5,2025,4,0,2,22
4155,368,6,2025,3,0,4,22
4156,368,7,2025,2,0,1,22
4157,368,8,2025,3,1,3,22
4158,368,9,2025,1,1,3,22
4159,368,10,2025,0,4,1,22
4160,368,11,2025,1,2,2,22
4161,368,12,2025,1,1,7,22
4162,369,1,2025,2,1,6,22
4163,369,2,2025,3,2,4,22
4164,369,3,2025,2,4,2,22
4165,369,4,2025,0,3,4,22
4166,369,5,2025,2,5,3,22
4167,369,6,2025,4,2,3,22
4168,369,7,2025,4,1,6,22
4169,369,8,2025,5,2,2,22
4170,369,9,2025,2,1,1,22
4171,369,10,2025,5,4,3,22
4172,369,11,2025,1,2,4,22
4173,369,12,2025,6,1,3,22
4174,370,1,2025,3,3,3,22
4175,370,2,2025,0,2,3,22
4176,370,3,2025,2,0,3,22
4177,370,5,2025,0,4,0,22
4178,370,6,2025,3,2,2,22
4179,370,8,2025,1,2,3,22
4180,370,9,2025,3,5,2,22
4181,371,1,2025,2,1,3,22
4182,371,2,2025,1,0,2,22
4183,371,3,2025,1,1,2,22
4184,371,4,2025,1,1,3,22
4185,371,5,2025,1,1,4,22
4186,371,6,2025,1,0,1,22
4187,371,7,2025,2,1,1,22
4188,371,8,2025,1,0,2,22
4189,371,9,2025,3,2,2,22
4190,371,10,2025,0,2,5,22
4191,371,11,2025,2,0,2,22
4192,371,12,2025,1,2,3,22
4193,372,2,2025,3,1,3,22
4194,372,5,2025,1,0,1,22
4195,372,6,2025,1,2,1,22
4196,372,9,2025,1,3,2,22
4197,372,10,2025,5,2,0,22
4198,372,11,2025,0,3,2,22
4199,372,12,2025,2,2,4,22
4200,373,1,2025,0,0,4,22
4201,373,2,2025,1,1,2,22
4202,373,3,2025,3,1,2,22
4203,373,4,2025,0,0,3,22
4204,373,5,2025,0,0,0,22
4205,373,6,2025,2,1,3,22
4206,373,7,2025,2,1,2,22
4207,373,8,2025,3,3,2,22
4208,373,9,2025,1,0,1,22
4209,373,10,2025,0,1,3,22
4210,373,11,2025,2,1,2,22
4211,373,12,2025,3,2,5,22
4212,374,1,2025,2,2,3,22
4213,374,2,2025,2,1,5,22
4214,374,3,2025,2,0,2,22
4215,374,4,2025,2,1,3,22
4216,374,5,2025,1,0,2,22
4217,374,6,2025,3,0,4,22
4218,374,7,2025,0,2,4,22
4219,374,8,2025,0,2,1,22
4220,374,9,2025,2,0,0,22
4221,374,10,2025,0,1,0,22
4222,374,11,2025,1,1,6,22
4223,374,12,2025,1,2,0,22
4224,375,1,2025,4,2,3,22
4225,375,2,2025,4,2,1,22
4226,375,3,2025,2,0,4,22
4227,375,4,2025,5,1,1,22
4228,375,5,2025,2,1,8,22
4229,375,6,2025,2,1,1,22
4230,375,7,2025,0,1,2,22
4231,375,8,2025,2,2,4,22
4232,375,9,2025,1,2,0,22
4233,375,10,2025,4,1,4,22
4234,375,11,2025,4,2,3,22
4235,375,12,2025,3,3,3,22
4236,376,1,2025,1,0,3,22
4237,376,2,2025,3,0,2,22
4238,376,3,2025,2,0,5,22
4239,376,4,2025,1,1,4,22
4240,376,5,2025,2,1,2,22
4241,376,6,2025,2,0,5,22
4242,376,7,2025,2,1,3,22
4243,376,8,2025,1,0,2,22
4244,376,9,2025,2,2,3,22
4245,376,10,2025,0,0,3,22
4246,376,11,2025,2,0,5,22
4247,376,12,2025,1,1,3,22
4248,377,1,2025,3,1,5,22
4249,377,2,2025,1,1,2,22
4250,377,3,2025,3,1,1,22
4251,377,4,2025,2,1,5,22
4252,377,5,2025,1,0,1,22
4253,377,6,2025,0,1,2,22
4254,377,7,2025,2,1,4,22
4255,377,8,2025,1,1,3,22
4256,377,9,2025,3,1,1,22
4257,377,10,2025,2,1,3,22
4258,377,11,2025,2,2,3,22
4259,377,12,2025,0,2,3,22
4260,378,1,2025,0,1,2,22
4261,378,2,2025,0,1,3,22
4262,378,3,2025,2,1,4,22
4263,378,4,2025,4,1,4,22
4264,378,5,2025,1,1,4,22
4265,378,6,2025,0,1,0,22
4266,378,7,2025,1,1,4,22
4267,378,8,2025,1,2,1,22
4268,378,9,2025,0,1,1,22
4269,378,10,2025,0,1,4,22
4270,378,11,2025,5,2,2,22
4271,378,12,2025,3,0,3,22
4272,379,1,2025,1,0,2,22
4273,379,2,2025,1,1,2,22
4274,379,3,2025,1,2,2,22
4275,379,4,2025,3,2,2,22
4276,379,5,2025,2,2,3,22
4277,379,6,2025,0,0,2,22
4278,379,7,2025,2,0,5,22
4279,379,8,2025,2,2,1,22
4280,379,9,2025,1,2,3,22
4281,379,10,2025,1,0,2,22
4282,379,11,2025,1,1,0,22
4283,379,12,2025,1,3,2,22
4284,380,1,2025,2,0,1,22
4285,380,2,2025,1,1,2,22
4286,380,3,2025,0,1,5,22
4287,380,4,2025,4,2,1,22
4288,380,5,2025,0,1,3,22
4289,380,6,2025,1,0,5,22
4290,380,7,2025,3,1,6,22
4291,380,8,2025,3,2,4,22
4292,380,9,2025,1,0,1,22
4293,380,10,2025,1,0,3,22
4294,380,11,2025,1,0,5,22
4295,380,12,2025,1,0,5,22
4296,381,1,2025,0,0,3,22
4297,381,2,2025,1,2,1,22
4298,381,3,2025,2,0,3,22
4299,381,4,2025,2,0,4,22
4300,381,5,2025,0,0,5,22
4301,381,6,2025,2,2,2,22
4302,381,7,2025,1,0,4,22
4303,381,8,2025,2,1,2,22
4304,381,9,2025,0,0,2,22
4305,381,10,2025,2,1,4,22
4306,381,11,2025,2,0,3,22
4307,381,12,2025,1,1,4,22
4308,382,1,2025,3,3,3,22
4309,382,2,2025,0,6,2,22
4310,382,3,2025,2,2,2,22
4311,382,4,2025,3,3,1,22
4312,382,5,2025,2,0,3,22
4313,382,6,2025,2,6,1,22
4314,382,7,2025,4,2,1,22
4315,382,8,2025,0,3,0,22
4316,382,9,2025,0,1,4,22
4317,382,10,2025,1,3,4,22
4318,382,11,2025,8,1,1,22
4319,382,12,2025,5,1,2,22
4320,383,1,2025,2,4,0,22
4321,383,2,2025,2,2,4,22
4322,383,3,2025,4,4,3,22
4323,383,4,2025,0,0,5,22
4324,383,5,2025,2,2,1,22
4325,383,6,2025,5,0,1,22
4326,383,7,2025,0,1,3,22
4327,383,8,2025,1,4,7,22
4328,383,9,2025,1,2,2,22
4329,383,10,2025,2,4,3,22
4330,383,11,2025,1,4,3,22
4331,383,12,2025,0,6,4,22
4332,384,1,2025,2,1,4,22
4333,384,2,2025,1,1,4,22
4334,384,3,2025,1,1,3,22
4335,384,4,2025,2,2,6,22
4336,384,5,2025,0,1,2,22
4337,384,6,2025,1,0,3,22
4338,384,7,2025,3,3,1,22
4339,384,8,2025,4,1,5,22
4340,384,9,2025,2,1,2,22
4341,384,10,2025,1,1,4,22
4342,384,11,2025,2,1,1,22
4343,384,12,2025,1,0,4,22
4344,385,1,2025,2,2,5,22
4345,385,2,2025,1,1,8,22
4346,385,3,2025,3,0,5,22
4347,385,4,2025,0,0,5,22
4348,385,5,2025,2,0,4,22
4349,385,6,2025,0,2,3,22
4350,385,7,2025,0,0,4,22
4351,385,8,2025,5,1,5,22
4352,385,9,2025,3,1,0,22
4353,385,10,2025,1,1,3,22
4354,385,11,2025,0,4,5,22
4355,385,12,2025,2,1,2,22
4356,386,1,2025,0,0,1,22
4357,386,2,2025,2,1,1,22
4358,386,3,2025,2,3,2,22
4359,386,4,2025,0,1,5,22
4360,386,5,2025,1,1,6,22
4361,386,6,2025,1,1,2,22
4362,386,7,2025,2,0,1,22
4363,386,8,2025,1,1,1,22
4364,386,9,2025,2,0,3,22
4365,386,10,2025,3,2,2,22
4366,386,11,2025,3,0,4,22
4367,386,12,2025,3,2,2,22
4368,387,1,2025,2,1,7,22
4369,387,2,2025,0,0,1,22
4370,387,3,2025,1,2,0,22
4371,387,4,2025,4,0,3,22
4372,387,5,2025,1,1,3,22
4373,387,6,2025,1,2,2,22
4374,387,7,2025,0,1,1,22
4375,387,8,2025,1,0,4,22
4376,387,9,2025,4,1,3,22
4377,387,10,2025,0,0,4,22
4378,387,11,2025,0,0,4,22
4379,387,12,2025,4,4,4,22
4380,388,1,2025,2,2,7,22
4381,388,2,2025,4,0,4,22
4382,388,3,2025,2,3,3,22
4383,388,4,2025,2,0,0,22
4384,388,5,2025,2,1,0,22
4385,388,6,2025,3,4,2,22
4386,388,7,2025,0,2,4,22
4387,388,8,2025,1,3,1,22
4388,388,9,2025,3,1,3,22
4389,388,10,2025,1,2,7,22
4390,388,11,2025,1,1,3,22
4391,388,12,2025,2,0,3,22
4392,389,1,2025,0,0,2,22
4393,389,2,2025,2,1,2,22
4394,389,3,2025,3,0,3,22
4395,389,4,2025,2,1,2,22
4396,389,5,2025,1,1,4,22
4397,389,6,2025,4,0,6,22
4398,389,7,2025,1,0,4,22
4399,389,8,2025,1,1,5,22
4400,389,9,2025,5,0,2,22
4401,389,10,2025,2,0,3,22
4402,389,11,2025,2,1,2,22
4403,389,12,2025,1,0,1,22
4404,390,2,2025,0,3,1,22
4405,390,4,2025,3,2,3,22
4406,390,5,2025,5,1,3,22
4407,390,6,2025,0,0,7,22
4408,390,7,2025,1,2,5,22
4409,390,8,2025,2,0,0,22
4410,391,5,2025,1,1,3,22
4411,391,6,2025,2,1,3,22
4412,391,8,2025,0,2,4,22
4413,391,9,2025,2,1,1,22
4414,391,11,2025,1,1,3,22
4415,391,12,2025,4,0,4,22
4416,392,5,2025,5,2,4,22
4417,392,8,2025,2,5,1,22
4418,392,9,2025,5,3,2,22
4419,392,11,2025,5,1,4,22
4420,392,12,2025,0,1,3,22
4421,393,1,2025,4,2,0,22
4422,393,2,2025,4,2,7,22
4423,393,3,2025,2,1,2,22
4424,393,4,2025,4,3,3,22
4425,393,5,2025,3,2,5,22
4426,393,6,2025,1,1,2,22
4427,393,7,2025,1,4,3,22
4428,393,8,2025,2,0,3,22
4429,393,9,2025,2,2,4,22
4430,393,10,2025,1,2,2,22
4431,393,11,2025,5,1,0,22
4432,393,12,2025,7,4,5,22
4433,394,1,2025,1,3,1,22
4434,394,2,2025,3,2,2,22
4435,394,3,2025,0,2,1,22
4436,394,4,2025,3,0,3,22
4437,394,5,2025,0,1,0,22
4438,394,6,2025,4,0,3,22
4439,394,7,2025,3,1,4,22
4440,394,8,2025,2,0,4,22
4441,394,9,2025,1,0,0,22
4442,394,10,2025,1,0,3,22
4443,394,11,2025,0,2,2,22
4444,394,12,2025,3,3,3,22
4445,395,1,2025,7,3,4,22
4446,395,2,2025,3,2,4,22
4447,395,3,2025,0,2,4,22
4448,395,4,2025,2,2,3,22
4449,395,5,2025,1,2,5,22
4450,395,6,2025,1,5,5,22
4451,395,7,2025,2,2,3,22
4452,395,8,2025,3,2,4,22
4453,395,9,2025,3,1,4,22
4454,395,10,2025,1,3,1,22
4455,395,11,2025,4,0,3,22
4456,395,12,2025,1,1,0,22
4457,396,3,2025,1,1,3,22
4458,396,4,2025,0,3,4,22
4459,396,5,2025,2,2,4,22
4460,396,9,2025,0,2,1,22
4461,396,10,2025,0,0,3,22
4462,396,11,2025,0,3,2,22
4463,397,1,2025,0,2,3,22
4464,397,2,2025,2,0,2,22
4465,397,3,2025,0,0,4,22
4466,397,4,2025,2,1,1,22
4467,397,5,2025,2,2,4,22
4468,397,6,2025,0,1,3,22
4469,397,7,2025,2,0,1,22
4470,397,8,2025,1,1,2,22
4471,397,12,2025,3,2,1,22
4472,398,1,2025,1,0,7,22
4473,398,2,2025,0,2,3,22
4474,398,3,2025,1,0,2,22
4475,398,4,2025,4,2,1,22
4476,398,5,2025,0,4,1,22
4477,398,6,2025,3,1,5,22
4478,398,7,2025,1,2,2,22
4479,398,8,2025,1,1,1,22
4480,398,9,2025,0,2,3,22
4481,398,10,2025,0,0,1,22
4482,398,11,2025,2,1,2,22
4483,398,12,2025,2,1,2,22
4484,399,2,2025,3,1,3,22
4485,399,3,2025,1,0,4,22
4486,399,4,2025,1,1,2,22
4487,399,6,2025,0,0,2,22
4488,399,7,2025,2,1,3,22
4489,399,8,2025,2,0,3,22
4490,399,9,2025,1,0,4,22
4491,399,10,2025,2,0,3,22
4492,399,12,2025,1,0,2,22
4493,400,1,2025,1,1,2,22
4494,400,2,2025,1,1,3,22
4495,400,3,2025,1,1,2,22
4496,400,4,2025,2,1,6,22
4497,400,5,2025,1,1,1,22
4498,400,6,2025,1,0,1,22
4499,400,7,2025,2,1,4,22
4500,400,8,2025,0,3,4,22
4501,400,9,2025,4,2,4,22
4502,400,10,2025,3,0,2,22
4503,400,11,2025,1,2,1,22
4504,400,12,2025,0,1,1,22
4505,401,1,2025,0,1,4,22
4506,401,2,2025,2,1,2,22
4507,401,3,2025,3,1,2,22
4508,401,4,2025,5,3,6,22
4509,401,5,2025,5,5,3,22
4510,401,6,2025,3,2,3,22
4511,401,7,2025,4,3,3,22
4512,401,8,2025,3,2,1,22
4513,401,9,2025,3,2,1,22
4514,401,10,2025,4,3,5,22
4515,401,11,2025,4,0,3,22
4516,401,12,2025,4,2,2,22
4517,402,1,2025,2,0,3,22
4518,402,2,2025,3,2,5,22
4519,402,3,2025,4,2,5,22
4520,402,4,2025,1,1,4,22
4521,402,5,2025,0,1,3,22
4522,402,6,2025,2,0,2,22
4523,402,7,2025,3,0,2,22
4524,402,8,2025,3,1,1,22
4525,402,9,2025,2,1,3,22
4526,402,10,2025,1,1,3,22
4527,402,11,2025,1,3,2,22
4528,402,12,2025,3,0,0,22
4529,403,1,2025,2,1,2,22
4530,403,2,2025,2,1,3,22
4531,403,3,2025,1,1,0,22
4532,403,4,2025,2,1,3,22
4533,403,5,2025,1,4,2,22
4534,403,6,2025,2,3,3,22
4535,403,7,2025,1,0,1,22
4536,403,8,2025,1,1,3,22
4537,403,9,2025,2,1,4,22
4538,403,10,2025,3,1,1,22
4539,403,11,2025,3,1,3,22
4540,403,12,2025,1,2,2,22
4541,404,1,2025,4,0,3,22
4542,404,2,2025,1,0,3,22
4543,404,3,2025,1,1,1,22
4544,404,4,2025,0,0,2,22
4545,404,5,2025,0,0,3,22
4546,404,6,2025,4,0,3,22
4547,404,7,2025,0,2,2,22
4548,404,8,2025,1,0,4,22
4549,404,9,2025,2,0,4,22
4550,404,10,2025,0,0,3,22
4551,404,11,2025,1,1,0,22
4552,404,12,2025,0,0,5,22
4553,405,2,2025,1,2,7,22
4554,405,3,2025,2,1,0,22
4555,405,4,2025,2,1,4,22
4556,405,5,2025,1,1,2,22
4557,405,7,2025,2,2,8,22
4558,405,8,2025,0,1,4,22
4559,405,10,2025,0,1,1,22
4560,405,11,2025,4,1,1,22
4561,406,1,2025,3,1,2,22
4562,406,2,2025,1,3,5,22
4563,406,3,2025,2,3,1,22
4564,406,4,2025,4,0,4,22
4565,406,5,2025,0,0,3,22
4566,406,6,2025,3,1,3,22
4567,406,7,2025,0,0,2,22
4568,406,8,2025,2,2,2,22
4569,406,9,2025,1,3,3,22
4570,406,10,2025,3,0,3,22
4571,406,11,2025,1,3,1,22
4572,406,12,2025,1,0,2,22
4573,407,1,2025,1,2,3,22
4574,407,3,2025,4,0,5,22
4575,407,4,2025,0,2,4,22
4576,407,8,2025,2,0,2,22
4577,407,10,2025,2,2,4,22
4578,407,11,2025,3,1,0,22
4579,407,12,2025,0,1,2,22
4580,408,1,2025,2,2,2,22
4581,408,2,2025,2,1,3,22
4582,408,3,2025,2,0,2,22
4583,408,5,2025,0,1,4,22
4584,408,7,2025,2,1,7,22
4585,408,8,2025,4,1,5,22
4586,408,9,2025,1,3,5,22
4587,408,10,2025,2,3,1,22
4588,408,11,2025,0,0,3,22
4589,409,1,2025,0,0,1,22
4590,409,2,2025,2,0,4,22
4591,409,3,2025,0,2,6,22
4592,409,4,2025,1,2,1,22
4593,409,5,2025,1,0,8,22
4594,409,6,2025,1,1,2,22
4595,409,7,2025,1,1,1,22
4596,409,8,2025,2,2,6,22
4597,409,9,2025,2,2,8,22
4598,409,10,2025,0,0,4,22
4599,409,11,2025,1,1,2,22
4600,409,12,2025,2,2,7,22
4601,410,1,2025,2,2,3,22
4602,410,2,2025,1,1,5,22
4603,410,3,2025,3,2,3,22
4604,410,4,2025,4,3,2,22
4605,410,5,2025,2,2,2,22
4606,410,6,2025,2,0,5,22
4607,410,7,2025,2,1,2,22
4608,410,8,2025,1,2,2,22
4609,410,9,2025,2,1,2,22
4610,410,10,2025,0,1,2,22
4611,410,11,2025,2,1,3,22
4612,410,12,2025,1,0,4,22
4613,411,1,2025,2,2,2,22
4614,411,2,2025,1,1,5,22
4615,411,3,2025,2,0,2,22
4616,411,4,2025,0,1,5,22
4617,411,5,2025,2,3,2,22
4618,411,6,2025,2,1,2,22
4619,411,7,2025,1,0,5,22
4620,411,8,2025,1,1,5,22
4621,411,9,2025,1,1,2,22
4622,411,10,2025,0,0,3,22
4623,411,11,2025,1,0,3,22
4624,411,12,2025,1,0,7,22
4625,412,1,2025,2,4,4,22
4626,412,2,2025,2,1,2,22
4627,412,4,2025,3,2,3,22
4628,412,5,2025,2,1,2,22
4629,412,9,2025,0,2,5,22
4630,412,10,2025,0,3,1,22
4631,412,11,2025,1,3,4,22
4632,412,12,2025,1,0,4,22
4633,413,1,2025,0,0,3,22
4634,413,2,2025,1,0,4,22
4635,413,3,2025,4,0,4,22
4636,413,4,2025,0,0,5,22
4637,413,5,2025,1,1,2,22
4638,413,8,2025,2,1,6,22
4639,414,1,2025,2,5,2,22
4640,414,2,2025,1,1,2,22
4641,414,3,2025,1,2,2,22
4642,414,4,2025,1,2,2,22
4643,414,5,2025,2,1,5,22
4644,414,6,2025,2,2,3,22
4645,414,7,2025,1,0,7,22
4646,414,8,2025,1,0,3,22
4647,414,9,2025,3,0,5,22
4648,414,10,2025,5,1,5,22
4649,414,11,2025,1,1,2,22
4650,414,12,2025,2,1,6,22
4651,415,1,2025,0,2,4,22
4652,415,2,2025,2,0,4,22
4653,415,3,2025,1,1,4,22
4654,415,4,2025,2,1,3,22
4655,415,5,2025,0,2,1,22
4656,415,6,2025,2,1,2,22
4657,415,7,2025,2,0,4,22
4658,415,8,2025,3,0,2,22
4659,415,9,2025,1,2,4,22
4660,415,10,2025,3,2,3,22
4661,415,11,2025,1,2,2,22
4662,415,12,2025,2,1,6,22
4663,416,1,2025,3,6,3,22
4664,416,2,2025,5,1,4,22
4665,416,3,2025,2,2,2,22
4666,416,4,2025,2,1,6,22
4667,416,5,2025,4,2,4,22
4668,416,6,2025,2,1,4,22
4669,416,7,2025,3,1,0,22
4670,416,8,2025,0,0,4,22
4671,416,9,2025,3,0,2,22
4672,416,10,2025,1,4,6,22
4673,416,11,2025,3,5,0,22
4674,416,12,2025,2,3,3,22
4675,417,1,2025,3,3,4,22
4676,417,2,2025,0,0,4,22
4677,417,3,2025,2,1,4,22
4678,417,4,2025,0,1,2,22
4679,417,5,2025,0,2,3,22
4680,417,6,2025,3,0,5,22
4681,417,7,2025,0,1,5,22
4682,417,8,2025,0,0,4,22
4683,417,9,2025,0,0,3,22
4684,417,10,2025,1,2,2,22
4685,417,11,2025,3,1,2,22
4686,417,12,2025,0,0,3,22
4687,418,1,2025,2,2,6,22
4688,418,2,2025,2,1,4,22
4689,418,3,2025,2,0,3,22
4690,418,4,2025,0,1,4,22
4691,418,5,2025,0,0,1,22
4692,418,6,2025,2,2,1,22
4693,418,7,2025,0,1,2,22
4694,418,8,2025,1,0,2,22
4695,418,9,2025,0,0,6,22
4696,418,10,2025,0,2,2,22
4697,418,11,2025,2,0,2,22
4698,418,12,2025,2,1,5,22
4699,419,1,2025,3,0,2,22
4700,419,2,2025,2,1,3,22
4701,419,3,2025,0,2,2,22
4702,419,4,2025,0,5,1,22
4703,419,5,2025,1,2,0,22
4704,419,6,2025,3,1,4,22
4705,419,7,2025,1,1,1,22
4706,419,8,2025,5,1,2,22
4707,419,9,2025,2,1,0,22
4708,419,10,2025,0,1,7,22
4709,419,11,2025,1,1,1,22
4710,419,12,2025,2,6,3,22
4711,420,1,2025,2,0,2,22
4712,420,2,2025,0,2,3,22
4713,420,3,2025,1,0,4,22
4714,420,4,2025,0,1,4,22
4715,420,5,2025,1,1,2,22
4716,420,6,2025,2,2,2,22
4717,420,7,2025,0,0,4,22
4718,420,8,2025,2,1,5,22
4719,420,9,2025,2,4,3,22
4720,420,10,2025,0,1,2,22
4721,420,11,2025,1,0,2,22
4722,420,12,2025,3,2,4,22
4723,421,3,2025,4,2,3,22
4724,421,4,2025,3,2,1,22
4725,421,5,2025,2,1,2,22
4726,421,6,2025,5,2,3,22
4727,421,8,2025,3,3,3,22
4728,421,10,2025,3,2,2,22
4729,421,12,2025,2,1,7,22
4730,422,1,2025,0,0,1,22
4731,422,2,2025,0,1,1,22
4732,422,3,2025,2,0,1,22
4733,422,4,2025,0,1,5,22
4734,422,5,2025,1,1,2,22
4735,422,6,2025,2,0,4,22
4736,422,7,2025,0,1,4,22
4737,422,8,2025,0,0,3,22
4738,422,9,2025,2,1,5,22
4739,422,10,2025,1,1,3,22
4740,422,11,2025,4,1,1,22
4741,422,12,2025,1,3,5,22
4742,423,2,2025,0,1,4,22
4743,423,5,2025,0,2,7,22
4744,423,6,2025,2,3,0,22
4745,423,7,2025,2,0,6,22
4746,423,9,2025,2,1,2,22
4747,423,11,2025,3,0,4,22
4748,423,12,2025,2,1,4,22
4749,424,1,2025,3,2,5,22
4750,424,2,2025,0,0,3,22
4751,424,3,2025,3,0,1,22
4752,424,4,2025,1,2,5,22
4753,424,5,2025,4,1,2,22
4754,424,6,2025,1,1,0,22
4755,424,7,2025,3,0,1,22
4756,424,8,2025,2,0,3,22
4757,424,9,2025,0,0,1,22
4758,424,10,2025,2,0,1,22
4759,424,11,2025,0,2,2,22
4760,424,12,2025,2,1,3,22
4761,425,1,2025,3,2,1,22
4762,425,2,2025,0,4,3,22
4763,425,3,2025,3,1,1,22
4764,425,4,2025,2,3,2,22
4765,425,5,2025,3,2,3,22
4766,425,6,2025,1,2,0,22
4767,425,7,2025,5,4,0,22
4768,425,8,2025,4,2,3,22
4769,425,9,2025,2,3,1,22
4770,425,10,2025,3,1,0,22
4771,425,11,2025,4,0,2,22
4772,425,12,2025,2,2,6,22
4773,426,1,2025,2,0,5,22
4774,426,2,2025,1,0,4,22
4775,426,3,2025,0,1,2,22
4776,426,4,2025,2,0,1,22
4777,426,5,2025,0,2,4,22
4778,426,6,2025,2,4,3,22
4779,426,7,2025,1,1,2,22
4780,426,8,2025,0,2,3,22
4781,426,9,2025,0,2,5,22
4782,426,10,2025,2,4,2,22
4783,426,11,2025,4,2,3,22
4784,426,12,2025,3,0,1,22
4785,427,1,2025,3,0,2,22
4786,427,2,2025,0,2,3,22
4787,427,3,2025,2,0,1,22
4788,427,4,2025,0,2,2,22
4789,427,5,2025,2,0,7,22
4790,427,6,2025,3,3,6,22
4791,427,7,2025,2,1,4,22
4792,427,8,2025,3,1,3,22
4793,427,9,2025,1,0,4,22
4794,427,10,2025,1,4,1,22
4795,427,11,2025,0,0,3,22
4796,427,12,2025,0,2,4,22
4797,428,1,2025,1,1,5,22
4798,428,2,2025,2,0,4,22
4799,428,3,2025,3,3,2,22
4800,428,4,2025,4,6,3,22
4801,428,5,2025,1,4,3,22
4802,428,6,2025,2,5,2,22
4803,428,7,2025,4,2,3,22
4804,428,8,2025,1,4,2,22
4805,428,9,2025,2,3,4,22
4806,428,10,2025,1,3,4,22
4807,428,11,2025,3,2,3,22
4808,428,12,2025,5,3,1,22
4809,429,1,2025,1,2,5,22
4810,429,2,2025,2,1,2,22
4811,429,3,2025,4,2,2,22
4812,429,4,2025,3,1,7,22
4813,429,5,2025,1,2,5,22
4814,429,6,2025,2,1,3,22
4815,429,7,2025,2,2,4,22
4816,429,8,2025,3,2,2,22
4817,429,9,2025,2,4,1,22
4818,429,10,2025,1,3,4,22
4819,429,11,2025,5,0,3,22
4820,429,12,2025,1,0,2,22
4821,430,1,2025,3,3,2,22
4822,430,2,2025,3,3,4,22
4823,430,3,2025,0,0,3,22
4824,430,4,2025,2,1,3,22
4825,430,5,2025,3,2,2,22
4826,430,6,2025,1,4,4,22
4827,430,7,2025,2,2,5,22
4828,430,8,2025,0,3,4,22
4829,430,9,2025,1,3,2,22
4830,430,10,2025,4,1,3,22
4831,430,11,2025,3,1,5,22
4832,430,12,2025,1,1,3,22
4833,431,1,2025,5,1,1,22
4834,431,2,2025,4,0,3,22
4835,431,3,2025,3,1,7,22
4836,431,4,2025,1,0,2,22
4837,431,5,2025,0,1,2,22
4838,431,6,2025,4,1,3,22
4839,431,7,2025,3,2,3,22
4840,431,8,2025,1,0,2,22
4841,431,9,2025,2,2,5,22
4842,431,10,2025,0,3,2,22
4843,431,11,2025,1,1,0,22
4844,431,12,2025,0,0,3,22
4845,432,1,2025,0,1,5,22
4846,432,3,2025,2,1,3,22
4847,432,4,2025,4,2,2,22
4848,432,5,2025,3,0,1,22
4849,432,6,2025,1,0,7,22
4850,432,7,2025,0,1,3,22
4851,432,10,2025,2,1,5,22
4852,433,2,2025,0,1,4,22
4853,433,5,2025,3,1,4,22
4854,433,7,2025,1,0,3,22
4855,433,8,2025,0,1,2,22
4856,433,9,2025,3,1,4,22
4857,434,1,2025,2,0,3,22
4858,434,2,2025,1,1,2,22
4859,434,3,2025,3,3,5,22
4860,434,4,2025,1,2,3,22
4861,434,5,2025,0,1,4,22
4862,434,6,2025,5,3,3,22
4863,434,7,2025,2,2,4,22
4864,434,8,2025,0,1,2,22
4865,434,9,2025,0,0,2,22
4866,434,10,2025,2,0,3,22
4867,434,11,2025,3,1,3,22
4868,434,12,2025,1,0,2,22
4869,435,1,2025,3,1,5,22
4870,435,3,2025,1,1,6,22
4871,435,4,2025,0,1,4,22
4872,435,5,2025,3,1,2,22
4873,435,6,2025,1,2,3,22
4874,435,7,2025,1,0,2,22
4875,435,8,2025,0,1,2,22
4876,435,9,2025,1,1,3,22
4877,435,11,2025,1,0,1,22
4878,435,12,2025,0,2,3,22
4879,436,1,2025,4,2,1,22
4880,436,2,2025,0,4,2,22
4881,436,3,2025,2,3,1,22
4882,436,4,2025,1,1,3,22
4883,436,5,2025,0,2,3,22
4884,436,6,2025,2,1,3,22
4885,436,7,2025,2,0,2,22
4886,436,8,2025,3,3,3,22
4887,436,9,2025,3,3,2,22
4888,436,10,2025,5,6,3,22
4889,436,11,2025,5,2,1,22
4890,436,12,2025,2,4,5,22
4891,437,1,2025,3,2,5,22
4892,437,2,2025,1,2,3,22
4893,437,3,2025,1,3,2,22
4894,437,4,2025,1,1,2,22
4895,437,5,2025,4,1,5,22
4896,437,6,2025,0,1,2,22
4897,437,7,2025,2,2,0,22
4898,437,8,2025,4,0,1,22
4899,437,9,2025,0,2,2,22
4900,437,10,2025,5,2,3,22
4901,437,11,2025,1,1,4,22
4902,437,12,2025,1,0,5,22
4903,438,1,2025,2,0,2,22
4904,438,2,2025,0,1,3,22
4905,438,3,2025,3,0,8,22
4906,438,4,2025,1,0,2,22
4907,438,5,2025,1,2,5,22
4908,438,6,2025,1,1,2,22
4909,438,7,2025,2,1,5,22
4910,438,8,2025,2,1,5,22
4911,438,9,2025,1,0,0,22
4912,438,10,2025,1,0,6,22
4913,438,11,2025,3,2,1,22
4914,438,12,2025,3,3,2,22
4915,439,1,2025,3,0,2,22
4916,439,2,2025,4,1,3,22
4917,439,3,2025,1,2,4,22
4918,439,4,2025,0,0,5,22
4919,439,5,2025,0,0,3,22
4920,439,6,2025,0,4,3,22
4921,439,7,2025,2,0,1,22
4922,439,8,2025,2,2,1,22
4923,439,9,2025,2,0,4,22
4924,439,10,2025,1,3,6,22
4925,439,11,2025,5,0,4,22
4926,439,12,2025,1,0,3,22
4927,440,1,2025,6,2,4,22
4928,440,2,2025,1,2,1,22
4929,440,3,2025,5,3,3,22
4930,440,4,2025,0,2,3,22
4931,440,5,2025,4,1,3,22
4932,440,6,2025,3,1,0,22
4933,440,7,2025,1,4,0,22
4934,440,8,2025,4,2,4,22
4935,440,9,2025,1,0,0,22
4936,440,10,2025,1,2,1,22
4937,440,11,2025,3,2,3,22
4938,440,12,2025,2,6,3,22
4939,441,1,2025,1,1,3,22
4940,441,2,2025,2,1,2,22
4941,441,3,2025,2,0,6,22
4942,441,4,2025,2,0,3,22
4943,441,5,2025,0,2,2,22
4944,441,6,2025,2,0,7,22
4945,441,7,2025,2,0,7,22
4946,441,8,2025,0,1,4,22
4947,441,9,2025,3,0,3,22
4948,441,10,2025,4,1,4,22
4949,441,11,2025,3,0,1,22
4950,441,12,2025,0,2,5,22
4951,442,1,2025,0,0,0,22
4952,442,2,2025,3,0,3,22
4953,442,3,2025,0,0,3,22
4954,442,4,2025,0,0,2,22
4955,442,5,2025,0,0,2,22
4956,442,6,2025,0,1,1,22
4957,442,7,2025,1,0,3,22
4958,442,8,2025,1,0,5,22
4959,442,9,2025,2,1,1,22
4960,442,10,2025,2,2,3,22
4961,442,11,2025,1,0,1,22
4962,442,12,2025,2,3,2,22
4963,443,1,2025,1,2,2,22
4964,443,2,2025,0,0,2,22
4965,443,3,2025,3,1,6,22
4966,443,4,2025,0,0,2,22
4967,443,5,2025,4,1,2,22
4968,443,6,2025,1,0,1,22
4969,443,7,2025,0,0,3,22
4970,443,8,2025,0,2,0,22
4971,443,9,2025,2,2,3,22
4972,443,10,2025,1,0,2,22
4973,443,11,2025,2,0,1,22
4974,443,12,2025,2,2,4,22
4975,444,1,2025,0,1,1,22
4976,444,2,2025,0,4,3,22
4977,444,3,2025,0,1,6,22
4978,444,4,2025,0,1,0,22
4979,444,5,2025,2,0,3,22
4980,444,6,2025,2,0,2,22
4981,444,7,2025,4,1,3,22
4982,444,8,2025,0,0,6,22
4983,444,9,2025,2,0,3,22
4984,444,10,2025,1,0,2,22
4985,444,11,2025,2,0,2,22
4986,444,12,2025,1,3,1,22
4987,445,1,2025,0,2,2,22
4988,445,2,2025,5,1,7,22
4989,445,3,2025,2,0,3,22
4990,445,4,2025,2,2,2,22
4991,445,5,2025,0,1,3,22
4992,445,6,2025,2,0,7,22
4993,445,7,2025,2,0,2,22
4994,445,8,2025,0,1,2,22
4995,445,9,2025,1,0,6,22
4996,445,10,2025,1,1,3,22
4997,445,11,2025,4,2,4,22
4998,445,12,2025,1,1,3,22
4999,446,1,2025,1,0,1,22
5000,446,2,2025,3,2,2,22
5001,446,3,2025,0,2,4,22
5002,446,4,2025,3,0,1,22
5003,446,5,2025,2,1,1,22
5004,446,6,2025,0,4,3,22
5005,446,7,2025,3,0,4,22
5006,446,8,2025,0,1,1,22
5007,446,9,2025,2,1,4,22
5008,446,10,2025,1,0,2,22
5009,446,11,2025,2,0,2,22
5010,446,12,2025,3,2,7,22
5011,447,1,2025,4,4,0,22
5012,447,2,2025,2,2,4,22
5013,447,3,2025,7,1,4,22
5014,447,4,2025,2,2,0,22
5015,447,5,2025,4,1,7,22
5016,447,6,2025,1,6,3,22
5017,447,7,2025,4,2,2,22
5018,447,8,2025,1,3,1,22
5019,447,9,2025,5,1,2,22
5020,447,10,2025,1,1,1,22
5021,447,11,2025,2,3,4,22
5022,447,12,2025,0,3,2,22
5023,448,1,2025,1,1,0,22
5024,448,2,2025,1,1,5,22
5025,448,3,2025,3,1,2,22
5026,448,4,2025,4,0,5,22
5027,448,5,2025,2,0,3,22
5028,448,6,2025,1,1,3,22
5029,448,7,2025,4,0,4,22
5030,448,8,2025,0,0,4,22
5031,448,9,2025,2,1,5,22
5032,448,10,2025,1,1,1,22
5033,448,11,2025,1,1,3,22
5034,448,12,2025,2,2,3,22
5035,449,1,2025,0,0,5,22
5036,449,2,2025,1,3,3,22
5037,449,3,2025,1,0,1,22
5038,449,4,2025,2,1,4,22
5039,449,5,2025,1,0,3,22
5040,449,6,2025,0,4,3,22
5041,449,7,2025,2,3,1,22
5042,449,8,2025,2,1,1,22
5043,449,9,2025,2,1,2,22
5044,449,10,2025,1,1,4,22
5045,449,11,2025,1,1,2,22
5046,449,12,2025,0,1,3,22
5047,450,1,2025,0,0,4,22
5048,450,2,2025,1,0,3,22
5049,450,3,2025,1,1,4,22
5050,450,4,2025,0,0,4,22
5051,450,5,2025,1,0,0,22
5052,450,6,2025,3,1,4,22
5053,450,7,2025,1,3,3,22
5054,450,8,2025,0,0,2,22
5055,450,9,2025,1,0,3,22
5056,450,10,2025,3,1,4,22
5057,450,11,2025,1,0,1,22
5058,450,12,2025,1,1,3,22
5059,451,1,2025,5,0,4,22
5060,451,2,2025,2,2,6,22
5061,451,3,2025,3,3,2,22
5062,451,4,2025,2,0,2,22
5063,451,7,2025,2,4,5,22
5064,451,8,2025,3,2,1,22
5065,451,9,2025,2,3,6,22
5066,451,10,2025,1,1,4,22
5067,451,11,2025,2,0,2,22
5068,451,12,2025,2,1,6,22
5069,452,1,2025,3,4,5,22
5070,452,2,2025,1,3,1,22
5071,452,4,2025,1,3,2,22
5072,452,5,2025,1,4,7,22
5073,452,8,2025,2,0,5,22
5074,452,9,2025,4,2,2,22
5075,452,10,2025,0,1,4,22
5076,452,11,2025,2,2,2,22
5077,452,12,2025,1,4,4,22
5078,453,1,2025,1,2,2,22
5079,453,2,2025,2,2,4,22
5080,453,3,2025,1,3,4,22
5081,453,4,2025,1,0,4,22
5082,453,5,2025,2,1,5,22
5083,453,6,2025,1,1,1,22
5084,453,7,2025,0,1,1,22
5085,453,8,2025,4,1,4,22
5086,453,9,2025,2,1,3,22
5087,453,10,2025,0,1,3,22
5088,453,11,2025,3,1,3,22
5089,453,12,2025,3,0,7,22
5090,454,1,2025,2,1,2,22
5091,454,2,2025,2,2,3,22
5092,454,3,2025,1,5,1,22
5093,454,4,2025,4,0,3,22
5094,454,5,2025,3,0,7,22
5095,454,6,2025,3,4,3,22
5096,454,7,2025,2,1,3,22
5097,454,8,2025,4,2,3,22
5098,454,9,2025,0,0,6,22
5099,454,10,2025,2,0,6,22
5100,454,11,2025,2,5,2,22
5101,454,12,2025,4,1,5,22
5102,455,1,2025,8,2,2,22
5103,455,2,2025,2,2,2,22
5104,455,3,2025,1,5,2,22
5105,455,4,2025,2,1,6,22
5106,455,5,2025,2,2,1,22
5107,455,6,2025,4,5,4,22
5108,455,7,2025,1,2,4,22
5109,455,8,2025,2,1,2,22
5110,455,9,2025,4,0,3,22
5111,455,10,2025,1,3,0,22
5112,455,11,2025,2,1,2,22
5113,455,12,2025,3,4,1,22
5114,456,1,2025,3,1,2,22
5115,456,4,2025,1,0,1,22
5116,456,5,2025,1,2,5,22
5117,456,6,2025,2,2,3,22
5118,456,9,2025,3,5,0,22
5119,456,10,2025,3,4,6,22
5120,456,11,2025,0,3,4,22
5121,456,12,2025,5,2,3,22
5122,457,1,2025,1,1,5,22
5123,457,2,2025,1,0,2,22
5124,457,3,2025,4,1,3,22
5125,457,4,2025,4,1,3,22
5126,457,5,2025,2,0,3,22
5127,457,6,2025,3,1,5,22
5128,457,7,2025,2,1,2,22
5129,457,8,2025,1,1,6,22
5130,457,9,2025,1,1,4,22
5131,457,10,2025,1,1,5,22
5132,457,11,2025,5,2,2,22
5133,457,12,2025,1,1,3,22
5134,458,1,2025,1,1,5,22
5135,458,2,2025,2,0,3,22
5136,458,3,2025,1,1,1,22
5137,458,4,2025,2,1,4,22
5138,458,5,2025,0,1,5,22
5139,458,6,2025,2,1,5,22
5140,458,7,2025,1,2,4,22
5141,458,8,2025,2,2,0,22
5142,458,9,2025,0,0,3,22
5143,458,10,2025,1,2,0,22
5144,458,11,2025,1,0,2,22
5145,458,12,2025,1,0,4,22
5146,459,1,2025,1,4,1,22
5147,459,2,2025,0,1,0,22
5148,459,3,2025,1,1,2,22
5149,459,4,2025,1,0,3,22
5150,459,5,2025,1,1,2,22
5151,459,6,2025,4,1,3,22
5152,459,7,2025,3,0,4,22
5153,459,8,2025,3,0,3,22
5154,459,9,2025,2,0,2,22
5155,459,10,2025,1,1,5,22
5156,459,11,2025,1,1,4,22
5157,459,12,2025,4,1,2,22
5158,460,1,2025,1,0,1,22
5159,460,2,2025,1,1,0,22
5160,460,3,2025,0,0,0,22
5161,460,4,2025,0,2,5,22
5162,460,5,2025,1,2,3,22
5163,460,6,2025,1,1,1,22
5164,460,7,2025,1,1,7,22
5165,460,8,2025,0,0,4,22
5166,460,9,2025,0,0,4,22
5167,460,10,2025,0,1,6,22
5168,460,11,2025,1,3,7,22
5169,460,12,2025,4,2,4,22
5170,461,1,2025,4,0,6,22
5171,461,2,2025,1,1,0,22
5172,461,3,2025,1,3,4,22
5173,461,4,2025,0,0,2,22
5174,461,5,2025,0,1,5,22
5175,461,6,2025,0,1,0,22
5176,461,7,2025,1,0,3,22
5177,461,8,2025,1,0,5,22
5178,461,9,2025,1,0,1,22
5179,461,10,2025,2,0,3,22
5180,461,11,2025,2,1,4,22
5181,461,12,2025,0,0,2,22
5182,462,1,2025,3,1,2,22
5183,462,2,2025,2,2,4,22
5184,462,3,2025,0,1,4,22
5185,462,4,2025,1,1,2,22
5186,462,5,2025,2,0,4,22
5187,462,6,2025,2,0,0,22
5188,462,7,2025,2,3,1,22
5189,462,8,2025,2,2,4,22
5190,462,9,2025,1,0,4,22
5191,462,10,2025,2,0,3,22
5192,462,11,2025,2,0,7,22
5193,462,12,2025,1,1,3,22
5194,463,1,2025,1,1,2,22
5195,463,2,2025,2,0,1,22
5196,463,3,2025,0,2,2,22
5197,463,5,2025,0,1,5,22
5198,463,6,2025,1,0,1,22
5199,463,7,2025,0,0,2,22
5200,463,9,2025,0,2,2,22
5201,463,10,2025,4,0,2,22
5202,463,11,2025,1,0,3,22
5203,463,12,2025,1,1,1,22
5204,464,1,2025,2,2,5,22
5205,464,2,2025,1,0,4,22
5206,464,3,2025,1,4,1,22
5207,464,4,2025,2,0,2,22
5208,464,5,2025,0,0,3,22
5209,464,6,2025,1,3,3,22
5210,464,7,2025,3,2,2,22
5211,464,8,2025,1,0,4,22
5212,464,9,2025,1,0,5,22
5213,464,10,2025,0,0,4,22
5214,464,11,2025,3,0,3,22
5215,464,12,2025,1,2,3,22
5216,465,1,2025,1,2,5,22
5217,465,2,2025,2,1,3,22
5218,465,3,2025,0,2,5,22
5219,465,4,2025,0,0,3,22
5220,465,5,2025,0,0,4,22
5221,465,6,2025,1,2,6,22
5222,465,7,2025,2,1,3,22
5223,465,8,2025,0,1,7,22
5224,465,9,2025,4,2,2,22
5225,465,10,2025,0,0,4,22
5226,465,11,2025,1,1,5,22
5227,465,12,2025,0,2,7,22
5228,466,1,2025,2,0,1,22
5229,466,2,2025,1,1,2,22
5230,466,3,2025,0,0,3,22
5231,466,4,2025,0,1,2,22
5232,466,5,2025,1,1,3,22
5233,466,6,2025,2,1,2,22
5234,466,7,2025,3,1,0,22
5235,466,8,2025,0,3,1,22
5236,466,9,2025,0,1,7,22
5237,466,10,2025,2,0,2,22
5238,466,11,2025,1,1,3,22
5239,466,12,2025,7,1,1,22
5240,467,1,2025,2,0,0,22
5241,467,2,2025,4,1,2,22
5242,467,3,2025,1,2,5,22
5243,467,4,2025,1,2,2,22
5244,467,5,2025,1,1,1,22
5245,467,6,2025,0,1,3,22
5246,467,7,2025,1,1,4,22
5247,467,8,2025,0,1,5,22
5248,467,9,2025,0,0,0,22
5249,467,10,2025,1,1,3,22
5250,467,11,2025,2,0,4,22
5251,467,12,2025,2,0,2,22
5252,468,1,2025,1,2,3,22
5253,468,2,2025,0,0,5,22
5254,468,3,2025,0,0,5,22
5255,468,4,2025,2,3,2,22
5256,468,5,2025,0,0,2,22
5257,468,6,2025,3,2,4,22
5258,468,7,2025,1,0,4,22
5259,468,8,2025,2,2,2,22
5260,468,9,2025,0,1,4,22
5261,468,10,2025,1,3,3,22
5262,468,11,2025,1,0,2,22
5263,468,12,2025,4,0,5,22
5264,469,1,2025,4,2,1,22
5265,469,2,2025,1,4,2,22
5266,469,3,2025,1,0,5,22
5267,469,4,2025,1,1,5,22
5268,469,5,2025,3,0,2,22
5269,469,6,2025,1,1,4,22
5270,469,7,2025,0,1,3,22
5271,469,8,2025,1,1,3,22
5272,469,9,2025,1,2,5,22
5273,469,10,2025,1,1,0,22
5274,469,11,2025,0,2,3,22
5275,469,12,2025,0,0,1,22
5276,470,1,2025,1,0,7,22
5277,470,3,2025,4,2,3,22
5278,470,4,2025,1,1,0,22
5279,470,6,2025,4,2,2,22
5280,470,7,2025,0,3,0,22
5281,470,8,2025,2,3,4,22
5282,470,9,2025,4,0,4,22
5283,470,10,2025,0,0,4,22
5284,470,11,2025,2,1,3,22
5285,470,12,2025,4,2,3,22
5286,471,2,2025,0,1,0,22
5287,471,3,2025,1,1,5,22
5288,471,4,2025,3,2,2,22
5289,471,5,2025,1,2,8,22
5290,471,6,2025,3,4,4,22
5291,471,7,2025,3,2,4,22
5292,471,9,2025,5,4,1,22
5293,471,10,2025,3,4,3,22
5294,471,12,2025,2,0,3,22
5295,472,1,2025,2,0,2,22
5296,472,2,2025,1,0,5,22
5297,472,3,2025,0,1,4,22
5298,472,4,2025,4,0,7,22
5299,472,5,2025,2,1,3,22
5300,472,6,2025,2,0,3,22
5301,472,7,2025,2,2,5,22
5302,472,8,2025,3,1,5,22
5303,472,9,2025,1,2,7,22
5304,472,10,2025,1,2,2,22
5305,472,11,2025,1,2,4,22
5306,472,12,2025,2,0,0,22
5307,473,1,2025,1,2,6,22
5308,473,2,2025,2,1,2,22
5309,473,4,2025,0,0,1,22
5310,473,5,2025,1,2,5,22
5311,473,7,2025,1,1,4,22
5312,473,8,2025,1,1,1,22
5313,473,9,2025,1,1,4,22
5314,473,10,2025,3,1,3,22
5315,473,11,2025,1,2,1,22
5316,473,12,2025,1,1,1,22
5317,474,1,2025,2,0,1,22
5318,474,2,2025,1,1,8,22
5319,474,3,2025,4,0,4,22
5320,474,4,2025,0,1,5,22
5321,474,5,2025,2,1,2,22
5322,474,6,2025,1,2,3,22
5323,474,7,2025,1,3,4,22
5324,474,8,2025,0,2,2,22
5325,474,9,2025,6,0,2,22
5326,474,10,2025,0,0,8,22
5327,474,11,2025,2,1,5,22
5328,474,12,2025,3,1,4,22
5329,475,1,2025,3,1,4,22
5330,475,2,2025,1,3,2,22
5331,475,3,2025,6,1,4,22
5332,475,4,2025,2,2,2,22
5333,475,5,2025,0,1,3,22
5334,475,6,2025,5,1,3,22
5335,475,7,2025,2,1,4,22
5336,475,8,2025,2,1,3,22
5337,475,9,2025,3,3,2,22
5338,475,10,2025,2,3,4,22
5339,475,11,2025,3,3,3,22
5340,475,12,2025,5,5,4,22
5341,476,1,2025,1,3,1,22
5342,476,2,2025,3,1,5,22
5343,476,3,2025,4,2,2,22
5344,476,4,2025,3,2,1,22
5345,476,5,2025,5,2,6,22
5346,476,6,2025,2,1,2,22
5347,476,7,2025,2,2,3,22
5348,476,8,2025,3,2,3,22
5349,476,9,2025,1,1,4,22
5350,476,10,2025,2,3,3,22
5351,476,11,2025,1,1,1,22
5352,476,12,2025,0,2,2,22
5353,477,1,2025,0,3,4,22
5354,477,2,2025,1,1,2,22
5355,477,3,2025,4,1,1,22
5356,477,4,2025,1,1,1,22
5357,477,5,2025,1,1,0,22
5358,477,6,2025,0,0,4,22
5359,477,7,2025,1,0,4,22
5360,477,8,2025,0,0,4,22
5361,477,9,2025,1,2,2,22
5362,477,10,2025,1,1,7,22
5363,477,11,2025,1,1,1,22
5364,477,12,2025,1,1,3,22
5365,478,1,2025,3,0,0,22
5366,478,2,2025,5,2,7,22
5367,478,3,2025,5,2,2,22
5368,478,4,2025,4,1,3,22
5369,478,5,2025,1,1,4,22
5370,478,6,2025,4,3,2,22
5371,478,7,2025,1,1,3,22
5372,478,8,2025,0,1,5,22
5373,478,9,2025,5,2,2,22
5374,478,10,2025,1,3,3,22
5375,478,11,2025,3,2,5,22
5376,478,12,2025,1,1,3,22
5377,479,1,2025,4,3,2,22
5378,479,2,2025,0,2,2,22
5379,479,3,2025,6,0,6,22
5380,479,4,2025,2,5,0,22
5381,479,5,2025,2,0,6,22
5382,479,6,2025,3,2,3,22
5383,479,7,2025,2,2,2,22
5384,479,8,2025,5,2,2,22
5385,479,9,2025,3,2,0,22
5386,479,10,2025,1,0,0,22
5387,479,11,2025,2,2,4,22
5388,479,12,2025,1,1,2,22
5389,480,1,2025,0,0,4,22
5390,480,2,2025,1,1,4,22
5391,480,3,2025,2,0,1,22
5392,480,4,2025,2,2,1,22
5393,480,5,2025,3,0,5,22
5394,480,6,2025,2,0,3,22
5395,480,7,2025,0,2,1,22
5396,480,8,2025,1,2,4,22
5397,480,9,2025,2,1,4,22
5398,480,10,2025,1,0,0,22
5399,480,11,2025,1,3,2,22
5400,480,12,2025,0,3,6,22
5401,481,1,2025,0,0,2,22
5402,481,2,2025,1,1,3,22
5403,481,3,2025,4,1,5,22
5404,481,4,2025,1,2,1,22
5405,481,5,2025,1,0,3,22
5406,481,6,2025,5,1,2,22
5407,481,7,2025,1,1,6,22
5408,481,8,2025,2,0,2,22
5409,481,9,2025,0,1,5,22
5410,481,10,2025,1,1,4,22
5411,481,11,2025,3,2,0,22
5412,481,12,2025,2,3,1,22
5413,482,1,2025,0,1,1,22
5414,482,2,2025,2,0,1,22
5415,482,3,2025,2,0,3,22
5416,482,4,2025,0,3,2,22
5417,482,5,2025,1,1,3,22
5418,482,6,2025,3,3,3,22
5419,482,7,2025,4,0,3,22
5420,482,8,2025,2,1,5,22
5421,482,9,2025,0,2,5,22
5422,482,10,2025,0,0,8,22
5423,482,11,2025,1,1,3,22
5424,482,12,2025,0,0,2,22
5425,483,4,2025,2,1,3,22
5426,483,5,2025,3,2,2,22
5427,483,6,2025,0,1,6,22
5428,483,8,2025,2,1,2,22
5429,483,9,2025,3,0,2,22
5430,483,10,2025,3,1,2,22
5431,483,12,2025,3,2,3,22
5432,484,1,2025,3,2,2,22
5433,484,2,2025,1,4,4,22
5434,484,3,2025,1,0,3,22
5435,484,4,2025,3,3,2,22
5436,484,5,2025,4,2,2,22
5437,484,6,2025,1,1,2,22
5438,484,7,2025,0,4,4,22
5439,484,8,2025,6,2,1,22
5440,484,9,2025,1,2,2,22
5441,484,10,2025,2,3,1,22
5442,484,11,2025,2,0,2,22
5443,484,12,2025,1,2,2,22
5444,485,1,2025,2,0,2,22
5445,485,2,2025,0,1,2,22
5446,485,3,2025,2,1,4,22
5447,485,4,2025,1,2,4,22
5448,485,6,2025,3,3,4,22
5449,485,7,2025,3,0,3,22
5450,485,9,2025,2,2,3,22
5451,485,12,2025,2,0,1,22
5452,486,1,2025,1,3,1,22
5453,486,2,2025,4,4,2,22
5454,486,3,2025,0,5,2,22
5455,486,4,2025,3,2,8,22
5456,486,5,2025,4,2,4,22
5457,486,6,2025,1,1,1,22
5458,486,7,2025,4,2,2,22
5459,486,8,2025,4,2,2,22
5460,486,9,2025,3,0,4,22
5461,486,10,2025,3,2,6,22
5462,486,11,2025,4,3,5,22
5463,486,12,2025,4,2,0,22
5464,487,1,2025,1,1,3,22
5465,487,2,2025,1,1,1,22
5466,487,3,2025,0,2,1,22
5467,487,4,2025,1,2,3,22
5468,487,5,2025,0,0,5,22
5469,487,6,2025,2,1,2,22
5470,487,7,2025,1,1,1,22
5471,487,8,2025,2,0,4,22
5472,487,9,2025,0,0,2,22
5473,487,10,2025,2,0,2,22
5474,487,11,2025,2,1,2,22
5475,487,12,2025,0,1,3,22
5476,488,1,2025,1,0,6,22
5477,488,2,2025,0,1,4,22
5478,488,3,2025,2,0,3,22
5479,488,5,2025,0,1,4,22
5480,488,6,2025,2,1,2,22
5481,488,9,2025,1,0,0,22
5482,488,10,2025,1,1,1,22
5483,488,11,2025,1,0,2,22
5484,488,12,2025,3,1,1,22
5485,489,1,2025,0,0,4,22
5486,489,2,2025,3,1,6,22
5487,489,3,2025,3,2,1,22
5488,489,4,2025,1,4,4,22
5489,489,5,2025,3,3,1,22
5490,489,6,2025,0,1,2,22
5491,489,7,2025,1,2,3,22
5492,489,8,2025,2,0,2,22
5493,489,9,2025,1,1,4,22
5494,489,10,2025,0,0,3,22
5495,489,11,2025,2,1,3,22
5496,489,12,2025,1,2,2,22
5497,490,2,2025,2,1,3,22
5498,490,3,2025,2,1,5,22
5499,490,4,2025,2,1,3,22
5500,490,5,2025,1,2,5,22
5501,490,7,2025,2,2,1,22
5502,490,9,2025,2,2,2,22
5503,490,10,2025,0,0,1,22
5504,490,11,2025,4,0,5,22
5505,490,12,2025,1,1,3,22
5506,491,1,2025,1,0,6,22
5507,491,2,2025,3,1,3,22
5508,491,3,2025,2,1,1,22
5509,491,4,2025,1,2,4,22
5510,491,5,2025,4,2,1,22
5511,491,6,2025,1,3,1,22
5512,491,7,2025,4,1,1,22
5513,491,8,2025,5,0,2,22
5514,491,9,2025,6,6,6,22
5515,491,10,2025,2,3,3,22
5516,491,11,2025,1,2,6,22
5517,491,12,2025,2,2,7,22
5518,492,1,2025,1,3,4,22
5519,492,2,2025,4,1,1,22
5520,492,3,2025,1,0,3,22
5521,492,4,2025,2,0,3,22
5522,492,5,2025,1,2,3,22
5523,492,7,2025,1,3,3,22
5524,492,9,2025,1,1,4,22
5525,492,10,2025,2,1,4,22
5526,492,11,2025,2,2,3,22
5527,493,1,2025,1,1,3,22
5528,493,2,2025,0,2,3,22
5529,493,3,2025,1,3,0,22
5530,493,4,2025,2,2,0,22
5531,493,5,2025,3,1,3,22
5532,493,6,2025,0,1,3,22
5533,493,7,2025,1,5,2,22
5534,493,8,2025,1,1,4,22
5535,493,9,2025,3,0,3,22
5536,493,10,2025,1,1,0,22
5537,493,11,2025,3,1,2,22
5538,493,12,2025,0,1,5,22
5539,494,1,2025,0,4,2,22
5540,494,2,2025,3,0,4,22
5541,494,3,2025,2,1,5,22
5542,494,4,2025,3,0,2,22
5543,494,5,2025,4,4,6,22
5544,494,6,2025,0,0,3,22
5545,494,7,2025,1,1,3,22
5546,494,8,2025,1,3,2,22
5547,494,9,2025,0,0,1,22
5548,494,10,2025,0,1,4,22
5549,494,11,2025,1,1,5,22
5550,494,12,2025,4,1,1,22
5551,495,1,2025,4,1,6,22
5552,495,2,2025,2,1,5,22
5553,495,3,2025,1,1,2,22
5554,495,4,2025,1,1,3,22
5555,495,5,2025,0,0,0,22
5556,495,6,2025,0,2,2,22
5557,495,7,2025,0,4,0,22
5558,495,8,2025,1,3,7,22
5559,495,9,2025,3,2,1,22
5560,495,10,2025,0,0,0,22
5561,495,11,2025,1,1,3,22
5562,495,12,2025,3,1,1,22
5563,496,1,2025,1,0,1,22
5564,496,2,2025,2,1,2,22
5565,496,3,2025,0,2,3,22
5566,496,4,2025,1,0,3,22
5567,496,5,2025,3,2,5,22
5568,496,6,2025,1,0,2,22
5569,496,7,2025,3,2,3,22
5570,496,8,2025,4,1,3,22
5571,496,9,2025,2,3,2,22
5572,496,10,2025,0,1,1,22
5573,496,11,2025,2,3,3,22
5574,496,12,2025,1,2,3,22
5575,497,1,2025,2,0,3,22
5576,497,2,2025,2,4,7,22
5577,497,3,2025,1,1,1,22
5578,497,4,2025,1,1,4,22
5579,497,5,2025,1,1,5,22
5580,497,6,2025,2,1,5,22
5581,497,7,2025,3,0,2,22
5582,497,8,2025,0,1,1,22
5583,497,9,2025,2,0,3,22
5584,497,10,2025,1,0,2,22
5585,497,11,2025,2,0,0,22
5586,497,12,2025,2,0,5,22
5587,498,1,2025,3,3,3,22
5588,498,2,2025,1,1,4,22
5589,498,3,2025,2,2,1,22
5590,498,4,2025,2,2,1,22
5591,498,5,2025,2,2,2,22
5592,498,6,2025,1,1,2,22
5593,498,7,2025,1,0,3,22
5594,498,8,2025,3,0,6,22
5595,498,9,2025,1,0,3,22
5596,498,10,2025,2,1,1,22
5597,498,11,2025,0,0,5,22
5598,498,12,2025,1,1,3,22
5599,499,1,2025,2,2,5,22
5600,499,2,2025,4,2,4,22
5601,499,3,2025,1,1,3,22
5602,499,4,2025,0,0,1,22
5603,499,5,2025,2,1,2,22
5604,499,6,2025,1,2,1,22
5605,499,7,2025,1,1,3,22
5606,499,8,2025,1,1,2,22
5607,499,9,2025,1,4,3,22
5608,499,10,2025,0,2,2,22
5609,499,11,2025,0,3,1,22
5610,499,12,2025,1,0,0,22
5611,500,4,2025,2,0,5,22
5612,500,5,2025,4,2,2,22
5613,500,6,2025,2,2,1,22
5614,500,7,2025,2,1,2,22
5615,500,9,2025,4,1,2,22
5616,500,10,2025,4,3,2,22
5617,501,1,2025,1,1,1,22
5618,501,2,2025,2,5,1,22
5619,501,3,2025,2,0,2,22
5620,501,4,2025,3,2,6,22
5621,501,5,2025,6,2,2,22
5622,501,6,2025,4,4,3,22
5623,501,7,2025,2,1,5,22
5624,501,8,2025,2,3,3,22
5625,501,9,2025,6,1,6,22
5626,501,10,2025,2,1,0,22
5627,501,11,2025,1,1,2,22
5628,501,12,2025,3,0,2,22
5629,502,1,2025,1,2,4,22
5630,502,2,2025,3,0,1,22
5631,502,3,2025,0,5,4,22
5632,502,4,2025,1,3,0,22
5633,502,5,2025,2,2,2,22
5634,502,6,2025,1,1,4,22
5635,502,8,2025,6,2,1,22
5636,502,9,2025,1,4,6,22
5637,502,12,2025,1,1,5,22
5638,503,1,2025,2,1,4,22
5639,503,2,2025,1,2,2,22
5640,503,3,2025,2,3,1,22
5641,503,4,2025,1,1,1,22
5642,503,5,2025,1,1,7,22
5643,503,6,2025,0,1,1,22
5644,503,7,2025,4,1,2,22
5645,503,8,2025,2,0,2,22
5646,503,9,2025,2,0,1,22
5647,503,10,2025,3,1,3,22
5648,503,11,2025,1,1,4,22
5649,503,12,2025,0,0,2,22
5650,504,1,2025,2,1,4,22
5651,504,4,2025,1,0,3,22
5652,504,5,2025,1,1,3,22
5653,504,10,2025,1,0,2,22
5654,504,11,2025,0,1,2,22
5655,504,12,2025,0,2,3,22
5656,505,1,2025,0,0,3,22
5657,505,2,2025,3,1,4,22
5658,505,3,2025,0,1,11,22
5659,505,4,2025,2,0,6,22
5660,505,5,2025,0,0,4,22
5661,505,6,2025,0,0,4,22
5662,505,7,2025,3,0,4,22
5663,505,8,2025,2,1,5,22
5664,505,9,2025,1,2,3,22
5665,505,10,2025,0,0,3,22
5666,505,11,2025,0,0,2,22
5667,505,12,2025,2,0,4,22
5668,506,1,2025,2,2,2,22
5669,506,4,2025,3,0,2,22
5670,506,6,2025,3,0,3,22
5671,506,7,2025,2,1,4,22
5672,506,9,2025,0,0,3,22
5673,506,11,2025,4,1,3,22
5674,507,1,2025,1,0,4,22
5675,507,4,2025,1,0,3,22
5676,507,9,2025,1,1,4,22
5677,507,10,2025,4,1,4,22
5678,507,11,2025,1,2,1,22
5679,507,12,2025,5,0,7,22
5680,508,1,2025,1,4,0,22
5681,508,3,2025,1,1,1,22
5682,508,4,2025,2,0,3,22
5683,508,5,2025,3,2,7,22
5684,508,6,2025,0,1,4,22
5685,508,7,2025,0,1,3,22
5686,508,8,2025,0,0,4,22
5687,508,9,2025,1,1,2,22
5688,508,10,2025,3,1,8,22
5689,508,11,2025,1,0,0,22
5690,508,12,2025,4,2,2,22
5691,509,1,2025,3,3,1,22
5692,509,2,2025,0,2,5,22
5693,509,3,2025,1,3,2,22
5694,509,4,2025,2,4,2,22
5695,509,5,2025,4,0,1,22
5696,509,6,2025,2,1,3,22
5697,509,7,2025,2,2,4,22
5698,509,8,2025,6,3,2,22
5699,509,9,2025,1,4,5,22
5700,509,10,2025,2,0,1,22
5701,509,11,2025,2,4,1,22
5702,509,12,2025,3,1,1,22
5703,510,1,2025,0,0,5,22
5704,510,2,2025,1,2,2,22
5705,510,3,2025,1,0,4,22
5706,510,4,2025,1,0,5,22
5707,510,5,2025,1,2,1,22
5708,510,7,2025,3,2,2,22
5709,510,8,2025,1,2,8,22
5710,510,9,2025,0,3,4,22
5711,510,10,2025,0,3,4,22
5712,510,11,2025,3,1,7,22
5713,510,12,2025,3,1,3,22
5714,511,1,2025,0,2,5,22
5715,511,2,2025,2,2,2,22
5716,511,3,2025,0,0,3,22
5717,511,4,2025,2,2,2,22
5718,511,5,2025,4,2,2,22
5719,511,6,2025,2,2,3,22
5720,511,7,2025,2,0,3,22
5721,511,8,2025,0,0,3,22
5722,511,9,2025,1,0,2,22
5723,511,10,2025,1,1,3,22
5724,511,11,2025,4,0,1,22
5725,511,12,2025,2,0,4,22
5726,512,1,2025,2,0,5,22
5727,512,2,2025,3,2,1,22
5728,512,3,2025,2,1,2,22
5729,512,4,2025,1,0,2,22
5730,512,5,2025,0,2,2,22
5731,512,6,2025,1,2,1,22
5732,512,7,2025,1,1,2,22
5733,512,8,2025,1,0,5,22
5734,512,9,2025,0,1,3,22
5735,512,10,2025,1,0,5,22
5736,512,11,2025,0,3,4,22
5737,512,12,2025,2,0,4,22
5738,513,1,2025,0,0,3,22
5739,513,2,2025,3,0,0,22
5740,513,3,2025,3,2,4,22
5741,513,4,2025,1,0,2,22
5742,513,5,2025,0,0,2,22
5743,513,6,2025,2,2,2,22
5744,513,7,2025,2,1,8,22
5745,513,8,2025,0,4,4,22
5746,513,9,2025,1,1,3,22
5747,513,10,2025,3,0,2,22
5748,513,11,2025,0,0,4,22
5749,513,12,2025,5,1,2,22
5750,514,1,2025,0,0,2,22
5751,514,2,2025,2,2,4,22
5752,514,3,2025,3,0,6,22
5753,514,4,2025,2,1,2,22
5754,514,5,2025,1,0,2,22
5755,514,6,2025,1,0,3,22
5756,514,7,2025,1,1,3,22
5757,514,8,2025,2,0,6,22
5758,514,9,2025,0,0,4,22
5759,514,10,2025,0,4,5,22
5760,514,11,2025,1,0,2,22
5761,514,12,2025,4,2,2,22
5762,515,1,2025,3,1,5,22
5763,515,2,2025,4,1,4,22
5764,515,3,2025,3,1,1,22
5765,515,4,2025,1,3,1,22
5766,515,5,2025,3,1,1,22
5767,515,6,2025,0,0,1,22
5768,515,7,2025,2,0,1,22
5769,515,8,2025,2,3,2,22
5770,515,9,2025,5,3,1,22
5771,515,10,2025,2,3,3,22
5772,515,11,2025,3,1,4,22
5773,515,12,2025,0,3,3,22
5774,516,1,2025,2,1,4,22
5775,516,2,2025,0,0,5,22
5776,516,3,2025,2,1,1,22
5777,516,4,2025,1,0,3,22
5778,516,5,2025,1,0,3,22
5779,516,6,2025,1,1,7,22
5780,516,7,2025,2,0,1,22
5781,516,8,2025,0,0,2,22
5782,516,9,2025,1,1,4,22
5783,516,10,2025,0,0,5,22
5784,516,11,2025,0,2,4,22
5785,516,12,2025,2,1,3,22
5786,517,1,2025,0,2,1,22
5787,517,4,2025,4,0,3,22
5788,517,6,2025,2,3,4,22
5789,517,10,2025,2,0,2,22
5790,518,1,2025,4,2,1,22
5791,518,2,2025,3,2,1,22
5792,518,3,2025,1,1,1,22
5793,518,4,2025,3,0,7,22
5794,518,5,2025,2,2,3,22
5795,518,6,2025,2,1,3,22
5796,518,7,2025,1,2,2,22
5797,518,8,2025,4,1,2,22
5798,518,9,2025,3,1,6,22
5799,518,10,2025,2,2,4,22
5800,518,11,2025,4,2,5,22
5801,518,12,2025,3,1,3,22
5802,519,1,2025,1,2,2,22
5803,519,2,2025,0,0,2,22
5804,519,3,2025,3,0,1,22
5805,519,4,2025,0,1,1,22
5806,519,5,2025,2,1,3,22
5807,519,6,2025,2,3,2,22
5808,519,7,2025,0,1,2,22
5809,519,8,2025,0,0,4,22
5810,519,9,2025,1,0,5,22
5811,519,10,2025,2,1,3,22
5812,519,11,2025,3,1,1,22
5813,519,12,2025,1,1,4,22
5814,520,1,2025,1,2,3,22
5815,520,2,2025,2,1,3,22
5816,520,3,2025,1,1,3,22
5817,520,4,2025,1,0,5,22
5818,520,5,2025,2,1,4,22
5819,520,6,2025,3,1,1,22
5820,520,7,2025,0,2,2,22
5821,520,8,2025,2,1,5,22
5822,520,9,2025,0,1,3,22
5823,520,10,2025,2,2,6,22
5824,520,11,2025,0,0,5,22
5825,520,12,2025,0,1,1,22
5826,521,1,2025,3,1,4,22
5827,521,2,2025,2,0,3,22
5828,521,3,2025,0,1,2,22
5829,521,4,2025,1,1,3,22
5830,521,5,2025,0,0,3,22
5831,521,6,2025,3,1,4,22
5832,521,7,2025,3,0,4,22
5833,521,8,2025,2,2,2,22
5834,521,9,2025,2,1,5,22
5835,521,10,2025,1,2,4,22
5836,521,11,2025,2,2,4,22
5837,521,12,2025,2,3,5,22
5838,522,1,2025,1,0,2,22
5839,522,2,2025,2,2,3,22
5840,522,3,2025,0,0,3,22
5841,522,4,2025,0,2,5,22
5842,522,5,2025,1,1,0,22
5843,522,6,2025,1,1,5,22
5844,522,7,2025,2,1,3,22
5845,522,8,2025,1,0,3,22
5846,522,9,2025,2,1,6,22
5847,522,10,2025,4,2,5,22
5848,522,11,2025,1,2,3,22
5849,522,12,2025,0,0,1,22
5850,523,1,2025,1,0,4,22
5851,523,3,2025,1,1,4,22
5852,523,4,2025,1,0,5,22
5853,523,5,2025,1,4,2,22
5854,523,8,2025,4,0,2,22
5855,523,9,2025,1,0,13,22
5856,523,12,2025,0,1,2,22
5857,524,1,2025,2,2,2,22
5858,524,2,2025,1,1,3,22
5859,524,3,2025,1,4,3,22
5860,524,4,2025,0,0,1,22
5861,524,5,2025,2,0,3,22
5862,524,6,2025,0,1,2,22
5863,524,7,2025,0,1,5,22
5864,524,8,2025,3,2,4,22
5865,524,9,2025,3,1,2,22
5866,524,10,2025,2,0,0,22
5867,524,11,2025,1,0,2,22
5868,524,12,2025,1,0,4,22
5869,525,1,2025,2,4,6,22
5870,525,3,2025,0,0,7,22
5871,525,4,2025,1,1,2,22
5872,525,7,2025,1,1,6,22
5873,525,8,2025,0,1,7,22
5874,525,9,2025,2,1,3,22
5875,525,10,2025,1,2,3,22
5876,525,12,2025,3,0,2,22
5877,526,1,2025,2,1,0,22
5878,526,2,2025,3,0,0,22
5879,526,3,2025,2,2,3,22
5880,526,4,2025,5,2,2,22
5881,526,5,2025,1,1,6,22
5882,526,6,2025,0,0,0,22
5883,526,7,2025,1,0,2,22
5884,526,8,2025,2,3,3,22
5885,526,9,2025,0,0,5,22
5886,526,10,2025,5,2,3,22
5887,526,11,2025,1,1,3,22
5888,526,12,2025,1,2,4,22
5889,527,1,2025,2,0,1,22
5890,527,2,2025,1,0,4,22
5891,527,3,2025,1,1,2,22
5892,527,4,2025,1,1,4,22
5893,527,5,2025,0,0,3,22
5894,527,6,2025,1,1,5,22
5895,527,7,2025,2,3,2,22
5896,527,8,2025,0,2,8,22
5897,527,9,2025,0,1,4,22
5898,527,10,2025,2,0,2,22
5899,527,11,2025,3,0,5,22
5900,527,12,2025,0,1,3,22
5901,528,1,2025,4,0,3,22
5902,528,2,2025,1,1,3,22
5903,528,3,2025,2,1,4,22
5904,528,4,2025,4,2,3,22
5905,528,5,2025,3,0,2,22
5906,528,6,2025,1,3,3,22
5907,528,7,2025,3,0,0,22
5908,528,8,2025,2,0,5,22
5909,528,9,2025,0,2,3,22
5910,528,10,2025,1,1,4,22
5911,528,11,2025,2,1,1,22
5912,528,12,2025,0,0,5,22
5913,529,2,2025,2,0,10,22
5914,529,4,2025,0,1,4,22
5915,529,5,2025,2,1,8,22
5916,529,6,2025,2,0,5,22
5917,529,7,2025,3,3,4,22
5918,529,8,2025,2,1,4,22
5919,529,9,2025,1,1,3,22
5920,529,10,2025,2,1,5,22
5921,529,11,2025,0,0,5,22
5922,529,12,2025,1,0,5,22
5923,530,1,2025,0,1,4,22
5924,530,2,2025,2,2,2,22
5925,530,3,2025,1,2,1,22
5926,530,4,2025,4,1,3,22
5927,530,5,2025,1,2,2,22
5928,530,6,2025,4,1,5,22
5929,530,7,2025,2,0,2,22
5930,530,8,2025,1,0,5,22
5931,530,9,2025,1,0,1,22
5932,530,10,2025,3,2,5,22
5933,530,11,2025,3,1,2,22
5934,530,12,2025,0,1,1,22
5935,531,1,2025,3,5,3,22
5936,531,2,2025,2,2,4,22
5937,531,3,2025,5,4,2,22
5938,531,4,2025,0,0,5,22
5939,531,5,2025,3,4,1,22
5940,531,6,2025,2,0,2,22
5941,531,7,2025,3,1,4,22
5942,531,8,2025,4,3,2,22
5943,531,9,2025,3,1,3,22
5944,531,10,2025,3,1,2,22
5945,531,11,2025,3,4,4,22
5946,531,12,2025,4,4,0,22
5947,532,1,2025,2,1,3,22
5948,532,2,2025,3,1,3,22
5949,532,3,2025,2,2,0,22
5950,532,4,2025,0,3,0,22
5951,532,5,2025,2,0,4,22
5952,532,6,2025,1,0,3,22
5953,532,7,2025,0,0,5,22
5954,532,8,2025,2,2,6,22
5955,532,9,2025,0,3,2,22
5956,532,10,2025,2,2,2,22
5957,532,11,2025,0,0,3,22
5958,532,12,2025,2,1,4,22
5959,533,1,2025,2,0,5,22
5960,533,2,2025,7,0,3,22
5961,533,3,2025,2,2,4,22
5962,533,4,2025,0,1,1,22
5963,533,5,2025,2,1,3,22
5964,533,6,2025,1,2,3,22
5965,533,7,2025,1,0,6,22
5966,533,8,2025,1,2,5,22
5967,533,9,2025,0,1,1,22
5968,533,10,2025,1,2,4,22
5969,533,11,2025,1,1,0,22
5970,533,12,2025,2,1,2,22
5971,534,1,2025,2,1,1,22
5972,534,2,2025,4,1,1,22
5973,534,3,2025,1,1,3,22
5974,534,4,2025,2,1,2,22
5975,534,5,2025,2,0,1,22
5976,534,6,2025,4,1,2,22
5977,534,7,2025,0,0,3,22
5978,534,8,2025,7,1,1,22
5979,534,9,2025,0,1,5,22
5980,534,10,2025,5,1,2,22
5981,534,11,2025,1,1,4,22
5982,534,12,2025,1,0,1,22
5983,535,1,2025,1,1,3,22
5984,535,2,2025,3,2,6,22
5985,535,3,2025,1,1,2,22
5986,535,4,2025,0,1,1,22
5987,535,5,2025,3,0,5,22
5988,535,6,2025,2,0,3,22
5989,535,7,2025,1,0,3,22
5990,535,8,2025,2,3,4,22
5991,535,9,2025,0,1,3,22
5992,535,10,2025,0,1,1,22
5993,535,11,2025,1,1,4,22
5994,535,12,2025,2,1,4,22
5995,536,1,2025,0,1,2,22
5996,536,2,2025,4,3,1,22
5997,536,3,2025,2,0,0,22
5998,536,4,2025,2,2,6,22
5999,536,5,2025,4,3,4,22
6000,536,6,2025,5,2,1,22
6001,536,7,2025,3,0,1,22
6002,536,8,2025,1,1,3,22
6003,536,9,2025,1,0,5,22
6004,536,10,2025,5,0,2,22
6005,536,11,2025,2,0,3,22
6006,536,12,2025,2,1,5,22
6007,537,1,2025,1,4,4,22
6008,537,2,2025,3,0,4,22
6009,537,3,2025,5,2,6,22
6010,537,4,2025,4,3,2,22
6011,537,5,2025,2,2,2,22
6012,537,7,2025,1,5,4,22
6013,537,8,2025,2,2,6,22
6014,537,9,2025,2,1,5,22
6015,537,10,2025,5,1,2,22
6016,537,11,2025,2,2,3,22
6017,538,1,2025,0,3,6,22
6018,538,2,2025,3,1,1,22
6019,538,3,2025,7,1,4,22
6020,538,4,2025,3,2,6,22
6021,538,5,2025,1,0,5,22
6022,538,6,2025,3,1,3,22
6023,538,7,2025,2,1,2,22
6024,538,8,2025,4,3,7,22
6025,538,9,2025,2,2,4,22
6026,538,10,2025,4,4,4,22
6027,538,11,2025,7,2,1,22
6028,538,12,2025,1,2,3,22
6029,539,1,2025,1,4,4,22
6030,539,2,2025,1,0,4,22
6031,539,3,2025,2,2,4,22
6032,539,4,2025,2,3,3,22
6033,539,5,2025,1,0,0,22
6034,539,6,2025,0,0,2,22
6035,539,7,2025,0,1,3,22
6036,539,8,2025,1,2,1,22
6037,539,9,2025,2,0,4,22
6038,539,10,2025,2,1,7,22
6039,539,11,2025,1,1,1,22
6040,539,12,2025,0,0,2,22
6041,540,1,2025,1,1,3,22
6042,540,2,2025,0,0,5,22
6043,540,3,2025,0,1,3,22
6044,540,4,2025,0,1,6,22
6045,540,5,2025,3,1,4,22
6046,540,6,2025,1,0,3,22
6047,540,7,2025,1,0,2,22
6048,540,8,2025,0,1,1,22
6049,540,9,2025,2,1,2,22
6050,540,10,2025,1,1,5,22
6051,540,11,2025,1,0,3,22
6052,540,12,2025,3,0,4,22
6053,541,1,2025,0,2,4,22
6054,541,2,2025,6,2,4,22
6055,541,3,2025,2,1,1,22
6056,541,4,2025,2,0,4,22
6057,541,5,2025,1,0,2,22
6058,541,6,2025,0,2,3,22
6059,541,7,2025,4,0,3,22
6060,541,8,2025,1,1,5,22
6061,541,9,2025,0,1,1,22
6062,541,10,2025,3,1,2,22
6063,541,11,2025,1,0,4,22
6064,541,12,2025,2,0,2,22
6065,542,1,2025,4,0,4,22
6066,542,2,2025,1,1,1,22
6067,542,3,2025,0,1,2,22
6068,542,4,2025,2,0,3,22
6069,542,5,2025,2,0,2,22
6070,542,6,2025,3,5,3,22
6071,542,7,2025,1,0,2,22
6072,542,8,2025,1,2,3,22
6073,542,9,2025,3,0,3,22
6074,542,10,2025,1,1,2,22
6075,542,11,2025,2,0,3,22
6076,542,12,2025,2,1,5,22
6077,543,1,2025,1,3,2,22
6078,543,2,2025,2,0,4,22
6079,543,3,2025,1,2,1,22
6080,543,4,2025,3,2,4,22
6081,543,5,2025,1,0,4,22
6082,543,6,2025,1,0,2,22
6083,543,7,2025,1,1,2,22
6084,543,8,2025,4,2,5,22
6085,543,9,2025,1,0,3,22
6086,543,10,2025,2,1,3,22
6087,543,11,2025,2,0,2,22
6088,543,12,2025,1,1,3,22
6089,544,1,2025,3,2,2,22
6090,544,2,2025,1,2,4,22
6091,544,3,2025,2,2,4,22
6092,544,4,2025,0,1,3,22
6093,544,5,2025,3,0,4,22
6094,544,6,2025,1,1,3,22
6095,544,7,2025,0,3,7,22
6096,544,8,2025,2,1,3,22
6097,544,9,2025,2,1,3,22
6098,544,10,2025,5,1,1,22
6099,544,11,2025,1,2,2,22
6100,544,12,2025,3,1,1,22
6101,545,1,2025,3,1,0,22
6102,545,2,2025,1,2,5,22
6103,545,3,2025,4,0,6,22
6104,545,4,2025,2,3,3,22
6105,545,5,2025,1,2,3,22
6106,545,6,2025,2,2,4,22
6107,545,7,2025,1,0,3,22
6108,545,8,2025,2,0,2,22
6109,545,9,2025,3,0,2,22
6110,545,10,2025,1,1,2,22
6111,545,11,2025,1,1,2,22
6112,545,12,2025,3,2,2,22
6113,546,1,2025,0,2,3,22
6114,546,2,2025,2,0,4,22
6115,546,3,2025,0,1,5,22
6116,546,4,2025,2,3,4,22
6117,546,5,2025,2,0,4,22
6118,546,6,2025,2,2,3,22
6119,546,7,2025,1,2,5,22
6120,546,8,2025,2,2,1,22
6121,546,9,2025,3,1,2,22
6122,546,10,2025,0,0,1,22
6123,546,11,2025,1,1,2,22
6124,546,12,2025,2,0,1,22
6125,547,1,2025,1,4,2,22
6126,547,2,2025,0,1,4,22
6127,547,3,2025,1,1,3,22
6128,547,4,2025,2,1,3,22
6129,547,5,2025,3,1,5,22
6130,547,6,2025,0,2,4,22
6131,547,7,2025,1,1,1,22
6132,547,8,2025,1,0,1,22
6133,547,9,2025,1,2,3,22
6134,547,10,2025,1,0,3,22
6135,547,11,2025,2,0,0,22
6136,547,12,2025,1,1,6,22
6137,548,2,2025,0,2,4,22
6138,548,3,2025,0,1,1,22
6139,548,4,2025,3,3,1,22
6140,548,6,2025,3,2,4,22
6141,548,8,2025,5,0,3,22
6142,548,9,2025,1,2,5,22
6143,548,11,2025,3,3,2,22
6144,549,1,2025,1,1,2,22
6145,549,2,2025,4,2,1,22
6146,549,3,2025,1,0,3,22
6147,549,4,2025,1,4,4,22
6148,549,8,2025,1,1,3,22
6149,549,10,2025,5,0,2,22
6150,549,11,2025,2,2,5,22
6151,549,12,2025,1,4,2,22
6152,550,1,2025,1,0,4,22
6153,550,2,2025,1,1,4,22
6154,550,3,2025,1,2,4,22
6155,550,4,2025,2,1,0,22
6156,550,5,2025,1,0,2,22
6157,550,6,2025,1,3,3,22
6158,550,7,2025,2,1,2,22
6159,550,8,2025,1,0,2,22
6160,550,9,2025,3,0,6,22
6161,550,10,2025,3,1,1,22
6162,550,11,2025,0,1,0,22
6163,550,12,2025,0,0,0,22
6164,551,1,2025,0,0,3,22
6165,551,2,2025,3,2,3,22
6166,551,3,2025,2,1,2,22
6167,551,4,2025,1,0,5,22
6168,551,5,2025,1,0,6,22
6169,551,6,2025,2,0,3,22
6170,551,7,2025,0,1,0,22
6171,551,8,2025,3,0,1,22
6172,551,9,2025,1,1,1,22
6173,551,10,2025,3,2,1,22
6174,551,11,2025,2,1,1,22
6175,551,12,2025,1,0,5,22
6176,552,1,2025,1,1,2,22
6177,552,2,2025,1,1,1,22
6178,552,3,2025,3,1,4,22
6179,552,4,2025,5,0,4,22
6180,552,5,2025,1,1,5,22
6181,552,6,2025,1,2,3,22
6182,552,7,2025,1,3,2,22
6183,552,8,2025,1,1,5,22
6184,552,9,2025,4,2,4,22
6185,552,10,2025,1,0,3,22
6186,552,11,2025,0,1,0,22
6187,552,12,2025,2,2,2,22
6188,553,1,2025,1,1,5,22
6189,553,2,2025,6,2,3,22
6190,553,3,2025,1,5,2,22
6191,553,4,2025,2,3,4,22
6192,553,5,2025,3,3,1,22
6193,553,6,2025,0,0,3,22
6194,553,7,2025,0,2,3,22
6195,553,8,2025,3,3,9,22
6196,553,9,2025,1,3,2,22
6197,553,10,2025,0,3,3,22
6198,553,11,2025,0,2,5,22
6199,553,12,2025,1,3,3,22
6200,554,1,2025,2,1,3,22
6201,554,2,2025,2,2,2,22
6202,554,3,2025,1,0,2,22
6203,554,4,2025,0,1,2,22
6204,554,5,2025,1,2,3,22
6205,554,6,2025,5,4,4,22
6206,554,7,2025,1,2,2,22
6207,554,8,2025,2,2,5,22
6208,554,9,2025,5,2,3,22
6209,554,10,2025,1,2,6,22
6210,554,11,2025,6,0,5,22
6211,554,12,2025,3,0,2,22
6212,555,1,2025,2,1,2,22
6213,555,2,2025,1,3,6,22
6214,555,3,2025,1,1,1,22
6215,555,4,2025,2,1,2,22
6216,555,5,2025,1,1,4,22
6217,555,6,2025,2,1,1,22
6218,555,7,2025,2,1,3,22
6219,555,8,2025,2,1,6,22
6220,555,9,2025,1,2,2,22
6221,555,10,2025,0,1,6,22
6222,555,11,2025,1,0,2,22
6223,555,12,2025,2,0,2,22
6224,556,2,2025,3,3,4,22
6225,556,3,2025,2,2,2,22
6226,556,4,2025,4,1,3,22
6227,556,5,2025,4,2,7,22
6228,556,6,2025,2,2,4,22
6229,556,9,2025,0,1,1,22
6230,556,10,2025,2,0,1,22
6231,556,12,2025,4,1,3,22
6232,557,1,2025,5,2,3,22
6233,557,2,2025,1,5,2,22
6234,557,3,2025,1,0,4,22
6235,557,4,2025,2,0,1,22
6236,557,5,2025,1,1,5,22
6237,557,6,2025,3,0,4,22
6238,557,7,2025,2,0,2,22
6239,557,8,2025,1,2,3,22
6240,557,9,2025,2,0,5,22
6241,557,10,2025,7,0,3,22
6242,557,11,2025,2,2,5,22
6243,557,12,2025,0,0,1,22
6244,558,2,2025,0,0,3,22
6245,558,4,2025,2,0,2,22
6246,558,5,2025,1,1,7,22
6247,558,6,2025,2,1,7,22
6248,558,7,2025,0,4,4,22
6249,558,8,2025,2,3,3,22
6250,558,11,2025,1,1,2,22
6251,558,12,2025,1,1,1,22
6252,559,1,2025,0,2,1,22
6253,559,2,2025,2,1,5,22
6254,559,3,2025,1,4,6,22
6255,559,4,2025,1,1,3,22
6256,559,5,2025,3,0,6,22
6257,559,6,2025,2,0,5,22
6258,559,7,2025,0,1,3,22
6259,559,8,2025,2,0,4,22
6260,559,9,2025,1,0,2,22
6261,559,10,2025,1,3,1,22
6262,559,11,2025,2,1,3,22
6263,559,12,2025,4,1,1,22
6264,560,1,2025,2,1,5,22
6265,560,2,2025,1,1,2,22
6266,560,3,2025,1,5,2,22
6267,560,4,2025,1,3,5,22
6268,560,5,2025,2,0,5,22
6269,560,6,2025,1,0,5,22
6270,560,7,2025,1,0,3,22
6271,560,8,2025,3,0,1,22
6272,560,9,2025,0,1,1,22
6273,560,10,2025,2,0,3,22
6274,560,11,2025,1,2,4,22
6275,560,12,2025,1,0,4,22
6276,561,1,2025,1,1,6,22
6277,561,2,2025,2,0,3,22
6278,561,3,2025,2,1,3,22
6279,561,4,2025,1,1,5,22
6280,561,5,2025,2,0,4,22
6281,561,6,2025,1,2,6,22
6282,561,7,2025,2,1,0,22
6283,561,8,2025,0,1,5,22
6284,561,9,2025,2,3,2,22
6285,561,10,2025,3,0,3,22
6286,561,11,2025,0,1,1,22
6287,561,12,2025,0,2,4,22
6288,562,1,2025,2,1,4,22
6289,562,2,2025,2,0,3,22
6290,562,3,2025,3,1,1,22
6291,562,4,2025,3,1,6,22
6292,562,5,2025,0,0,3,22
6293,562,6,2025,1,0,4,22
6294,562,7,2025,2,1,2,22
6295,562,8,2025,2,0,2,22
6296,562,9,2025,2,0,2,22
6297,562,10,2025,1,1,6,22
6298,562,11,2025,2,1,3,22
6299,562,12,2025,0,0,4,22
6300,563,1,2025,2,1,4,22
6301,563,2,2025,0,2,3,22
6302,563,3,2025,1,0,9,22
6303,563,4,2025,0,1,5,22
6304,563,5,2025,4,1,2,22
6305,563,6,2025,1,0,5,22
6306,563,7,2025,2,0,3,22
6307,563,8,2025,2,0,4,22
6308,563,9,2025,2,1,0,22
6309,563,10,2025,2,0,1,22
6310,563,11,2025,2,1,5,22
6311,563,12,2025,3,1,3,22
6312,564,1,2025,2,0,4,22
6313,564,2,2025,4,2,4,22
6314,564,3,2025,3,2,2,22
6315,564,4,2025,3,1,4,22
6316,564,5,2025,2,2,1,22
6317,564,6,2025,3,2,3,22
6318,564,7,2025,4,2,3,22
6319,564,8,2025,3,2,1,22
6320,564,9,2025,4,1,2,22
6321,564,10,2025,4,0,7,22
6322,564,11,2025,3,1,3,22
6323,564,12,2025,1,3,5,22
6324,565,1,2025,3,0,6,22
6325,565,2,2025,3,1,3,22
6326,565,3,2025,3,0,4,22
6327,565,4,2025,1,1,0,22
6328,565,5,2025,0,0,7,22
6329,565,6,2025,2,1,2,22
6330,565,7,2025,1,0,3,22
6331,565,8,2025,1,0,1,22
6332,565,9,2025,1,2,0,22
6333,565,10,2025,3,1,2,22
6334,565,11,2025,2,0,4,22
6335,565,12,2025,1,0,6,22
6336,566,1,2025,3,0,1,22
6337,566,2,2025,4,2,4,22
6338,566,3,2025,4,2,4,22
6339,566,4,2025,3,3,5,22
6340,566,5,2025,3,3,3,22
6341,566,6,2025,4,5,4,22
6342,566,7,2025,1,2,4,22
6343,566,8,2025,0,4,1,22
6344,566,9,2025,2,3,5,22
6345,566,10,2025,1,1,2,22
6346,566,11,2025,2,0,3,22
6347,566,12,2025,7,2,2,22
6348,567,1,2025,4,6,0,22
6349,567,2,2025,6,1,5,22
6350,567,3,2025,1,4,4,22
6351,567,4,2025,5,2,1,22
6352,567,5,2025,2,1,1,22
6353,567,6,2025,2,4,3,22
6354,567,7,2025,4,3,3,22
6355,567,8,2025,1,2,1,22
6356,567,9,2025,2,2,2,22
6357,567,10,2025,3,1,7,22
6358,567,11,2025,1,2,3,22
6359,567,12,2025,1,3,0,22
6360,568,3,2025,2,0,0,22
6361,568,5,2025,1,1,4,22
6362,568,7,2025,0,2,3,22
6363,568,8,2025,2,1,3,22
6364,568,10,2025,0,0,4,22
6365,568,11,2025,3,0,5,22
6366,568,12,2025,0,0,3,22
6367,569,1,2025,1,6,5,22
6368,569,4,2025,0,2,3,22
6369,569,5,2025,0,1,6,22
6370,569,6,2025,2,0,2,22
6371,569,7,2025,4,0,3,22
6372,569,8,2025,2,1,5,22
6373,569,11,2025,1,0,3,22
6374,569,12,2025,1,1,4,22
6375,570,3,2025,3,1,2,22
6376,570,5,2025,2,1,3,22
6377,570,6,2025,3,3,1,22
6378,570,9,2025,0,2,5,22
6379,570,11,2025,1,2,3,22
6380,571,1,2025,3,1,5,22
6381,571,2,2025,2,4,1,22
6382,571,3,2025,1,2,6,22
6383,571,4,2025,1,1,4,22
6384,571,5,2025,2,0,3,22
6385,571,6,2025,0,0,1,22
6386,571,7,2025,1,3,2,22
6387,571,8,2025,5,1,3,22
6388,571,9,2025,0,2,3,22
6389,571,10,2025,1,0,1,22
6390,571,11,2025,5,2,2,22
6391,571,12,2025,2,2,3,22
6392,572,1,2025,4,1,2,22
6393,572,2,2025,1,1,4,22
6394,572,3,2025,3,0,1,22
6395,572,4,2025,2,2,4,22
6396,572,5,2025,2,2,6,22
6397,572,6,2025,3,1,2,22
6398,572,7,2025,1,1,2,22
6399,572,8,2025,2,1,1,22
6400,572,9,2025,1,1,3,22
6401,572,10,2025,2,2,2,22
6402,572,11,2025,3,0,2,22
6403,572,12,2025,1,2,2,22
6404,573,1,2025,5,2,5,22
6405,573,3,2025,2,0,3,22
6406,573,4,2025,1,0,2,22
6407,573,7,2025,1,1,5,22
6408,573,8,2025,0,0,3,22
6409,573,11,2025,2,1,3,22
6410,574,1,2025,1,0,1,22
6411,574,2,2025,1,1,4,22
6412,574,3,2025,0,1,1,22
6413,574,4,2025,1,0,0,22
6414,574,5,2025,0,0,7,22
6415,574,6,2025,0,4,6,22
6416,574,7,2025,2,0,6,22
6417,574,8,2025,1,0,3,22
6418,574,9,2025,2,0,2,22
6419,574,10,2025,1,0,2,22
6420,574,11,2025,2,1,9,22
6421,574,12,2025,4,3,7,22
6422,575,1,2025,4,0,3,22
6423,575,2,2025,1,2,2,22
6424,575,3,2025,1,4,3,22
6425,575,4,2025,3,3,3,22
6426,575,5,2025,3,3,1,22
6427,575,6,2025,3,4,2,22
6428,575,7,2025,3,3,2,22
6429,575,8,2025,3,1,2,22
6430,575,9,2025,1,1,1,22
6431,575,10,2025,3,5,2,22
6432,575,11,2025,3,1,0,22
6433,575,12,2025,2,2,0,22
6434,576,1,2025,0,4,4,22
6435,576,2,2025,2,0,1,22
6436,576,3,2025,6,1,2,22
6437,576,4,2025,2,2,2,22
6438,576,5,2025,2,1,4,22
6439,576,6,2025,3,2,4,22
6440,576,7,2025,4,6,2,22
6441,576,8,2025,0,3,4,22
6442,576,9,2025,5,1,7,22
6443,576,10,2025,2,2,3,22
6444,576,11,2025,2,1,3,22
6445,576,12,2025,1,0,4,22
6446,577,1,2025,2,4,3,22
6447,577,2,2025,1,2,7,22
6448,577,4,2025,5,1,2,22
6449,577,5,2025,2,1,5,22
6450,577,7,2025,2,2,3,22
6451,577,8,2025,1,5,2,22
6452,577,9,2025,2,6,2,22
6453,577,10,2025,3,1,4,22
6454,577,11,2025,4,2,1,22
6455,578,1,2025,0,2,2,22
6456,578,2,2025,2,0,3,22
6457,578,3,2025,1,0,1,22
6458,578,4,2025,1,2,1,22
6459,578,5,2025,2,1,1,22
6460,578,6,2025,3,1,5,22
6461,578,7,2025,2,0,2,22
6462,578,8,2025,1,3,3,22
6463,578,9,2025,2,4,5,22
6464,578,10,2025,1,0,3,22
6465,578,11,2025,2,3,4,22
6466,578,12,2025,0,2,3,22
6467,579,1,2025,2,1,3,22
6468,579,2,2025,1,4,4,22
6469,579,3,2025,2,3,2,22
6470,579,4,2025,1,2,2,22
6471,579,5,2025,2,0,4,22
6472,579,6,2025,0,1,6,22
6473,579,7,2025,4,2,7,22
6474,579,8,2025,2,2,5,22
6475,579,9,2025,2,2,4,22
6476,579,10,2025,4,4,2,22
6477,579,11,2025,2,1,2,22
6478,579,12,2025,0,2,4,22
6479,580,1,2025,1,1,2,22
6480,580,2,2025,2,1,2,22
6481,580,3,2025,3,0,2,22
6482,580,4,2025,2,3,2,22
6483,580,5,2025,2,0,0,22
6484,580,6,2025,0,1,2,22
6485,580,7,2025,2,2,4,22
6486,580,8,2025,2,1,1,22
6487,580,9,2025,1,1,4,22
6488,580,10,2025,0,3,3,22
6489,580,11,2025,1,2,3,22
6490,580,12,2025,3,0,3,22
6491,581,1,2025,2,0,4,22
6492,581,2,2025,1,1,2,22
6493,581,3,2025,4,2,5,22
6494,581,4,2025,0,0,3,22
6495,581,5,2025,1,1,4,22
6496,581,6,2025,2,2,2,22
6497,581,7,2025,1,0,2,22
6498,581,8,2025,0,3,2,22
6499,581,9,2025,0,4,3,22
6500,581,10,2025,0,0,4,22
6501,581,11,2025,2,2,1,22
6502,581,12,2025,3,0,2,22
6503,582,1,2025,0,1,3,22
6504,582,2,2025,0,4,3,22
6505,582,3,2025,1,1,2,22
6506,582,4,2025,0,0,2,22
6507,582,5,2025,3,0,1,22
6508,582,6,2025,4,0,6,22
6509,582,7,2025,1,0,6,22
6510,582,8,2025,0,1,1,22
6511,582,9,2025,1,1,3,22
6512,582,10,2025,2,1,2,22
6513,582,11,2025,2,0,3,22
6514,582,12,2025,4,0,3,22
6515,583,1,2025,1,3,4,22
6516,583,2,2025,1,1,1,22
6517,583,3,2025,1,2,3,22
6518,583,4,2025,2,4,3,22
6519,583,5,2025,4,4,2,22
6520,583,6,2025,5,3,3,22
6521,583,7,2025,1,2,2,22
6522,583,8,2025,3,4,0,22
6523,583,9,2025,2,1,5,22
6524,583,10,2025,1,2,4,22
6525,583,11,2025,2,2,2,22
6526,583,12,2025,3,1,2,22
6527,584,1,2025,3,1,4,22
6528,584,2,2025,0,1,4,22
6529,584,3,2025,1,1,4,22
6530,584,4,2025,2,0,5,22
6531,584,5,2025,2,0,5,22
6532,584,6,2025,0,5,4,22
6533,584,7,2025,4,0,4,22
6534,584,8,2025,2,0,6,22
6535,584,9,2025,3,1,3,22
6536,584,10,2025,1,2,3,22
6537,584,11,2025,0,2,3,22
6538,584,12,2025,2,0,8,22
6539,585,1,2025,4,2,5,22
6540,585,2,2025,1,2,3,22
6541,585,3,2025,2,1,4,22
6542,585,4,2025,0,0,2,22
6543,585,5,2025,0,1,3,22
6544,585,6,2025,2,1,4,22
6545,585,7,2025,2,2,5,22
6546,585,8,2025,1,1,3,22
6547,585,9,2025,1,1,4,22
6548,585,10,2025,5,1,2,22
6549,585,11,2025,4,2,6,22
6550,585,12,2025,1,0,2,22
6551,586,1,2025,2,1,2,22
6552,586,2,2025,2,0,4,22
6553,586,3,2025,2,0,4,22
6554,586,4,2025,0,0,8,22
6555,586,5,2025,4,1,1,22
6556,586,6,2025,3,0,2,22
6557,586,7,2025,4,1,4,22
6558,586,8,2025,2,2,1,22
6559,586,9,2025,2,0,3,22
6560,586,10,2025,2,0,5,22
6561,586,11,2025,2,1,2,22
6562,586,12,2025,2,0,1,22
6563,587,1,2025,2,1,3,22
6564,587,2,2025,1,0,3,22
6565,587,3,2025,1,1,1,22
6566,587,4,2025,0,4,3,22
6567,587,5,2025,1,0,3,22
6568,587,6,2025,1,2,2,22
6569,587,7,2025,4,0,3,22
6570,587,8,2025,1,1,3,22
6571,587,9,2025,3,2,4,22
6572,587,10,2025,0,0,3,22
6573,587,11,2025,3,1,3,22
6574,587,12,2025,0,2,5,22
6575,588,1,2025,0,0,6,22
6576,588,2,2025,2,0,4,22
6577,588,3,2025,2,0,3,22
6578,588,4,2025,7,1,5,22
6579,588,5,2025,2,1,0,22
6580,588,6,2025,4,1,4,22
6581,588,7,2025,0,1,2,22
6582,588,8,2025,2,2,4,22
6583,588,9,2025,1,2,8,22
6584,588,10,2025,0,1,2,22
6585,588,11,2025,1,1,2,22
6586,588,12,2025,0,0,2,22
6587,589,1,2025,2,4,4,22
6588,589,2,2025,3,2,2,22
6589,589,3,2025,0,0,4,22
6590,589,4,2025,1,1,3,22
6591,589,5,2025,1,3,3,22
6592,589,6,2025,2,0,4,22
6593,589,7,2025,4,2,2,22
6594,589,8,2025,0,4,2,22
6595,589,9,2025,0,0,1,22
6596,589,10,2025,1,3,3,22
6597,589,11,2025,3,1,4,22
6598,589,12,2025,1,4,2,22
6599,590,1,2025,3,2,0,22
6600,590,2,2025,3,1,5,22
6601,590,3,2025,2,4,4,22
6602,590,4,2025,2,1,3,22
6603,590,5,2025,1,0,3,22
6604,590,6,2025,2,1,2,22
6605,590,7,2025,1,0,2,22
6606,590,8,2025,0,2,4,22
6607,590,9,2025,1,0,6,22
6608,590,10,2025,1,1,2,22
6609,590,11,2025,0,0,2,22
6610,590,12,2025,1,0,3,22
6611,591,1,2025,1,0,2,22
6612,591,2,2025,5,3,6,22
6613,591,3,2025,0,0,3,22
6614,591,4,2025,0,2,1,22
6615,591,5,2025,0,1,3,22
6616,591,6,2025,2,0,2,22
6617,591,7,2025,3,0,3,22
6618,591,8,2025,3,1,1,22
6619,591,9,2025,1,0,2,22
6620,591,10,2025,2,1,4,22
6621,591,11,2025,0,0,2,22
6622,591,12,2025,2,1,3,22
6623,592,1,2025,2,2,0,22
6624,592,2,2025,2,0,3,22
6625,592,3,2025,2,0,2,22
6626,592,4,2025,2,0,5,22
6627,592,5,2025,2,0,3,22
6628,592,6,2025,2,2,3,22
6629,592,7,2025,1,1,2,22
6630,592,8,2025,2,3,2,22
6631,592,9,2025,1,0,2,22
6632,592,10,2025,0,0,1,22
6633,592,11,2025,2,0,5,22
6634,592,12,2025,1,1,4,22
6635,593,1,2025,2,2,1,22
6636,593,2,2025,1,0,2,22
6637,593,3,2025,3,1,2,22
6638,593,4,2025,4,0,2,22
6639,593,5,2025,6,2,1,22
6640,593,6,2025,5,2,2,22
6641,593,7,2025,4,3,3,22
6642,593,8,2025,2,1,4,22
6643,593,9,2025,2,3,2,22
6644,593,10,2025,4,1,2,22
6645,593,11,2025,7,1,5,22
6646,593,12,2025,1,2,7,22
6647,594,2,2025,2,3,3,22
6648,594,3,2025,1,4,2,22
6649,594,4,2025,3,0,0,22
6650,594,6,2025,2,2,5,22
6651,594,7,2025,1,0,3,22
6652,594,8,2025,4,0,3,22
6653,594,9,2025,2,0,5,22
6654,594,10,2025,1,1,4,22
6655,594,11,2025,1,1,1,22
6656,594,12,2025,2,8,0,22
6657,595,1,2025,1,0,0,22
6658,595,2,2025,2,0,3,22
6659,595,3,2025,2,1,3,22
6660,595,4,2025,1,2,0,22
6661,595,5,2025,0,2,4,22
6662,595,6,2025,1,0,5,22
6663,595,7,2025,2,2,5,22
6664,595,8,2025,1,2,3,22
6665,595,9,2025,1,0,5,22
6666,595,10,2025,1,0,3,22
6667,595,11,2025,6,0,6,22
6668,595,12,2025,1,0,3,22
6669,596,1,2025,1,5,1,22
6670,596,2,2025,1,2,3,22
6671,596,3,2025,1,0,2,22
6672,596,4,2025,0,3,5,22
6673,596,5,2025,4,0,4,22
6674,596,6,2025,1,2,5,22
6675,596,7,2025,4,3,4,22
6676,596,8,2025,1,1,5,22
6677,596,9,2025,1,2,4,22
6678,596,10,2025,1,0,5,22
6679,596,11,2025,1,2,3,22
6680,596,12,2025,2,1,4,22
6681,597,1,2025,3,1,2,22
6682,597,2,2025,1,0,4,22
6683,597,3,2025,1,2,1,22
6684,597,4,2025,0,0,5,22
6685,597,5,2025,0,1,0,22
6686,597,6,2025,0,0,2,22
6687,597,7,2025,0,1,7,22
6688,597,8,2025,2,1,5,22
6689,597,9,2025,1,1,6,22
6690,597,10,2025,0,1,2,22
6691,597,11,2025,1,1,1,22
6692,597,12,2025,0,1,2,22
6693,598,1,2025,2,0,4,22
6694,598,2,2025,2,1,5,22
6695,598,3,2025,2,0,4,22
6696,598,4,2025,3,1,5,22
6697,598,5,2025,0,1,1,22
6698,598,6,2025,1,2,2,22
6699,598,7,2025,2,1,0,22
6700,598,8,2025,2,2,3,22
6701,598,9,2025,0,1,1,22
6702,598,10,2025,1,1,2,22
6703,598,11,2025,0,4,3,22
6704,598,12,2025,2,2,2,22
6705,599,1,2025,1,3,1,22
6706,599,2,2025,4,1,3,22
6707,599,3,2025,1,2,4,22
6708,599,4,2025,2,0,4,22
6709,599,5,2025,1,0,2,22
6710,599,6,2025,1,1,5,22
6711,599,7,2025,1,3,4,22
6712,599,8,2025,0,1,2,22
6713,599,9,2025,3,1,3,22
6714,599,10,2025,1,1,0,22
6715,599,11,2025,0,1,1,22
6716,599,12,2025,2,3,2,22
6717,600,1,2025,1,0,1,22
6718,600,2,2025,2,1,3,22
6719,600,3,2025,0,0,1,22
6720,600,4,2025,1,0,6,22
6721,600,5,2025,1,1,5,22
6722,600,6,2025,0,0,5,22
6723,600,7,2025,0,1,1,22
6724,600,8,2025,3,0,2,22
6725,600,9,2025,2,1,4,22
6726,600,10,2025,1,3,1,22
6727,600,11,2025,1,1,3,22
6728,600,12,2025,4,0,5,22
6729,601,1,2025,2,0,6,22
6730,601,2,2025,1,2,6,22
6731,601,3,2025,2,0,5,22
6732,601,4,2025,1,1,5,22
6733,601,5,2025,2,1,5,22
6734,601,6,2025,6,1,0,22
6735,601,7,2025,1,2,2,22
6736,601,8,2025,2,1,3,22
6737,601,9,2025,0,1,1,22
6738,601,10,2025,3,0,4,22
6739,601,11,2025,1,1,2,22
6740,601,12,2025,5,2,6,22
6741,602,1,2025,0,1,3,22
6742,602,2,2025,1,1,2,22
6743,602,3,2025,3,0,3,22
6744,602,4,2025,1,1,6,22
6745,602,5,2025,2,0,3,22
6746,602,6,2025,1,1,7,22
6747,602,7,2025,2,0,3,22
6748,602,8,2025,1,1,4,22
6749,602,9,2025,6,1,2,22
6750,602,10,2025,2,0,3,22
6751,602,11,2025,0,1,7,22
6752,602,12,2025,0,1,6,22
6753,603,1,2025,1,1,2,22
6754,603,2,2025,2,0,2,22
6755,603,3,2025,0,2,3,22
6756,603,4,2025,3,0,3,22
6757,603,5,2025,0,1,2,22
6758,603,6,2025,1,1,7,22
6759,603,7,2025,2,1,4,22
6760,603,8,2025,1,1,1,22
6761,603,9,2025,2,0,2,22
6762,603,10,2025,2,0,1,22
6763,603,11,2025,2,0,1,22
6764,603,12,2025,1,0,3,22
6765,604,1,2025,1,3,4,22
6766,604,2,2025,2,5,4,22
6767,604,3,2025,3,2,5,22
6768,604,4,2025,3,1,1,22
6769,604,5,2025,2,6,3,22
6770,604,6,2025,3,2,2,22
6771,604,7,2025,0,2,4,22
6772,604,8,2025,5,2,3,22
6773,604,9,2025,2,1,3,22
6774,604,10,2025,0,1,1,22
6775,604,11,2025,2,3,3,22
6776,604,12,2025,3,1,1,22
6777,605,1,2025,3,2,7,22
6778,605,2,2025,3,1,2,22
6779,605,3,2025,1,0,4,22
6780,605,4,2025,1,2,1,22
6781,605,8,2025,1,0,2,22
6782,605,11,2025,1,0,2,22
6783,605,12,2025,3,1,2,22
6784,606,1,2025,2,0,6,22
6785,606,2,2025,1,1,5,22
6786,606,4,2025,1,1,1,22
6787,606,6,2025,2,1,4,22
6788,606,8,2025,0,1,0,22
6789,606,9,2025,1,0,2,22
6790,606,10,2025,0,1,4,22
6791,606,12,2025,1,0,4,22
6792,607,1,2025,1,2,6,22
6793,607,2,2025,0,1,3,22
6794,607,3,2025,2,1,2,22
6795,607,4,2025,0,1,2,22
6796,607,6,2025,0,1,3,22
6797,607,7,2025,1,0,5,22
6798,607,8,2025,3,0,6,22
6799,607,9,2025,0,1,2,22
6800,607,10,2025,0,0,5,22
6801,608,1,2025,0,1,7,22
6802,608,2,2025,1,0,5,22
6803,608,3,2025,3,0,4,22
6804,608,4,2025,3,1,2,22
6805,608,5,2025,1,3,6,22
6806,608,6,2025,1,0,3,22
6807,608,7,2025,3,2,2,22
6808,608,8,2025,2,2,6,22
6809,608,9,2025,1,2,5,22
6810,608,10,2025,3,1,7,22
6811,608,11,2025,3,2,3,22
6812,608,12,2025,3,1,5,22
6813,609,1,2025,2,4,1,22
6814,609,2,2025,1,1,2,22
6815,609,3,2025,4,2,4,22
6816,609,4,2025,1,4,3,22
6817,609,5,2025,1,2,3,22
6818,609,6,2025,3,5,2,22
6819,609,7,2025,2,0,5,22
6820,609,8,2025,1,1,3,22
6821,609,9,2025,4,4,5,22
6822,609,10,2025,6,0,5,22
6823,609,11,2025,1,3,3,22
6824,609,12,2025,2,3,1,22
6825,610,1,2025,6,0,2,22
6826,610,2,2025,2,3,0,22
6827,610,3,2025,2,1,3,22
6828,610,4,2025,3,3,0,22
6829,610,5,2025,3,1,2,22
6830,610,6,2025,1,1,1,22
6831,610,7,2025,4,3,1,22
6832,610,8,2025,2,2,2,22
6833,610,9,2025,4,0,4,22
6834,610,10,2025,3,5,4,22
6835,610,11,2025,3,2,4,22
6836,610,12,2025,5,2,2,22
6837,611,1,2025,0,0,3,22
6838,611,2,2025,0,2,3,22
6839,611,3,2025,2,0,3,22
6840,611,4,2025,2,0,3,22
6841,611,5,2025,2,1,3,22
6842,611,6,2025,1,2,2,22
6843,611,7,2025,2,1,5,22
6844,611,8,2025,0,2,1,22
6845,611,9,2025,2,0,4,22
6846,611,10,2025,2,1,1,22
6847,611,11,2025,3,0,3,22
6848,611,12,2025,2,1,14,22
6849,612,1,2025,2,0,2,22
6850,612,2,2025,1,0,2,22
6851,612,3,2025,0,0,1,22
6852,612,4,2025,1,1,4,22
6853,612,5,2025,1,0,4,22
6854,612,6,2025,1,0,1,22
6855,612,7,2025,1,2,2,22
6856,612,8,2025,1,0,5,22
6857,612,9,2025,0,1,2,22
6858,612,10,2025,2,0,5,22
6859,612,11,2025,4,0,0,22
6860,612,12,2025,1,1,3,22
6861,613,1,2025,0,0,2,22
6862,613,2,2025,0,1,3,22
6863,613,3,2025,2,1,2,22
6864,613,4,2025,4,0,1,22
6865,613,5,2025,7,0,2,22
6866,613,6,2025,3,1,3,22
6867,613,7,2025,1,0,2,22
6868,613,8,2025,0,0,1,22
6869,613,9,2025,3,0,6,22
6870,613,10,2025,1,0,2,22
6871,613,11,2025,2,0,0,22
6872,613,12,2025,3,1,4,22
6873,614,1,2025,3,1,1,22
6874,614,2,2025,2,1,1,22
6875,614,3,2025,2,1,3,22
6876,614,4,2025,1,2,5,22
6877,614,5,2025,2,0,4,22
6878,614,6,2025,1,0,2,22
6879,614,7,2025,0,3,2,22
6880,614,8,2025,1,1,1,22
6881,614,9,2025,3,2,0,22
6882,614,10,2025,2,2,2,22
6883,614,11,2025,2,0,3,22
6884,614,12,2025,2,1,2,22
6885,615,2,2025,2,2,4,22
6886,615,4,2025,3,0,4,22
6887,615,5,2025,3,1,3,22
6888,615,6,2025,3,1,5,22
6889,615,7,2025,1,2,3,22
6890,615,8,2025,1,1,1,22
6891,615,10,2025,0,1,2,22
6892,615,11,2025,0,0,5,22
6893,615,12,2025,0,0,3,22
6894,616,1,2025,1,1,4,22
6895,616,2,2025,2,1,2,22
6896,616,3,2025,0,0,2,22
6897,616,4,2025,5,3,2,22
6898,616,5,2025,2,0,5,22
6899,616,6,2025,3,1,1,22
6900,616,7,2025,0,2,2,22
6901,616,8,2025,1,0,3,22
6902,616,9,2025,5,3,4,22
6903,616,10,2025,0,1,5,22
6904,616,11,2025,1,1,2,22
6905,616,12,2025,2,0,2,22
6906,617,1,2025,1,1,5,22
6907,617,2,2025,0,0,4,22
6908,617,3,2025,3,1,1,22
6909,617,4,2025,2,1,3,22
6910,617,5,2025,0,0,1,22
6911,617,6,2025,0,0,3,22
6912,617,7,2025,1,0,4,22
6913,617,8,2025,3,0,3,22
6914,617,9,2025,3,2,2,22
6915,617,10,2025,3,1,8,22
6916,617,11,2025,0,0,6,22
6917,617,12,2025,3,0,1,22
6918,618,1,2025,2,2,3,22
6919,618,2,2025,3,4,3,22
6920,618,3,2025,3,2,1,22
6921,618,4,2025,4,2,1,22
6922,618,5,2025,4,4,2,22
6923,618,6,2025,1,1,3,22
6924,618,7,2025,1,1,1,22
6925,618,8,2025,1,1,3,22
6926,618,9,2025,3,5,1,22
6927,618,10,2025,2,3,6,22
6928,618,11,2025,4,4,8,22
6929,618,12,2025,2,1,2,22
6930,619,1,2025,0,0,3,22
6931,619,2,2025,2,2,3,22
6932,619,3,2025,2,0,3,22
6933,619,5,2025,1,0,3,22
6934,619,6,2025,0,0,4,22
6935,619,7,2025,1,0,0,22
6936,619,10,2025,4,2,3,22
6937,619,11,2025,0,3,5,22
6938,619,12,2025,0,1,1,22
6939,620,1,2025,3,4,5,22
6940,620,2,2025,3,3,4,22
6941,620,3,2025,2,5,3,22
6942,620,4,2025,3,1,2,22
6943,620,5,2025,3,1,4,22
6944,620,6,2025,3,2,8,22
6945,620,7,2025,3,3,3,22
6946,620,8,2025,4,2,2,22
6947,620,9,2025,3,3,3,22
6948,620,10,2025,1,0,3,22
6949,620,11,2025,4,3,3,22
6950,620,12,2025,6,0,6,22
6951,621,1,2025,1,2,1,22
6952,621,2,2025,2,0,3,22
6953,621,3,2025,0,1,1,22
6954,621,4,2025,1,1,3,22
6955,621,5,2025,2,0,3,22
6956,621,6,2025,4,1,5,22
6957,621,7,2025,3,0,0,22
6958,621,8,2025,3,1,3,22
6959,621,9,2025,2,1,3,22
6960,621,10,2025,1,0,3,22
6961,621,11,2025,4,2,4,22
6962,621,12,2025,2,0,0,22
6963,622,1,2025,2,0,4,22
6964,622,2,2025,2,2,3,22
6965,622,3,2025,1,0,2,22
6966,622,4,2025,1,1,5,22
6967,622,5,2025,3,3,4,22
6968,622,6,2025,1,0,4,22
6969,622,7,2025,2,0,4,22
6970,622,8,2025,2,0,4,22
6971,622,9,2025,2,2,2,22
6972,622,10,2025,1,0,3,22
6973,622,11,2025,1,0,2,22
6974,622,12,2025,0,0,4,22
6975,623,1,2025,1,3,3,22
6976,623,2,2025,5,4,1,22
6977,623,3,2025,2,3,2,22
6978,623,4,2025,6,4,5,22
6979,623,5,2025,2,0,2,22
6980,623,6,2025,0,2,1,22
6981,623,7,2025,5,1,3,22
6982,623,8,2025,4,1,1,22
6983,623,9,2025,3,1,2,22
6984,623,10,2025,1,5,4,22
6985,623,11,2025,7,1,1,22
6986,623,12,2025,3,3,2,22
6987,624,1,2025,3,2,2,22
6988,624,2,2025,2,2,4,22
6989,624,3,2025,0,0,3,22
6990,624,4,2025,1,1,1,22
6991,624,5,2025,1,1,1,22
6992,624,6,2025,1,2,4,22
6993,624,7,2025,0,3,3,22
6994,624,8,2025,1,1,4,22
6995,624,9,2025,2,0,0,22
6996,624,10,2025,1,0,6,22
6997,624,11,2025,1,1,4,22
6998,624,12,2025,0,1,4,22
6999,625,1,2025,1,1,6,22
7000,625,2,2025,1,0,4,22
7001,625,3,2025,1,0,5,22
7002,625,4,2025,2,0,3,22
7003,625,5,2025,1,0,3,22
7004,625,6,2025,1,0,2,22
7005,625,7,2025,0,0,1,22
7006,625,8,2025,0,1,0,22
7007,625,9,2025,3,1,4,22
7008,625,10,2025,3,1,2,22
7009,625,11,2025,0,1,3,22
7010,625,12,2025,0,2,3,22
7011,626,2,2025,2,1,3,22
7012,626,3,2025,4,2,2,22
7013,626,4,2025,5,1,2,22
7014,626,5,2025,2,1,5,22
7015,626,6,2025,6,0,6,22
7016,626,10,2025,2,0,2,22
7017,626,11,2025,6,2,1,22
7018,626,12,2025,0,3,6,22
7019,627,1,2025,3,1,5,22
7020,627,2,2025,2,0,1,22
7021,627,3,2025,0,5,4,22
7022,627,4,2025,3,4,5,22
7023,627,5,2025,1,1,0,22
7024,627,6,2025,6,3,4,22
7025,627,7,2025,1,2,2,22
7026,627,8,2025,2,2,0,22
7027,627,9,2025,2,6,4,22
7028,627,10,2025,5,2,4,22
7029,627,11,2025,2,1,2,22
7030,627,12,2025,3,2,7,22
7031,628,1,2025,4,2,3,22
7032,628,2,2025,1,1,2,22
7033,628,3,2025,3,5,5,22
7034,628,4,2025,0,3,0,22
7035,628,5,2025,1,5,5,22
7036,628,6,2025,2,1,4,22
7037,628,8,2025,1,1,3,22
7038,628,9,2025,2,3,0,22
7039,628,11,2025,3,4,4,22
7040,628,12,2025,4,1,3,22
7041,629,1,2025,3,2,5,22
7042,629,2,2025,1,2,2,22
7043,629,3,2025,2,3,3,22
7044,629,4,2025,3,4,5,22
7045,629,5,2025,2,4,4,22
7046,629,6,2025,3,1,4,22
7047,629,7,2025,1,2,4,22
7048,629,8,2025,0,5,2,22
7049,629,9,2025,4,2,2,22
7050,629,10,2025,0,3,2,22
7051,629,11,2025,1,1,9,22
7052,629,12,2025,5,0,6,22
7053,630,1,2025,3,3,1,22
7054,630,2,2025,2,2,3,22
7055,630,3,2025,1,3,3,22
7056,630,4,2025,4,4,4,22
7057,630,5,2025,7,2,0,22
7058,630,6,2025,1,2,2,22
7059,630,7,2025,0,5,3,22
7060,630,8,2025,5,2,0,22
7061,630,9,2025,1,1,2,22
7062,630,10,2025,2,3,4,22
7063,630,11,2025,2,1,1,22
7064,630,12,2025,1,5,2,22
7065,631,1,2025,3,5,5,22
7066,631,2,2025,3,2,4,22
7067,631,3,2025,2,2,4,22
7068,631,4,2025,6,6,2,22
7069,631,5,2025,2,4,3,22
7070,631,6,2025,2,2,4,22
7071,631,7,2025,2,3,2,22
7072,631,8,2025,2,3,2,22
7073,631,9,2025,1,0,2,22
7074,631,10,2025,3,3,2,22
7075,631,11,2025,4,1,2,22
7076,631,12,2025,3,1,1,22
7077,632,1,2025,1,1,5,22
7078,632,2,2025,1,0,6,22
7079,632,3,2025,3,1,1,22
7080,632,5,2025,0,0,0,22
7081,632,7,2025,2,1,2,22
7082,632,8,2025,1,2,7,22
7083,632,9,2025,0,1,7,22
7084,632,10,2025,1,3,2,22
7085,632,11,2025,1,0,4,22
7086,632,12,2025,5,1,3,22
7087,633,1,2025,1,0,3,22
7088,633,2,2025,1,0,4,22
7089,633,3,2025,3,1,3,22
7090,633,4,2025,2,3,1,22
7091,633,5,2025,1,1,1,22
7092,633,6,2025,2,0,2,22
7093,633,7,2025,0,1,5,22
7094,633,8,2025,0,1,4,22
7095,633,9,2025,0,0,3,22
7096,633,10,2025,0,0,7,22
7097,633,11,2025,0,1,3,22
7098,633,12,2025,0,1,6,22
7099,634,1,2025,1,0,5,22
7100,634,2,2025,3,0,1,22
7101,634,3,2025,0,2,2,22
7102,634,4,2025,3,1,3,22
7103,634,5,2025,1,0,5,22
7104,634,6,2025,2,0,1,22
7105,634,7,2025,1,2,6,22
7106,634,8,2025,0,0,3,22
7107,634,9,2025,2,2,3,22
7108,634,10,2025,2,0,2,22
7109,634,11,2025,1,0,2,22
7110,634,12,2025,1,0,2,22
7111,635,1,2025,0,2,2,22
7112,635,2,2025,1,3,2,22
7113,635,3,2025,0,0,1,22
7114,635,4,2025,1,0,3,22
7115,635,5,2025,2,1,4,22
7116,635,6,2025,3,0,3,22
7117,635,7,2025,0,0,3,22
7118,635,8,2025,1,1,3,22
7119,635,9,2025,0,1,0,22
7120,635,10,2025,2,0,3,22
7121,635,11,2025,1,0,2,22
7122,635,12,2025,1,1,2,22
7123,636,1,2025,2,3,1,22
7124,636,2,2025,1,0,3,22
7125,636,3,2025,1,0,3,22
7126,636,4,2025,1,0,4,22
7127,636,5,2025,3,2,3,22
7128,636,6,2025,1,0,4,22
7129,636,7,2025,0,1,6,22
7130,636,8,2025,0,3,1,22
7131,636,9,2025,1,2,1,22
7132,636,10,2025,0,0,3,22
7133,636,11,2025,1,1,5,22
7134,636,12,2025,1,0,3,22
7135,637,1,2025,1,2,2,22
7136,637,2,2025,4,1,3,22
7137,637,3,2025,7,0,4,22
7138,637,4,2025,1,0,5,22
7139,637,5,2025,2,1,1,22
7140,637,6,2025,2,3,6,22
7141,637,7,2025,2,1,3,22
7142,637,8,2025,3,1,2,22
7143,637,9,2025,1,0,1,22
7144,637,10,2025,2,1,4,22
7145,637,11,2025,6,0,4,22
7146,637,12,2025,0,2,5,22
7147,638,1,2025,1,1,4,22
7148,638,2,2025,3,5,4,22
7149,638,3,2025,3,2,1,22
7150,638,4,2025,1,1,0,22
7151,638,5,2025,1,3,3,22
7152,638,6,2025,2,2,3,22
7153,638,7,2025,0,0,6,22
7154,638,8,2025,1,2,0,22
7155,638,9,2025,0,0,4,22
7156,638,10,2025,1,2,2,22
7157,638,11,2025,2,0,3,22
7158,638,12,2025,4,1,2,22
7159,639,1,2025,4,3,2,22
7160,639,2,2025,2,4,4,22
7161,639,3,2025,5,4,5,22
7162,639,4,2025,0,0,3,22
7163,639,5,2025,2,1,2,22
7164,639,6,2025,4,2,2,22
7165,639,7,2025,1,0,2,22
7166,639,8,2025,1,1,4,22
7167,639,9,2025,2,1,1,22
7168,639,10,2025,2,2,6,22
7169,639,11,2025,1,1,2,22
7170,639,12,2025,3,0,5,22
7171,640,1,2025,1,2,4,22
7172,640,2,2025,1,1,3,22
7173,640,3,2025,1,0,3,22
7174,640,4,2025,2,1,5,22
7175,640,5,2025,2,0,2,22
7176,640,6,2025,1,0,1,22
7177,640,7,2025,3,1,5,22
7178,640,8,2025,2,3,7,22
7179,640,9,2025,0,2,4,22
7180,640,10,2025,3,0,4,22
7181,640,11,2025,2,1,2,22
7182,640,12,2025,0,1,0,22
7183,641,1,2025,1,4,5,22
7184,641,2,2025,2,1,2,22
7185,641,3,2025,0,0,3,22
7186,641,4,2025,2,1,2,22
7187,641,5,2025,4,2,2,22
7188,641,6,2025,1,2,2,22
7189,641,7,2025,0,2,1,22
7190,641,8,2025,4,2,5,22
7191,641,9,2025,1,1,2,22
7192,641,10,2025,1,0,2,22
7193,641,11,2025,1,2,2,22
7194,641,12,2025,0,0,2,22
7195,642,1,2025,2,2,2,22
7196,642,2,2025,3,0,0,22
7197,642,3,2025,3,3,1,22
7198,642,4,2025,1,1,3,22
7199,642,5,2025,2,0,3,22
7200,642,6,2025,3,1,1,22
7201,642,7,2025,2,1,4,22
7202,642,8,2025,2,3,2,22
7203,642,9,2025,1,0,2,22
7204,642,10,2025,2,3,3,22
7205,642,11,2025,0,1,0,22
7206,642,12,2025,1,1,0,22
7207,643,1,2025,2,1,3,22
7208,643,2,2025,4,0,3,22
7209,643,3,2025,3,4,5,22
7210,643,4,2025,1,2,4,22
7211,643,5,2025,4,1,3,22
7212,643,6,2025,6,1,3,22
7213,643,7,2025,2,1,0,22
7214,643,8,2025,2,1,3,22
7215,643,9,2025,1,3,0,22
7216,643,10,2025,3,1,2,22
7217,643,11,2025,2,3,5,22
7218,643,12,2025,6,2,3,22
7219,644,1,2025,1,2,7,22
7220,644,2,2025,0,1,0,22
7221,644,3,2025,1,0,1,22
7222,644,4,2025,2,2,2,22
7223,644,5,2025,3,0,3,22
7224,644,6,2025,1,1,5,22
7225,644,7,2025,1,0,4,22
7226,644,8,2025,0,1,2,22
7227,644,9,2025,2,5,2,22
7228,644,10,2025,2,3,4,22
7229,644,11,2025,2,3,4,22
7230,644,12,2025,2,1,1,22
7231,645,1,2025,2,3,4,22
7232,645,2,2025,0,1,6,22
7233,645,3,2025,1,0,5,22
7234,645,4,2025,0,0,4,22
7235,645,5,2025,2,1,5,22
7236,645,6,2025,1,1,4,22
7237,645,7,2025,2,0,3,22
7238,645,8,2025,0,2,3,22
7239,645,9,2025,0,1,0,22
7240,645,10,2025,0,1,1,22
7241,645,11,2025,0,2,3,22
7242,645,12,2025,2,2,2,22
7243,646,4,2025,1,1,2,22
7244,646,5,2025,1,3,3,22
7245,646,6,2025,2,1,4,22
7246,646,7,2025,0,2,4,22
7247,646,8,2025,1,1,4,22
7248,646,10,2025,3,2,5,22
7249,646,11,2025,2,1,3,22
7250,646,12,2025,1,3,2,22
7251,647,1,2025,1,0,3,22
7252,647,2,2025,1,2,2,22
7253,647,3,2025,2,1,7,22
7254,647,4,2025,2,1,2,22
7255,647,5,2025,1,1,2,22
7256,647,6,2025,3,0,2,22
7257,647,7,2025,0,0,0,22
7258,647,8,2025,2,0,1,22
7259,647,9,2025,0,3,2,22
7260,647,10,2025,0,1,3,22
7261,647,11,2025,0,1,2,22
7262,647,12,2025,2,1,3,22
7263,648,2,2025,1,1,2,22
7264,648,3,2025,3,1,4,22
7265,648,4,2025,1,0,4,22
7266,648,5,2025,2,0,3,22
7267,648,6,2025,1,1,1,22
7268,648,7,2025,1,1,1,22
7269,648,8,2025,4,1,2,22
7270,648,11,2025,0,1,3,22
7271,649,1,2025,5,0,3,22
7272,649,2,2025,1,4,1,22
7273,649,3,2025,2,0,8,22
7274,649,4,2025,6,1,2,22
7275,649,5,2025,2,2,0,22
7276,649,6,2025,2,2,1,22
7277,649,7,2025,2,3,2,22
7278,649,8,2025,2,0,1,22
7279,649,9,2025,1,2,4,22
7280,649,10,2025,3,1,3,22
7281,649,11,2025,1,2,0,22
7282,649,12,2025,7,1,1,22
7283,650,1,2025,2,0,4,22
7284,650,2,2025,3,0,3,22
7285,650,3,2025,3,0,4,22
7286,650,4,2025,1,0,5,22
7287,650,5,2025,2,4,4,22
7288,650,6,2025,2,0,5,22
7289,650,7,2025,1,1,3,22
7290,650,8,2025,3,1,7,22
7291,650,9,2025,1,1,4,22
7292,650,10,2025,0,0,4,22
7293,650,11,2025,2,0,4,22
7294,650,12,2025,0,0,3,22
7295,651,1,2025,3,2,2,22
7296,651,2,2025,3,1,3,22
7297,651,3,2025,1,1,2,22
7298,651,4,2025,2,0,1,22
7299,651,5,2025,6,2,3,22
7300,651,6,2025,2,0,1,22
7301,651,7,2025,3,0,4,22
7302,651,8,2025,2,0,4,22
7303,651,9,2025,1,0,6,22
7304,651,10,2025,3,2,2,22
7305,651,11,2025,3,2,4,22
7306,651,12,2025,2,0,3,22
7307,652,1,2025,3,3,3,22
7308,652,2,2025,4,2,1,22
7309,652,3,2025,4,1,4,22
7310,652,4,2025,2,1,2,22
7311,652,5,2025,2,2,5,22
7312,652,6,2025,2,3,2,22
7313,652,7,2025,2,2,3,22
7314,652,8,2025,0,2,3,22
7315,652,9,2025,3,3,3,22
7316,652,10,2025,5,0,4,22
7317,652,11,2025,5,2,2,22
7318,652,12,2025,5,2,3,22
7319,653,1,2025,0,0,2,22
7320,653,2,2025,2,0,2,22
7321,653,3,2025,1,3,3,22
7322,653,4,2025,0,0,4,22
7323,653,5,2025,2,0,3,22
7324,653,6,2025,1,0,4,22
7325,653,7,2025,3,1,5,22
7326,653,8,2025,3,1,4,22
7327,653,9,2025,2,0,1,22
7328,653,10,2025,3,0,1,22
7329,653,11,2025,2,0,2,22
7330,653,12,2025,1,2,5,22
7331,654,1,2025,1,1,0,22
7332,654,2,2025,1,1,1,22
7333,654,3,2025,1,1,1,22
7334,654,4,2025,1,1,2,22
7335,654,5,2025,1,1,5,22
7336,654,7,2025,4,1,1,22
7337,654,10,2025,0,0,4,22
7338,654,11,2025,1,0,4,22
7339,654,12,2025,1,2,2,22
7340,655,1,2025,1,1,5,22
7341,655,2,2025,1,1,7,22
7342,655,3,2025,4,1,2,22
7343,655,4,2025,4,2,4,22
7344,655,5,2025,1,1,1,22
7345,655,6,2025,2,0,2,22
7346,655,7,2025,0,2,3,22
7347,655,8,2025,0,0,1,22
7348,655,9,2025,2,1,3,22
7349,655,10,2025,0,2,2,22
7350,655,11,2025,4,0,2,22
7351,655,12,2025,3,0,2,22
7352,656,1,2025,1,2,1,22
7353,656,2,2025,3,0,3,22
7354,656,3,2025,3,2,7,22
7355,656,4,2025,3,1,2,22
7356,656,5,2025,2,0,5,22
7357,656,6,2025,2,0,3,22
7358,656,7,2025,4,0,5,22
7359,656,8,2025,0,0,4,22
7360,656,9,2025,0,1,1,22
7361,656,10,2025,2,2,0,22
7362,656,11,2025,1,0,1,22
7363,656,12,2025,0,1,1,22
7364,657,1,2025,2,5,3,22
7365,657,2,2025,2,2,2,22
7366,657,3,2025,5,2,4,22
7367,657,4,2025,0,3,4,22
7368,657,5,2025,2,1,0,22
7369,657,6,2025,3,2,5,22
7370,657,7,2025,4,4,4,22
7371,657,8,2025,4,2,4,22
7372,657,9,2025,1,2,2,22
7373,657,10,2025,3,1,2,22
7374,657,11,2025,3,1,1,22
7375,657,12,2025,4,1,1,22
7376,658,1,2025,4,4,2,22
7377,658,2,2025,1,3,6,22
7378,658,3,2025,2,3,3,22
7379,658,4,2025,5,4,4,22
7380,658,5,2025,3,2,4,22
7381,658,6,2025,1,3,3,22
7382,658,7,2025,3,3,5,22
7383,658,8,2025,3,1,3,22
7384,658,9,2025,8,2,5,22
7385,658,10,2025,0,2,1,22
7386,658,11,2025,4,3,1,22
7387,658,12,2025,2,5,2,22
7388,659,1,2025,3,0,2,22
7389,659,2,2025,1,0,4,22
7390,659,3,2025,3,1,1,22
7391,659,4,2025,0,0,6,22
7392,659,5,2025,2,2,2,22
7393,659,6,2025,2,0,2,22
7394,659,7,2025,2,1,2,22
7395,659,8,2025,2,2,1,22
7396,659,9,2025,3,0,1,22
7397,659,10,2025,4,0,2,22
7398,659,11,2025,2,1,5,22
7399,659,12,2025,1,1,1,22
7400,660,1,2025,3,8,2,22
7401,660,2,2025,2,2,4,22
7402,660,3,2025,3,1,2,22
7403,660,4,2025,5,2,4,22
7404,660,5,2025,0,4,5,22
7405,660,6,2025,3,1,1,22
7406,660,7,2025,2,1,1,22
7407,660,8,2025,3,8,3,22
7408,660,9,2025,4,2,3,22
7409,660,10,2025,3,2,2,22
7410,660,11,2025,1,0,2,22
7411,660,12,2025,4,1,5,22
7412,661,1,2025,3,2,4,22
7413,661,2,2025,3,1,1,22
7414,661,3,2025,1,1,4,22
7415,661,4,2025,1,1,0,22
7416,661,5,2025,3,0,3,22
7417,661,6,2025,0,1,5,22
7418,661,7,2025,3,1,2,22
7419,661,8,2025,3,3,4,22
7420,661,9,2025,1,1,2,22
7421,661,10,2025,2,1,1,22
7422,661,11,2025,1,1,2,22
7423,661,12,2025,4,0,4,22
7424,662,1,2025,1,1,1,22
7425,662,2,2025,2,0,3,22
7426,662,3,2025,5,0,3,22
7427,662,4,2025,2,1,1,22
7428,662,5,2025,1,0,3,22
7429,662,6,2025,0,0,6,22
7430,662,7,2025,1,0,3,22
7431,662,8,2025,3,0,2,22
7432,662,9,2025,0,0,2,22
7433,662,10,2025,2,1,3,22
7434,662,11,2025,2,1,2,22
7435,662,12,2025,0,0,2,22
7436,663,1,2025,3,6,1,22
7437,663,2,2025,1,2,2,22
7438,663,3,2025,5,1,4,22
7439,663,4,2025,3,3,4,22
7440,663,5,2025,4,1,2,22
7441,663,6,2025,0,1,2,22
7442,663,7,2025,1,3,4,22
7443,663,8,2025,1,2,3,22
7444,663,9,2025,2,1,3,22
7445,663,10,2025,3,1,5,22
7446,663,11,2025,6,1,1,22
7447,663,12,2025,2,0,1,22
7448,664,1,2025,2,1,2,22
7449,664,2,2025,1,0,3,22
7450,664,3,2025,4,2,3,22
7451,664,4,2025,3,2,2,22
7452,664,5,2025,1,0,3,22
7453,664,6,2025,2,3,1,22
7454,664,7,2025,0,1,3,22
7455,664,8,2025,2,1,4,22
7456,664,9,2025,3,3,2,22
7457,664,10,2025,2,0,2,22
7458,664,11,2025,1,1,4,22
7459,664,12,2025,1,2,3,22
7460,665,1,2025,4,1,3,22
7461,665,2,2025,1,2,3,22
7462,665,3,2025,1,2,3,22
7463,665,4,2025,1,2,2,22
7464,665,5,2025,3,0,0,22
7465,665,6,2025,2,1,4,22
7466,665,7,2025,2,0,3,22
7467,665,8,2025,3,4,4,22
7468,665,9,2025,1,1,3,22
7469,665,10,2025,4,3,5,22
7470,665,11,2025,4,2,2,22
7471,665,12,2025,1,5,2,22
7472,666,1,2025,0,2,2,22
7473,666,2,2025,2,1,4,22
7474,666,3,2025,3,0,3,22
7475,666,4,2025,1,1,2,22
7476,666,5,2025,3,1,2,22
7477,666,6,2025,0,3,1,22
7478,666,7,2025,2,0,3,22
7479,666,8,2025,0,1,4,22
7480,666,9,2025,1,2,5,22
7481,666,10,2025,0,2,5,22
7482,666,11,2025,2,3,1,22
7483,666,12,2025,2,4,3,22
7484,667,1,2025,1,3,4,22
7485,667,2,2025,3,0,0,22
7486,667,3,2025,1,1,2,22
7487,667,4,2025,1,1,3,22
7488,667,5,2025,3,2,2,22
7489,667,6,2025,2,2,4,22
7490,667,7,2025,2,1,2,22
7491,667,8,2025,2,0,3,22
7492,667,9,2025,2,3,5,22
7493,667,10,2025,1,0,5,22
7494,667,11,2025,1,1,3,22
7495,667,12,2025,1,0,5,22
7496,668,1,2025,1,5,4,22
7497,668,2,2025,2,3,2,22
7498,668,3,2025,2,3,3,22
7499,668,4,2025,3,0,5,22
7500,668,5,2025,1,1,5,22
7501,668,6,2025,2,6,4,22
7502,668,7,2025,3,2,6,22
7503,668,8,2025,1,1,6,22
7504,668,9,2025,5,0,4,22
7505,668,10,2025,0,1,7,22
7506,668,11,2025,0,2,5,22
7507,668,12,2025,1,1,1,22
7508,669,1,2025,2,0,1,22
7509,669,2,2025,2,3,1,22
7510,669,3,2025,0,0,3,22
7511,669,4,2025,0,0,5,22
7512,669,5,2025,2,2,1,22
7513,669,6,2025,1,1,1,22
7514,669,7,2025,4,2,0,22
7515,669,8,2025,0,0,2,22
7516,669,9,2025,0,0,4,22
7517,669,10,2025,3,2,1,22
7518,669,11,2025,0,0,5,22
7519,669,12,2025,1,2,0,22
7520,670,2,2025,2,0,3,22
7521,670,3,2025,0,5,1,22
7522,670,4,2025,2,5,9,22
7523,670,5,2025,2,1,2,22
7524,670,9,2025,3,2,4,22
7525,670,10,2025,1,1,1,22
7526,670,12,2025,2,4,3,22
7527,671,1,2025,1,1,1,22
7528,671,2,2025,3,0,5,22
7529,671,3,2025,1,3,6,22
7530,671,4,2025,1,2,4,22
7531,671,5,2025,2,1,2,22
7532,671,6,2025,3,0,5,22
7533,671,7,2025,1,2,6,22
7534,671,8,2025,1,1,6,22
7535,671,9,2025,3,2,3,22
7536,671,10,2025,2,1,0,22
7537,671,11,2025,0,0,7,22
7538,671,12,2025,1,1,0,22
7539,672,1,2025,1,1,5,22
7540,672,2,2025,2,1,5,22
7541,672,3,2025,2,0,2,22
7542,672,4,2025,1,0,1,22
7543,672,5,2025,0,1,1,22
7544,672,6,2025,1,1,3,22
7545,672,7,2025,3,0,0,22
7546,672,8,2025,2,2,2,22
7547,672,9,2025,1,2,3,22
7548,672,10,2025,2,0,3,22
7549,672,11,2025,2,2,2,22
7550,672,12,2025,1,2,4,22
7551,673,1,2025,2,0,2,22
7552,673,2,2025,1,0,6,22
7553,673,3,2025,1,2,5,22
7554,673,4,2025,1,1,7,22
7555,673,5,2025,1,2,0,22
7556,673,6,2025,2,2,5,22
7557,673,7,2025,3,2,2,22
7558,673,8,2025,2,0,4,22
7559,673,9,2025,2,1,1,22
7560,673,10,2025,3,0,2,22
7561,673,11,2025,2,1,4,22
7562,673,12,2025,3,1,2,22
7563,674,1,2025,3,2,4,22
7564,674,2,2025,4,3,4,22
7565,674,3,2025,1,4,6,22
7566,674,4,2025,3,2,3,22
7567,674,5,2025,3,2,5,22
7568,674,6,2025,2,2,6,22
7569,674,7,2025,3,2,2,22
7570,674,8,2025,3,1,3,22
7571,674,10,2025,0,3,3,22
7572,674,11,2025,4,2,5,22
7573,674,12,2025,1,1,4,22
7574,675,1,2025,1,2,1,22
7575,675,2,2025,1,0,4,22
7576,675,3,2025,2,3,2,22
7577,675,4,2025,5,2,5,22
7578,675,5,2025,2,2,2,22
7579,675,6,2025,4,2,2,22
7580,675,7,2025,2,3,2,22
7581,675,8,2025,0,3,5,22
7582,675,9,2025,2,2,2,22
7583,675,10,2025,3,1,4,22
7584,675,11,2025,0,4,3,22
7585,675,12,2025,4,0,5,22
7586,676,1,2025,5,2,3,22
7587,676,2,2025,1,1,2,22
7588,676,3,2025,2,2,2,22
7589,676,4,2025,1,3,2,22
7590,676,5,2025,2,2,1,22
7591,676,6,2025,1,2,2,22
7592,676,7,2025,2,4,5,22
7593,676,8,2025,1,2,3,22
7594,676,9,2025,4,1,2,22
7595,676,10,2025,3,0,7,22
7596,676,11,2025,2,3,3,22
7597,676,12,2025,7,0,6,22
7598,677,1,2025,0,2,1,22
7599,677,2,2025,0,4,2,22
7600,677,3,2025,2,0,2,22
7601,677,4,2025,1,0,1,22
7602,677,5,2025,2,2,5,22
7603,677,6,2025,2,1,5,22
7604,677,7,2025,3,3,3,22
7605,677,8,2025,3,1,2,22
7606,677,9,2025,2,5,3,22
7607,677,10,2025,0,3,5,22
7608,677,11,2025,2,2,4,22
7609,677,12,2025,2,4,1,22
7610,678,1,2025,1,2,2,22
7611,678,2,2025,2,2,4,22
7612,678,6,2025,1,0,3,22
7613,678,7,2025,2,1,4,22
7614,678,8,2025,6,0,2,22
7615,678,9,2025,4,1,4,22
7616,678,10,2025,1,2,3,22
7617,678,11,2025,1,0,2,22
7618,678,12,2025,2,1,4,22
7619,679,1,2025,2,1,5,22
7620,679,2,2025,5,1,2,22
7621,679,3,2025,1,4,1,22
7622,679,4,2025,1,1,3,22
7623,679,5,2025,2,3,2,22
7624,679,6,2025,2,3,1,22
7625,679,7,2025,1,2,4,22
7626,679,8,2025,0,2,3,22
7627,679,9,2025,5,1,2,22
7628,679,10,2025,2,2,2,22
7629,679,11,2025,2,3,4,22
7630,679,12,2025,1,2,2,22
7631,680,1,2025,4,0,3,22
7632,680,2,2025,2,0,0,22
7633,680,3,2025,1,1,3,22
7634,680,4,2025,3,1,4,22
7635,680,5,2025,1,2,3,22
7636,680,6,2025,1,2,6,22
7637,680,7,2025,0,3,2,22
7638,680,8,2025,1,0,1,22
7639,680,9,2025,3,1,2,22
7640,680,10,2025,0,0,4,22
7641,680,11,2025,3,1,2,22
7642,680,12,2025,1,4,1,22
7643,681,1,2025,6,0,1,22
7644,681,2,2025,1,1,2,22
7645,681,3,2025,3,1,0,22
7646,681,4,2025,2,3,1,22
7647,681,5,2025,1,1,5,22
7648,681,6,2025,3,0,3,22
7649,681,7,2025,1,1,4,22
7650,681,8,2025,1,1,3,22
7651,681,9,2025,1,0,2,22
7652,681,10,2025,4,2,2,22
7653,681,11,2025,3,3,4,22
7654,681,12,2025,0,0,0,22
7655,682,2,2025,2,3,2,22
7656,682,5,2025,1,1,5,22
7657,682,7,2025,1,0,1,22
7658,682,9,2025,1,1,7,22
7659,682,12,2025,0,1,5,22
7660,683,1,2025,1,1,0,22
7661,683,2,2025,2,2,2,22
7662,683,6,2025,1,2,4,22
7663,683,7,2025,4,2,4,22
7664,683,8,2025,1,3,3,22
7665,683,10,2025,3,3,6,22
7666,683,11,2025,1,2,2,22
7667,683,12,2025,1,0,3,22
7668,684,1,2025,2,0,0,22
7669,684,2,2025,4,2,2,22
7670,684,3,2025,1,0,6,22
7671,684,4,2025,1,2,3,22
7672,684,5,2025,1,2,4,22
7673,684,6,2025,4,3,2,22
7674,684,7,2025,3,5,4,22
7675,684,8,2025,5,4,2,22
7676,684,9,2025,4,3,2,22
7677,684,10,2025,1,5,2,22
7678,684,11,2025,1,3,4,22
7679,684,12,2025,3,0,5,22
7680,685,1,2025,1,0,6,22
7681,685,2,2025,1,0,3,22
7682,685,3,2025,2,0,5,22
7683,685,4,2025,0,1,2,22
7684,685,5,2025,2,3,3,22
7685,685,6,2025,1,0,2,22
7686,685,7,2025,3,0,2,22
7687,685,8,2025,2,2,4,22
7688,685,9,2025,0,0,3,22
7689,685,10,2025,2,0,4,22
7690,685,11,2025,1,1,1,22
7691,685,12,2025,1,2,2,22
7692,686,1,2025,0,0,2,22
7693,686,2,2025,1,1,3,22
7694,686,3,2025,0,3,4,22
7695,686,4,2025,1,2,2,22
7696,686,5,2025,1,3,2,22
7697,686,6,2025,1,0,5,22
7698,686,7,2025,2,2,1,22
7699,686,8,2025,2,0,2,22
7700,686,9,2025,3,2,3,22
7701,686,10,2025,2,3,6,22
7702,686,11,2025,0,0,2,22
7703,686,12,2025,1,1,2,22
7704,687,1,2025,4,1,1,22
7705,687,2,2025,3,5,4,22
7706,687,3,2025,4,2,1,22
7707,687,4,2025,1,0,6,22
7708,687,5,2025,3,2,5,22
7709,687,6,2025,1,4,6,22
7710,687,7,2025,2,0,1,22
7711,687,8,2025,1,2,2,22
7712,687,9,2025,2,0,3,22
7713,687,10,2025,3,1,6,22
7714,687,11,2025,4,4,1,22
7715,687,12,2025,7,1,3,22
7716,688,1,2025,4,0,4,22
7717,688,2,2025,2,1,5,22
7718,688,3,2025,2,1,5,22
7719,688,4,2025,3,3,3,22
7720,688,5,2025,2,1,1,22
7721,688,6,2025,1,0,5,22
7722,688,7,2025,1,2,1,22
7723,688,8,2025,0,0,4,22
7724,688,9,2025,1,0,4,22
7725,688,10,2025,0,0,3,22
7726,688,11,2025,0,1,5,22
7727,688,12,2025,2,0,1,22
7728,689,1,2025,1,1,4,22
7729,689,2,2025,2,0,6,22
7730,689,3,2025,7,1,6,22
7731,689,4,2025,0,1,2,22
7732,689,5,2025,1,0,4,22
7733,689,6,2025,1,1,3,22
7734,689,7,2025,0,1,3,22
7735,689,8,2025,5,0,4,22
7736,689,9,2025,1,0,3,22
7737,689,10,2025,1,1,5,22
7738,689,11,2025,3,0,1,22
7739,689,12,2025,1,0,3,22
7740,690,1,2025,2,2,2,22
7741,690,2,2025,2,0,1,22
7742,690,3,2025,5,0,2,22
7743,690,4,2025,1,0,7,22
7744,690,5,2025,2,1,3,22
7745,690,6,2025,1,1,3,22
7746,690,7,2025,1,0,4,22
7747,690,8,2025,2,1,3,22
7748,690,9,2025,0,0,3,22
7749,690,10,2025,2,1,5,22
7750,690,11,2025,2,1,2,22
7751,690,12,2025,3,0,3,22
7752,691,1,2025,0,2,5,22
7753,691,2,2025,2,2,1,22
7754,691,3,2025,4,1,2,22
7755,691,4,2025,1,2,2,22
7756,691,5,2025,2,0,4,22
7757,691,6,2025,1,1,1,22
7758,691,7,2025,3,0,6,22
7759,691,8,2025,2,3,7,22
7760,691,9,2025,4,0,0,22
7761,691,10,2025,1,1,2,22
7762,691,11,2025,2,2,4,22
7763,691,12,2025,4,1,4,22
7764,692,2,2025,0,3,4,22
7765,692,3,2025,5,1,1,22
7766,692,5,2025,2,1,1,22
7767,692,6,2025,2,0,3,22
7768,692,8,2025,2,0,3,22
7769,692,10,2025,0,1,2,22
7770,692,11,2025,2,1,3,22
7771,692,12,2025,2,2,1,22
7772,693,1,2025,1,1,2,22
7773,693,2,2025,2,1,3,22
7774,693,4,2025,1,3,2,22
7775,693,6,2025,1,2,3,22
7776,693,7,2025,2,1,2,22
7777,693,8,2025,0,3,2,22
7778,693,9,2025,2,2,2,22
7779,693,12,2025,1,1,1,22
7780,694,1,2025,3,3,2,22
7781,694,2,2025,2,3,1,22
7782,694,3,2025,1,2,2,22
7783,694,4,2025,1,1,4,22
7784,694,5,2025,3,2,4,22
7785,694,6,2025,4,3,5,22
7786,694,7,2025,4,2,2,22
7787,694,8,2025,2,1,2,22
7788,694,9,2025,4,3,6,22
7789,694,10,2025,4,2,2,22
7790,694,11,2025,4,0,2,22
7791,694,12,2025,3,0,2,22
7792,695,1,2025,5,1,4,22
7793,695,2,2025,3,2,5,22
7794,695,3,2025,3,0,3,22
7795,695,4,2025,1,2,4,22
7796,695,5,2025,5,1,4,22
7797,695,6,2025,4,1,2,22
7798,695,7,2025,0,2,4,22
7799,695,8,2025,1,2,1,22
7800,695,9,2025,4,0,2,22
7801,695,10,2025,4,0,0,22
7802,695,11,2025,2,1,1,22
7803,695,12,2025,2,3,3,22
7804,696,1,2025,1,2,3,22
7805,696,2,2025,0,1,1,22
7806,696,3,2025,4,0,7,22
7807,696,4,2025,1,0,1,22
7808,696,5,2025,2,1,4,22
7809,696,6,2025,4,1,3,22
7810,696,7,2025,1,1,6,22
7811,696,8,2025,2,0,5,22
7812,696,9,2025,0,1,3,22
7813,696,10,2025,0,0,1,22
7814,696,11,2025,1,1,4,22
7815,696,12,2025,3,1,4,22
7816,697,1,2025,2,0,3,22
7817,697,2,2025,7,0,1,22
7818,697,3,2025,1,0,4,22
7819,697,4,2025,5,0,5,22
7820,697,5,2025,3,1,6,22
7821,697,6,2025,2,0,2,22
7822,697,7,2025,2,1,3,22
7823,697,8,2025,1,1,0,22
7824,697,9,2025,0,2,7,22
7825,697,10,2025,1,0,3,22
7826,697,11,2025,0,2,2,22
7827,697,12,2025,0,2,3,22
7828,698,1,2025,1,1,1,22
7829,698,2,2025,3,2,3,22
7830,698,3,2025,1,2,2,22
7831,698,4,2025,1,0,1,22
7832,698,5,2025,1,2,3,22
7833,698,6,2025,0,0,2,22
7834,698,7,2025,2,0,6,22
7835,698,8,2025,1,1,3,22
7836,698,9,2025,0,0,4,22
7837,698,10,2025,5,0,5,22
7838,698,11,2025,1,0,2,22
7839,698,12,2025,0,0,1,22
7840,699,1,2025,1,1,3,22
7841,699,2,2025,1,1,2,22
7842,699,3,2025,1,0,6,22
7843,699,4,2025,3,0,3,22
7844,699,5,2025,1,1,2,22
7845,699,6,2025,1,3,4,22
7846,699,7,2025,0,0,4,22
7847,699,8,2025,1,1,4,22
7848,699,9,2025,2,0,1,22
7849,699,10,2025,3,0,2,22
7850,699,11,2025,0,2,4,22
7851,699,12,2025,1,1,2,22
7852,700,1,2025,3,1,0,22
7853,700,2,2025,1,0,6,22
7854,700,3,2025,1,2,1,22
7855,700,4,2025,1,0,3,22
7856,700,5,2025,1,1,0,22
7857,700,6,2025,2,1,1,22
7858,700,7,2025,1,2,1,22
7859,700,8,2025,2,1,7,22
7860,700,9,2025,3,0,2,22
7861,700,10,2025,1,1,1,22
7862,700,11,2025,3,0,2,22
7863,700,12,2025,4,2,1,22
7864,701,1,2025,2,1,2,22
7865,701,2,2025,5,2,0,22
7866,701,3,2025,1,0,2,22
7867,701,4,2025,0,3,1,22
7868,701,5,2025,0,1,3,22
7869,701,6,2025,1,3,3,22
7870,701,7,2025,0,0,2,22
7871,701,8,2025,0,1,4,22
7872,701,9,2025,2,0,3,22
7873,701,10,2025,0,1,3,22
7874,701,11,2025,3,0,3,22
7875,701,12,2025,1,1,2,22
7876,702,1,2025,1,1,4,22
7877,702,2,2025,0,2,3,22
7878,702,3,2025,4,0,2,22
7879,702,4,2025,1,1,3,22
7880,702,5,2025,3,0,3,22
7881,702,6,2025,1,3,5,22
7882,702,7,2025,1,1,0,22
7883,702,8,2025,2,1,0,22
7884,702,9,2025,1,0,1,22
7885,702,10,2025,2,1,0,22
7886,702,11,2025,1,0,1,22
7887,702,12,2025,2,0,0,22
7888,703,1,2025,1,3,2,22
7889,703,2,2025,2,1,2,22
7890,703,3,2025,3,4,4,22
7891,703,4,2025,2,0,3,22
7892,703,5,2025,2,1,5,22
7893,703,7,2025,3,1,2,22
7894,703,8,2025,2,4,5,22
7895,703,9,2025,2,3,4,22
7896,703,12,2025,1,3,3,22
7897,704,1,2025,0,3,2,22
7898,704,2,2025,1,2,2,22
7899,704,3,2025,3,1,4,22
7900,704,4,2025,2,0,4,22
7901,704,5,2025,0,1,3,22
7902,704,6,2025,2,1,3,22
7903,704,7,2025,1,0,1,22
7904,704,8,2025,4,0,6,22
7905,704,9,2025,1,1,2,22
7906,704,10,2025,0,2,5,22
7907,704,11,2025,3,1,2,22
7908,704,12,2025,0,2,2,22
7909,705,1,2025,4,3,1,22
7910,705,2,2025,0,2,2,22
7911,705,3,2025,3,1,2,22
7912,705,4,2025,2,3,3,22
7913,705,5,2025,2,2,1,22
7914,705,6,2025,4,4,5,22
7915,705,7,2025,3,2,3,22
7916,705,8,2025,4,2,1,22
7917,705,9,2025,0,4,4,22
7918,705,10,2025,2,3,4,22
7919,705,11,2025,1,4,3,22
7920,705,12,2025,4,1,2,22
7921,706,1,2025,2,0,3,22
7922,706,3,2025,2,1,2,22
7923,706,4,2025,1,6,2,22
7924,706,5,2025,2,0,5,22
7925,706,6,2025,3,1,3,22
7926,706,7,2025,1,0,3,22
7927,706,10,2025,2,0,3,22
7928,707,1,2025,1,0,0,22
7929,707,2,2025,2,1,4,22
7930,707,3,2025,3,0,3,22
7931,707,4,2025,2,0,2,22
7932,707,5,2025,2,2,3,22
7933,707,6,2025,1,0,3,22
7934,707,7,2025,1,1,3,22
7935,707,8,2025,1,0,3,22
7936,707,9,2025,2,0,6,22
7937,707,10,2025,0,3,2,22
7938,707,11,2025,2,1,4,22
7939,707,12,2025,0,0,2,22
7940,708,1,2025,2,0,4,22
7941,708,2,2025,3,1,3,22
7942,708,3,2025,2,0,6,22
7943,708,4,2025,0,0,2,22
7944,708,5,2025,2,0,2,22
7945,708,6,2025,1,0,0,22
7946,708,7,2025,2,0,1,22
7947,708,8,2025,1,0,1,22
7948,708,9,2025,3,2,6,22
7949,708,10,2025,1,1,6,22
7950,708,11,2025,1,0,1,22
7951,708,12,2025,0,3,4,22
7952,709,1,2025,1,2,1,22
7953,709,3,2025,2,1,5,22
7954,709,5,2025,0,0,4,22
7955,709,6,2025,2,0,2,22
7956,709,7,2025,2,1,1,22
7957,709,8,2025,2,0,3,22
7958,709,9,2025,0,3,5,22
7959,709,10,2025,1,1,2,22
7960,709,11,2025,0,1,1,22
7961,710,1,2025,3,0,2,22
7962,710,2,2025,1,1,3,22
7963,710,4,2025,1,2,3,22
7964,710,5,2025,6,0,2,22
7965,710,6,2025,5,1,1,22
7966,710,7,2025,5,2,1,22
7967,710,10,2025,2,4,1,22
7968,710,12,2025,7,0,5,22
7969,711,1,2025,0,2,1,22
7970,711,2,2025,3,0,2,22
7971,711,3,2025,3,2,1,22
7972,711,4,2025,1,0,4,22
7973,711,5,2025,1,0,1,22
7974,711,6,2025,1,1,4,22
7975,711,7,2025,1,1,4,22
7976,711,8,2025,1,1,5,22
7977,711,9,2025,0,2,1,22
7978,711,10,2025,2,0,1,22
7979,711,11,2025,5,0,4,22
7980,711,12,2025,2,1,1,22
7981,712,1,2025,5,1,2,22
7982,712,2,2025,2,1,4,22
7983,712,3,2025,4,1,6,22
7984,712,4,2025,1,2,1,22
7985,712,5,2025,3,2,3,22
7986,712,6,2025,5,1,3,22
7987,712,7,2025,3,3,2,22
7988,712,8,2025,5,1,8,22
7989,712,9,2025,3,3,4,22
7990,712,10,2025,3,3,2,22
7991,712,11,2025,4,2,2,22
7992,712,12,2025,2,1,3,22
7993,713,1,2025,1,0,4,22
7994,713,2,2025,2,1,6,22
7995,713,3,2025,2,1,4,22
7996,713,4,2025,3,1,4,22
7997,713,5,2025,3,0,2,22
7998,713,6,2025,2,0,3,22
7999,713,7,2025,3,2,2,22
8000,713,8,2025,5,3,2,22
8001,713,9,2025,1,3,5,22
8002,713,10,2025,4,2,1,22
8003,713,11,2025,5,2,6,22
8004,713,12,2025,2,2,4,22
8005,714,1,2025,4,0,3,22
8006,714,2,2025,3,1,4,22
8007,714,3,2025,0,4,0,22
8008,714,4,2025,5,2,3,22
8009,714,5,2025,2,1,5,22
8010,714,6,2025,1,3,1,22
8011,714,7,2025,3,3,6,22
8012,714,8,2025,5,2,3,22
8013,714,9,2025,6,3,2,22
8014,714,10,2025,1,2,5,22
8015,714,11,2025,2,3,3,22
8016,714,12,2025,3,1,3,22
8017,715,1,2025,2,1,3,22
8018,715,2,2025,2,2,2,22
8019,715,3,2025,0,2,3,22
8020,715,5,2025,2,2,1,22
8021,715,7,2025,2,1,6,22
8022,715,8,2025,1,0,3,22
8023,715,9,2025,2,2,2,22
8024,715,10,2025,2,3,2,22
8025,715,11,2025,3,1,7,22
8026,715,12,2025,3,3,7,22
8027,716,1,2025,2,0,3,22
8028,716,5,2025,2,2,3,22
8029,716,6,2025,1,1,0,22
8030,716,7,2025,4,1,5,22
8031,716,8,2025,3,3,2,22
8032,716,9,2025,1,1,5,22
8033,716,10,2025,0,0,3,22
8034,716,11,2025,0,0,3,22
8035,716,12,2025,0,1,7,22
8036,717,2,2025,4,2,2,22
8037,717,3,2025,4,1,5,22
8038,717,7,2025,2,1,3,22
8039,717,8,2025,4,5,4,22
8040,717,11,2025,1,1,5,22
8041,717,12,2025,2,1,0,22
8042,718,1,2025,4,2,5,22
8043,718,2,2025,1,2,3,22
8044,718,3,2025,2,0,2,22
8045,718,4,2025,2,2,0,22
8046,718,5,2025,5,0,6,22
8047,718,6,2025,2,2,7,22
8048,718,7,2025,3,1,1,22
8049,718,8,2025,4,2,1,22
8050,718,9,2025,1,3,4,22
8051,718,10,2025,1,1,7,22
8052,718,11,2025,2,2,2,22
8053,718,12,2025,3,2,4,22
8054,719,1,2025,5,1,2,22
8055,719,2,2025,0,1,3,22
8056,719,3,2025,0,3,2,22
8057,719,4,2025,3,1,3,22
8058,719,5,2025,1,1,3,22
8059,719,6,2025,4,1,1,22
8060,719,7,2025,0,2,0,22
8061,719,8,2025,0,6,3,22
8062,719,10,2025,4,3,3,22
8063,719,11,2025,2,4,2,22
8064,720,1,2025,1,1,3,22
8065,720,2,2025,1,1,3,22
8066,720,3,2025,2,1,3,22
8067,720,4,2025,1,1,2,22
8068,720,5,2025,3,1,1,22
8069,720,6,2025,8,0,3,22
8070,720,7,2025,0,0,2,22
8071,720,8,2025,2,1,1,22
8072,720,9,2025,4,2,5,22
8073,720,10,2025,2,1,1,22
8074,720,11,2025,2,1,2,22
8075,720,12,2025,0,1,1,22
8076,721,1,2025,0,3,2,22
8077,721,2,2025,2,0,3,22
8078,721,3,2025,1,1,0,22
8079,721,4,2025,1,1,2,22
8080,721,5,2025,0,2,2,22
8081,721,6,2025,1,3,1,22
8082,721,7,2025,2,2,3,22
8083,721,8,2025,2,2,5,22
8084,721,9,2025,1,1,4,22
8085,721,10,2025,1,0,4,22
8086,721,11,2025,2,0,4,22
8087,721,12,2025,4,1,3,22
8088,722,1,2025,2,2,0,22
8089,722,2,2025,4,3,3,22
8090,722,3,2025,2,1,2,22
8091,722,4,2025,0,1,5,22
8092,722,5,2025,0,1,3,22
8093,722,6,2025,4,1,4,22
8094,722,7,2025,0,1,2,22
8095,722,8,2025,5,0,5,22
8096,722,9,2025,4,1,4,22
8097,722,10,2025,6,2,1,22
8098,722,11,2025,0,2,2,22
8099,722,12,2025,3,1,3,22
8100,723,1,2025,2,0,4,22
8101,723,2,2025,0,2,3,22
8102,723,3,2025,1,1,3,22
8103,723,4,2025,1,3,4,22
8104,723,5,2025,1,1,3,22
8105,723,6,2025,3,0,4,22
8106,723,7,2025,1,1,4,22
8107,723,8,2025,1,1,3,22
8108,723,9,2025,0,0,2,22
8109,723,10,2025,0,1,3,22
8110,723,11,2025,0,1,3,22
8111,723,12,2025,0,0,2,22
8112,724,1,2025,2,3,2,22
8113,724,2,2025,1,4,4,22
8114,724,3,2025,1,2,2,22
8115,724,4,2025,4,3,1,22
8116,724,5,2025,1,1,3,22
8117,724,6,2025,0,0,2,22
8118,724,7,2025,4,2,4,22
8119,724,8,2025,2,2,2,22
8120,724,9,2025,2,3,4,22
8121,724,10,2025,1,3,1,22
8122,724,11,2025,2,2,3,22
8123,724,12,2025,4,4,1,22
8124,725,1,2025,3,1,3,22
8125,725,2,2025,1,1,1,22
8126,725,3,2025,1,1,1,22
8127,725,4,2025,1,0,4,22
8128,725,5,2025,2,0,3,22
8129,725,6,2025,2,2,3,22
8130,725,7,2025,2,1,3,22
8131,725,8,2025,0,1,1,22
8132,725,9,2025,3,0,4,22
8133,725,10,2025,1,0,2,22
8134,725,11,2025,3,2,2,22
8135,725,12,2025,0,1,6,22
8136,726,1,2025,1,1,3,22
8137,726,2,2025,0,1,1,22
8138,726,3,2025,3,1,1,22
8139,726,4,2025,1,4,6,22
8140,726,5,2025,2,0,1,22
8141,726,6,2025,2,2,3,22
8142,726,7,2025,0,0,6,22
8143,726,8,2025,0,3,3,22
8144,726,9,2025,0,0,1,22
8145,726,10,2025,3,3,4,22
8146,726,11,2025,2,0,4,22
8147,726,12,2025,0,2,1,22
8148,727,1,2025,2,2,4,22
8149,727,2,2025,1,0,2,22
8150,727,3,2025,3,0,2,22
8151,727,4,2025,3,3,2,22
8152,727,5,2025,2,0,4,22
8153,727,6,2025,0,0,5,22
8154,727,7,2025,3,2,3,22
8155,727,8,2025,1,1,1,22
8156,727,9,2025,3,3,5,22
8157,727,10,2025,1,1,0,22
8158,727,11,2025,3,3,1,22
8159,727,12,2025,2,1,1,22
8160,728,1,2025,0,1,1,22
8161,728,2,2025,0,2,2,22
8162,728,3,2025,1,2,2,22
8163,728,5,2025,1,1,3,22
8164,728,6,2025,4,1,0,22
8165,728,7,2025,2,2,5,22
8166,728,8,2025,1,1,3,22
8167,728,11,2025,0,0,5,22
8168,728,12,2025,1,1,5,22
8169,729,1,2025,2,0,5,22
8170,729,3,2025,1,0,3,22
8171,729,4,2025,1,0,4,22
8172,729,5,2025,3,1,2,22
8173,729,8,2025,2,0,6,22
8174,729,9,2025,2,3,5,22
8175,729,10,2025,1,0,2,22
8176,729,11,2025,3,0,2,22
8177,730,1,2025,0,1,2,22
8178,730,2,2025,2,1,4,22
8179,730,3,2025,1,1,4,22
8180,730,4,2025,1,1,3,22
8181,730,5,2025,1,2,4,22
8182,730,6,2025,3,0,5,22
8183,730,7,2025,2,0,3,22
8184,730,8,2025,3,2,5,22
8185,730,9,2025,3,0,1,22
8186,730,10,2025,2,2,5,22
8187,730,11,2025,0,2,5,22
8188,730,12,2025,2,0,3,22
8189,731,1,2025,2,0,2,22
8190,731,2,2025,2,0,3,22
8191,731,3,2025,5,0,1,22
8192,731,4,2025,1,0,4,22
8193,731,5,2025,3,0,3,22
8194,731,6,2025,1,1,3,22
8195,731,7,2025,0,0,1,22
8196,731,8,2025,1,1,5,22
8197,731,9,2025,0,0,2,22
8198,731,10,2025,2,0,1,22
8199,731,11,2025,2,0,1,22
8200,731,12,2025,2,1,1,22
8201,732,1,2025,0,0,2,22
8202,732,2,2025,1,1,3,22
8203,732,3,2025,1,0,2,22
8204,732,4,2025,0,2,1,22
8205,732,5,2025,0,1,3,22
8206,732,6,2025,2,1,3,22
8207,732,7,2025,2,1,3,22
8208,732,8,2025,1,0,1,22
8209,732,9,2025,2,2,4,22
8210,732,10,2025,0,1,6,22
8211,732,11,2025,1,1,1,22
8212,732,12,2025,0,0,1,22
8213,733,1,2025,2,2,2,22
8214,733,2,2025,3,0,3,22
8215,733,3,2025,0,0,2,22
8216,733,4,2025,1,0,3,22
8217,733,5,2025,1,2,4,22
8218,733,6,2025,1,3,5,22
8219,733,7,2025,2,0,7,22
8220,733,8,2025,1,1,7,22
8221,733,9,2025,2,1,1,22
8222,733,10,2025,2,1,2,22
8223,733,11,2025,0,1,3,22
8224,733,12,2025,1,1,5,22
8225,734,1,2025,2,0,3,22
8226,734,2,2025,0,2,4,22
8227,734,3,2025,0,1,1,22
8228,734,4,2025,3,2,2,22
8229,734,5,2025,0,0,3,22
8230,734,6,2025,5,4,5,22
8231,734,7,2025,0,0,4,22
8232,734,8,2025,2,1,5,22
8233,734,9,2025,1,1,2,22
8234,734,10,2025,2,0,1,22
8235,734,11,2025,0,0,4,22
8236,734,12,2025,2,3,1,22
8237,735,1,2025,1,0,2,22
8238,735,2,2025,2,0,0,22
8239,735,3,2025,3,0,3,22
8240,735,4,2025,2,1,2,22
8241,735,5,2025,2,1,2,22
8242,735,6,2025,1,0,4,22
8243,735,7,2025,0,0,2,22
8244,735,8,2025,1,1,4,22
8245,735,9,2025,3,1,1,22
8246,735,10,2025,0,0,3,22
8247,735,11,2025,1,1,2,22
8248,735,12,2025,1,0,2,22
8249,736,1,2025,2,0,4,22
8250,736,2,2025,1,1,3,22
8251,736,3,2025,0,1,1,22
8252,736,4,2025,4,0,0,22
8253,736,5,2025,2,2,0,22
8254,736,6,2025,1,1,1,22
8255,736,7,2025,0,1,0,22
8256,736,8,2025,0,2,1,22
8257,736,9,2025,4,2,2,22
8258,736,10,2025,1,1,5,22
8259,736,11,2025,0,1,4,22
8260,736,12,2025,2,1,4,22
8261,737,1,2025,2,1,4,22
8262,737,2,2025,2,2,2,22
8263,737,3,2025,3,1,3,22
8264,737,4,2025,0,0,7,22
8265,737,5,2025,1,1,7,22
8266,737,6,2025,1,2,4,22
8267,737,7,2025,1,1,1,22
8268,737,8,2025,0,1,2,22
8269,737,9,2025,2,0,0,22
8270,737,10,2025,3,1,2,22
8271,737,11,2025,0,2,3,22
8272,737,12,2025,1,0,3,22
8273,738,1,2025,1,0,2,22
8274,738,2,2025,2,2,3,22
8275,738,3,2025,0,3,1,22
8276,738,4,2025,3,0,2,22
8277,738,5,2025,4,0,2,22
8278,738,6,2025,1,3,2,22
8279,738,7,2025,2,4,4,22
8280,738,8,2025,0,2,3,22
8281,738,9,2025,0,1,10,22
8282,738,10,2025,1,2,6,22
8283,738,11,2025,2,1,8,22
8284,738,12,2025,1,0,6,22
8285,739,1,2025,3,1,8,22
8286,739,2,2025,2,2,2,22
8287,739,3,2025,0,3,4,22
8288,739,4,2025,2,2,3,22
8289,739,5,2025,1,2,6,22
8290,739,6,2025,0,4,4,22
8291,739,7,2025,2,2,1,22
8292,739,8,2025,1,1,2,22
8293,739,9,2025,4,3,1,22
8294,739,10,2025,2,3,2,22
8295,739,11,2025,2,0,2,22
8296,739,12,2025,1,2,3,22
8297,740,1,2025,3,0,2,22
8298,740,2,2025,1,2,2,22
8299,740,3,2025,2,0,1,22
8300,740,4,2025,1,2,3,22
8301,740,6,2025,1,1,0,22
8302,740,7,2025,1,2,5,22
8303,740,9,2025,1,1,4,22
8304,740,10,2025,2,1,2,22
8305,740,11,2025,2,1,3,22
8306,740,12,2025,1,2,2,22
8307,741,1,2025,1,2,6,22
8308,741,2,2025,0,0,2,22
8309,741,3,2025,0,1,5,22
8310,741,5,2025,0,1,5,22
8311,741,6,2025,0,1,0,22
8312,741,7,2025,5,0,3,22
8313,741,9,2025,0,1,4,22
8314,741,11,2025,0,0,8,22
8315,741,12,2025,2,0,2,22
8316,742,1,2025,1,1,2,22
8317,742,2,2025,4,1,1,22
8318,742,3,2025,0,1,5,22
8319,742,4,2025,1,1,5,22
8320,742,5,2025,2,0,2,22
8321,742,6,2025,1,0,4,22
8322,742,7,2025,1,1,1,22
8323,742,8,2025,0,1,5,22
8324,742,9,2025,1,0,1,22
8325,742,10,2025,2,2,5,22
8326,742,11,2025,1,1,7,22
8327,742,12,2025,2,0,3,22
8328,743,1,2025,2,1,4,22
8329,743,2,2025,3,0,3,22
8330,743,3,2025,3,2,3,22
8331,743,4,2025,1,1,4,22
8332,743,5,2025,3,1,4,22
8333,743,6,2025,3,4,6,22
8334,743,7,2025,2,0,2,22
8335,743,8,2025,3,2,2,22
8336,743,9,2025,2,0,2,22
8337,743,10,2025,2,3,3,22
8338,743,11,2025,2,1,3,22
8339,743,12,2025,5,1,4,22
8340,744,1,2025,0,0,2,22
8341,744,2,2025,1,0,1,22
8342,744,3,2025,1,1,3,22
8343,744,4,2025,2,3,3,22
8344,744,5,2025,1,0,0,22
8345,744,6,2025,2,0,1,22
8346,744,7,2025,1,0,2,22
8347,744,8,2025,2,0,1,22
8348,744,9,2025,2,0,5,22
8349,744,10,2025,0,0,7,22
8350,744,11,2025,3,1,3,22
8351,744,12,2025,2,0,5,22
8352,745,1,2025,1,1,3,22
8353,745,2,2025,2,1,6,22
8354,745,3,2025,0,1,4,22
8355,745,4,2025,3,1,1,22
8356,745,5,2025,4,1,2,22
8357,745,6,2025,3,3,2,22
8358,745,7,2025,3,0,0,22
8359,745,8,2025,3,1,1,22
8360,745,9,2025,1,1,5,22
8361,745,10,2025,6,1,4,22
8362,745,11,2025,2,1,0,22
8363,745,12,2025,2,0,3,22
8364,746,5,2025,2,1,8,22
8365,746,6,2025,3,2,2,22
8366,746,8,2025,0,1,4,22
8367,746,9,2025,2,0,4,22
8368,746,10,2025,0,0,1,22
8369,746,11,2025,1,1,2,22
8370,746,12,2025,2,1,3,22
8371,747,1,2025,1,0,1,22
8372,747,2,2025,2,1,4,22
8373,747,3,2025,0,3,6,22
8374,747,4,2025,2,0,1,22
8375,747,5,2025,4,0,4,22
8376,747,6,2025,2,1,1,22
8377,747,7,2025,2,0,3,22
8378,747,8,2025,2,1,1,22
8379,747,9,2025,0,0,0,22
8380,747,10,2025,1,0,2,22
8381,747,11,2025,3,1,1,22
8382,747,12,2025,0,0,3,22
8383,748,1,2025,1,2,4,22
8384,748,2,2025,6,1,4,22
8385,748,3,2025,1,1,1,22
8386,748,4,2025,1,0,3,22
8387,748,5,2025,0,0,0,22
8388,748,7,2025,3,0,4,22
8389,748,9,2025,1,0,3,22
8390,748,10,2025,0,1,5,22
8391,748,11,2025,1,0,1,22
8392,748,12,2025,0,1,3,22
8393,749,1,2025,4,2,3,22
8394,749,2,2025,5,1,5,22
8395,749,3,2025,3,0,4,22
8396,749,4,2025,3,0,2,22
8397,749,5,2025,0,1,5,22
8398,749,6,2025,3,0,2,22
8399,749,7,2025,3,1,1,22
8400,749,8,2025,4,3,5,22
8401,749,9,2025,1,1,4,22
8402,749,10,2025,1,1,3,22
8403,749,11,2025,2,0,6,22
8404,749,12,2025,2,4,1,22
8405,750,1,2025,2,1,1,22
8406,750,2,2025,2,1,2,22
8407,750,3,2025,3,1,3,22
8408,750,4,2025,7,4,3,22
8409,750,5,2025,1,4,1,22
8410,750,6,2025,3,1,4,22
8411,750,7,2025,4,2,1,22
8412,750,8,2025,1,3,1,22
8413,750,9,2025,1,3,1,22
8414,750,10,2025,3,0,7,22
8415,750,11,2025,3,1,9,22
8416,750,12,2025,3,4,5,22
8417,751,1,2025,1,0,1,22
8418,751,2,2025,0,1,3,22
8419,751,3,2025,1,1,3,22
8420,751,4,2025,1,0,6,22
8421,751,5,2025,1,0,2,22
8422,751,6,2025,2,1,5,22
8423,751,7,2025,2,3,1,22
8424,751,8,2025,1,3,5,22
8425,751,9,2025,2,0,4,22
8426,751,10,2025,1,2,0,22
8427,751,11,2025,1,2,0,22
8428,751,12,2025,4,2,2,22
8429,752,1,2025,1,1,1,22
8430,752,2,2025,1,0,5,22
8431,752,3,2025,2,0,1,22
8432,752,4,2025,4,1,1,22
8433,752,5,2025,0,0,2,22
8434,752,6,2025,1,0,3,22
8435,752,7,2025,1,2,2,22
8436,752,8,2025,1,1,1,22
8437,752,9,2025,3,0,1,22
8438,752,10,2025,2,1,1,22
8439,752,11,2025,2,0,3,22
8440,752,12,2025,1,0,2,22
8441,753,1,2025,3,0,3,22
8442,753,2,2025,3,2,2,22
8443,753,3,2025,1,0,1,22
8444,753,4,2025,2,2,4,22
8445,753,5,2025,2,0,0,22
8446,753,6,2025,1,3,2,22
8447,753,7,2025,3,1,3,22
8448,753,8,2025,1,0,2,22
8449,753,9,2025,0,0,2,22
8450,753,10,2025,0,1,2,22
8451,753,11,2025,1,0,1,22
8452,753,12,2025,1,1,4,22
8453,754,1,2025,2,2,7,22
8454,754,2,2025,3,1,1,22
8455,754,3,2025,3,1,3,22
8456,754,4,2025,2,1,3,22
8457,754,5,2025,2,2,2,22
8458,754,6,2025,2,3,2,22
8459,754,7,2025,4,4,2,22
8460,754,8,2025,1,3,1,22
8461,754,9,2025,4,2,2,22
8462,754,10,2025,1,4,1,22
8463,754,11,2025,1,1,4,22
8464,754,12,2025,4,2,2,22
8465,755,1,2025,3,1,2,22
8466,755,2,2025,2,0,3,22
8467,755,3,2025,1,2,6,22
8468,755,4,2025,3,0,5,22
8469,755,5,2025,3,1,8,22
8470,755,6,2025,3,1,6,22
8471,755,7,2025,3,0,1,22
8472,755,8,2025,2,1,0,22
8473,755,9,2025,1,1,3,22
8474,755,10,2025,1,1,3,22
8475,755,11,2025,1,0,4,22
8476,755,12,2025,2,0,2,22
8477,756,1,2025,0,1,2,22
8478,756,2,2025,1,2,7,22
8479,756,3,2025,0,1,5,22
8480,756,4,2025,2,2,3,22
8481,756,5,2025,1,1,3,22
8482,756,6,2025,0,0,2,22
8483,756,7,2025,2,0,6,22
8484,756,8,2025,1,1,4,22
8485,756,9,2025,4,1,3,22
8486,756,10,2025,4,1,2,22
8487,756,11,2025,1,2,0,22
8488,756,12,2025,1,1,2,22
8489,757,1,2025,1,3,1,22
8490,757,2,2025,1,1,4,22
8491,757,3,2025,3,2,3,22
8492,757,4,2025,3,0,2,22
8493,757,5,2025,1,1,1,22
8494,757,6,2025,0,1,1,22
8495,757,7,2025,0,1,3,22
8496,757,8,2025,0,1,2,22
8497,757,9,2025,2,2,5,22
8498,757,10,2025,2,1,3,22
8499,757,11,2025,1,0,4,22
8500,757,12,2025,1,3,5,22
8501,758,1,2025,4,1,3,22
8502,758,2,2025,1,3,3,22
8503,758,3,2025,2,1,3,22
8504,758,4,2025,0,0,2,22
8505,758,6,2025,2,2,3,22
8506,758,7,2025,2,1,3,22
8507,758,8,2025,4,2,1,22
8508,758,9,2025,0,0,3,22
8509,758,11,2025,2,2,2,22
8510,758,12,2025,2,2,2,22
8511,759,1,2025,3,5,1,22
8512,759,2,2025,4,2,5,22
8513,759,4,2025,4,2,0,22
8514,759,5,2025,5,2,1,22
8515,759,6,2025,0,4,5,22
8516,759,9,2025,8,1,2,22
8517,759,10,2025,3,0,2,22
8518,759,11,2025,4,1,2,22
8519,760,1,2025,4,6,2,22
8520,760,2,2025,4,3,0,22
8521,760,3,2025,0,1,4,22
8522,760,4,2025,1,3,1,22
8523,760,5,2025,4,3,4,22
8524,760,6,2025,1,3,4,22
8525,760,7,2025,3,2,0,22
8526,760,8,2025,3,1,3,22
8527,760,9,2025,6,4,4,22
8528,760,10,2025,0,0,3,22
8529,760,11,2025,2,1,5,22
8530,760,12,2025,2,1,3,22
8531,761,1,2025,2,1,0,22
8532,761,2,2025,0,1,2,22
8533,761,3,2025,6,1,4,22
8534,761,4,2025,1,0,4,22
8535,761,5,2025,1,1,1,22
8536,761,6,2025,1,0,2,22
8537,761,7,2025,0,0,2,22
8538,761,8,2025,1,1,3,22
8539,761,9,2025,1,1,3,22
8540,761,10,2025,1,0,2,22
8541,761,11,2025,2,4,0,22
8542,761,12,2025,1,3,3,22
8543,762,3,2025,2,0,4,22
8544,762,4,2025,1,1,3,22
8545,762,5,2025,0,0,1,22
8546,762,7,2025,2,2,0,22
8547,762,8,2025,2,3,4,22
8548,762,9,2025,2,1,3,22
8549,762,10,2025,1,0,0,22
8550,762,11,2025,0,2,5,22
8551,762,12,2025,4,1,6,22
8552,763,1,2025,2,3,3,22
8553,763,2,2025,2,2,3,22
8554,763,3,2025,3,3,3,22
8555,763,4,2025,2,4,2,22
8556,763,5,2025,2,2,2,22
8557,763,6,2025,2,4,2,22
8558,763,7,2025,2,0,5,22
8559,763,8,2025,4,1,7,22
8560,763,9,2025,2,3,2,22
8561,763,10,2025,5,1,4,22
8562,763,11,2025,4,1,4,22
8563,763,12,2025,3,1,7,22
8564,764,1,2025,3,1,4,22
8565,764,2,2025,1,0,3,22
8566,764,3,2025,0,0,4,22
8567,764,4,2025,1,0,3,22
8568,764,5,2025,4,0,3,22
8569,764,6,2025,2,0,4,22
8570,764,7,2025,2,0,1,22
8571,764,8,2025,4,0,1,22
8572,764,9,2025,1,0,2,22
8573,764,10,2025,0,0,3,22
8574,764,11,2025,1,1,3,22
8575,764,12,2025,2,0,2,22
8576,765,1,2025,3,0,3,22
8577,765,2,2025,1,1,0,22
8578,765,3,2025,1,4,3,22
8579,765,4,2025,0,0,3,22
8580,765,5,2025,1,2,3,22
8581,765,6,2025,1,1,2,22
8582,765,7,2025,1,1,6,22
8583,765,8,2025,0,0,5,22
8584,765,9,2025,3,2,2,22
8585,765,10,2025,2,0,2,22
8586,765,11,2025,0,2,2,22
8587,765,12,2025,3,1,2,22
8588,766,1,2025,4,1,3,22
8589,766,2,2025,4,3,5,22
8590,766,3,2025,3,0,7,22
8591,766,4,2025,4,2,1,22
8592,766,5,2025,1,0,6,22
8593,766,6,2025,0,2,2,22
8594,766,7,2025,2,3,3,22
8595,766,8,2025,1,2,2,22
8596,766,9,2025,2,1,3,22
8597,766,10,2025,1,3,4,22
8598,766,11,2025,1,1,5,22
8599,766,12,2025,2,3,2,22
8600,767,1,2025,2,2,4,22
8601,767,2,2025,1,1,2,22
8602,767,3,2025,1,1,3,22
8603,767,4,2025,1,1,4,22
8604,767,5,2025,0,0,3,22
8605,767,6,2025,4,0,1,22
8606,767,7,2025,1,1,4,22
8607,767,8,2025,0,0,2,22
8608,767,9,2025,1,2,2,22
8609,767,10,2025,2,0,3,22
8610,767,11,2025,1,2,2,22
8611,767,12,2025,0,1,5,22
8612,768,1,2025,2,1,4,22
8613,768,2,2025,1,0,1,22
8614,768,3,2025,2,0,4,22
8615,768,4,2025,1,1,3,22
8616,768,5,2025,1,1,6,22
8617,768,6,2025,2,3,1,22
8618,768,7,2025,3,0,2,22
8619,768,8,2025,0,0,3,22
8620,768,9,2025,1,2,2,22
8621,768,10,2025,1,1,4,22
8622,768,11,2025,3,1,5,22
8623,768,12,2025,3,1,0,22
8624,769,1,2025,4,3,6,22
8625,769,2,2025,0,3,7,22
8626,769,3,2025,4,0,2,22
8627,769,4,2025,1,0,4,22
8628,769,5,2025,0,3,4,22
8629,769,6,2025,5,2,5,22
8630,769,7,2025,1,1,3,22
8631,769,8,2025,1,2,2,22
8632,769,9,2025,0,1,3,22
8633,769,10,2025,3,2,2,22
8634,769,11,2025,4,4,3,22
8635,769,12,2025,0,3,3,22
8636,770,1,2025,1,3,4,22
8637,770,2,2025,4,3,2,22
8638,770,3,2025,0,1,5,22
8639,770,4,2025,2,2,2,22
8640,770,5,2025,2,1,3,22
8641,770,6,2025,1,3,1,22
8642,770,7,2025,1,1,5,22
8643,770,8,2025,4,1,1,22
8644,770,9,2025,0,0,3,22
8645,770,10,2025,2,0,0,22
8646,770,11,2025,1,1,2,22
8647,770,12,2025,0,0,5,22
8648,771,1,2025,1,0,1,22
8649,771,2,2025,3,2,1,22
8650,771,3,2025,1,0,3,22
8651,771,4,2025,2,2,3,22
8652,771,5,2025,1,0,5,22
8653,771,6,2025,0,0,2,22
8654,771,7,2025,2,1,2,22
8655,772,1,2025,0,2,0,22
8656,772,2,2025,5,0,7,22
8657,772,3,2025,2,1,3,22
8658,772,4,2025,0,1,3,22
8659,772,5,2025,0,1,1,22
8660,772,6,2025,1,1,6,22
8661,772,7,2025,3,1,0,22
8662,772,8,2025,2,1,0,22
8663,772,9,2025,0,0,6,22
8664,772,10,2025,2,0,4,22
8665,772,11,2025,2,0,3,22
8666,772,12,2025,2,1,6,22
8667,773,1,2025,3,0,3,22
8668,773,2,2025,4,1,1,22
8669,773,3,2025,1,2,0,22
8670,773,4,2025,0,0,3,22
8671,773,5,2025,0,1,1,22
8672,773,6,2025,3,2,5,22
8673,773,7,2025,1,1,3,22
8674,773,8,2025,1,0,3,22
8675,773,9,2025,1,1,3,22
8676,773,10,2025,1,6,2,22
8677,773,11,2025,2,1,1,22
8678,773,12,2025,1,0,1,22
8679,774,1,2025,1,4,2,22
8680,774,2,2025,3,2,1,22
8681,774,3,2025,1,2,1,22
8682,774,4,2025,3,1,0,22
8683,774,5,2025,1,1,1,22
8684,774,6,2025,3,2,4,22
8685,774,7,2025,0,1,5,22
8686,774,8,2025,3,4,1,22
8687,774,9,2025,2,2,2,22
8688,774,10,2025,1,1,5,22
8689,774,11,2025,3,2,3,22
8690,774,12,2025,1,0,4,22
8691,775,1,2025,0,4,2,22
8692,775,2,2025,1,2,2,22
8693,775,3,2025,2,2,5,22
8694,775,4,2025,1,1,3,22
8695,775,5,2025,0,0,3,22
8696,775,6,2025,0,2,5,22
8697,775,7,2025,5,1,7,22
8698,775,8,2025,4,3,6,22
8699,775,9,2025,2,1,3,22
8700,775,10,2025,2,0,3,22
8701,775,11,2025,1,5,3,22
8702,775,12,2025,3,4,2,22
8703,776,1,2025,1,0,4,22
8704,776,2,2025,0,1,2,22
8705,776,3,2025,0,2,4,22
8706,776,4,2025,0,0,2,22
8707,776,5,2025,1,1,3,22
8708,776,6,2025,3,1,3,22
8709,776,7,2025,1,0,4,22
8710,776,8,2025,3,0,3,22
8711,776,9,2025,2,1,1,22
8712,776,10,2025,1,2,0,22
8713,776,11,2025,1,0,1,22
8714,776,12,2025,1,0,3,22
8715,777,1,2025,1,1,1,22
8716,777,2,2025,0,1,2,22
8717,777,3,2025,4,2,2,22
8718,777,4,2025,0,0,5,22
8719,777,5,2025,1,0,1,22
8720,777,6,2025,1,1,4,22
8721,777,7,2025,2,0,1,22
8722,777,8,2025,0,0,1,22
8723,777,9,2025,1,4,3,22
8724,777,10,2025,2,0,3,22
8725,777,11,2025,1,0,3,22
8726,777,12,2025,3,0,1,22
8727,778,1,2025,2,2,3,22
8728,778,2,2025,1,0,2,22
8729,778,3,2025,2,0,2,22
8730,778,4,2025,2,1,1,22
8731,778,5,2025,2,0,1,22
8732,778,6,2025,1,1,3,22
8733,778,7,2025,0,3,2,22
8734,778,8,2025,0,3,1,22
8735,778,9,2025,2,1,1,22
8736,778,10,2025,2,1,6,22
8737,778,11,2025,1,3,8,22
8738,778,12,2025,6,1,6,22
8739,779,2,2025,2,0,4,22
8740,779,4,2025,2,1,2,22
8741,779,5,2025,1,3,1,22
8742,779,6,2025,3,1,2,22
8743,779,7,2025,3,4,6,22
8744,779,9,2025,2,3,2,22
8745,779,10,2025,4,3,5,22
8746,779,11,2025,2,4,4,22
8747,779,12,2025,3,3,2,22
8748,780,2,2025,2,0,2,22
8749,780,3,2025,4,1,3,22
8750,780,4,2025,0,2,3,22
8751,780,5,2025,2,2,4,22
8752,780,6,2025,1,2,3,22
8753,780,8,2025,0,0,3,22
8754,780,10,2025,1,3,3,22
8755,780,11,2025,0,1,2,22
8756,780,12,2025,1,0,4,22
8757,781,1,2025,3,0,2,22
8758,781,2,2025,2,1,4,22
8759,781,3,2025,4,0,3,22
8760,781,4,2025,2,1,2,22
8761,781,5,2025,0,0,3,22
8762,781,6,2025,1,1,5,22
8763,781,7,2025,1,0,4,22
8764,781,8,2025,2,2,2,22
8765,781,9,2025,0,1,2,22
8766,781,10,2025,0,0,2,22
8767,781,11,2025,1,3,7,22
8768,781,12,2025,1,0,7,22
8769,782,1,2025,2,2,3,22
8770,782,2,2025,2,3,0,22
8771,782,3,2025,3,2,2,22
8772,782,4,2025,3,4,5,22
8773,782,5,2025,2,1,1,22
8774,782,6,2025,5,1,3,22
8775,782,7,2025,2,1,6,22
8776,782,8,2025,2,2,7,22
8777,782,9,2025,0,2,2,22
8778,782,10,2025,5,2,1,22
8779,782,11,2025,1,4,2,22
8780,782,12,2025,2,2,3,22
8781,783,1,2025,2,3,5,22
8782,783,2,2025,4,5,1,22
8783,783,3,2025,4,1,1,22
8784,783,4,2025,2,1,6,22
8785,783,5,2025,1,1,1,22
8786,783,7,2025,2,2,2,22
8787,783,8,2025,2,0,4,22
8788,783,9,2025,1,6,0,22
8789,783,10,2025,3,1,1,22
8790,783,11,2025,2,4,1,22
8791,784,1,2025,4,2,3,22
8792,784,2,2025,2,2,2,22
8793,784,3,2025,1,2,6,22
8794,784,4,2025,2,2,1,22
8795,784,5,2025,3,2,4,22
8796,784,6,2025,4,1,3,22
8797,784,7,2025,5,2,0,22
8798,784,8,2025,2,6,3,22
8799,784,9,2025,1,1,4,22
8800,784,10,2025,3,0,3,22
8801,784,11,2025,3,0,2,22
8802,784,12,2025,3,3,0,22
8803,785,3,2025,2,1,3,22
8804,785,4,2025,0,3,4,22
8805,785,5,2025,0,3,4,22
8806,785,6,2025,1,3,1,22
8807,785,7,2025,2,1,2,22
8808,785,9,2025,2,0,5,22
8809,785,10,2025,0,3,1,22
8810,785,12,2025,2,1,3,22
8811,786,1,2025,0,1,1,22
8812,786,2,2025,0,3,4,22
8813,786,3,2025,2,0,2,22
8814,786,4,2025,0,0,4,22
8815,786,6,2025,1,2,3,22
8816,786,7,2025,1,1,1,22
8817,786,8,2025,2,0,6,22
8818,786,9,2025,2,0,6,22
8819,786,10,2025,0,1,4,22
8820,787,1,2025,0,0,3,22
8821,787,2,2025,4,1,4,22
8822,787,3,2025,3,0,2,22
8823,787,4,2025,1,0,3,22
8824,787,5,2025,0,4,4,22
8825,787,6,2025,1,1,7,22
8826,787,7,2025,0,1,2,22
8827,787,8,2025,1,1,6,22
8828,787,9,2025,1,0,2,22
8829,787,10,2025,1,1,3,22
8830,787,11,2025,2,0,3,22
8831,787,12,2025,3,1,2,22
8832,788,1,2025,3,0,2,22
8833,788,2,2025,0,2,5,22
8834,788,3,2025,1,0,1,22
8835,788,4,2025,4,2,5,22
8836,788,5,2025,2,0,3,22
8837,788,6,2025,0,1,1,22
8838,788,7,2025,1,3,1,22
8839,788,8,2025,4,2,3,22
8840,788,9,2025,2,1,5,22
8841,788,10,2025,0,3,2,22
8842,788,11,2025,1,0,3,22
8843,788,12,2025,1,0,1,22
8844,789,1,2025,0,0,2,22
8845,789,2,2025,1,1,7,22
8846,789,3,2025,1,2,5,22
8847,789,4,2025,1,0,4,22
8848,789,5,2025,0,1,3,22
8849,789,6,2025,2,1,1,22
8850,789,7,2025,0,3,1,22
8851,789,8,2025,0,1,5,22
8852,789,9,2025,3,1,3,22
8853,789,10,2025,2,0,2,22
8854,789,11,2025,4,0,5,22
8855,789,12,2025,0,1,1,22
8856,790,1,2025,3,2,1,22
8857,790,2,2025,2,1,2,22
8858,790,3,2025,2,0,1,22
8859,790,4,2025,4,0,3,22
8860,790,5,2025,1,0,3,22
8861,790,6,2025,2,1,6,22
8862,790,7,2025,2,0,4,22
8863,790,8,2025,0,1,3,22
8864,790,9,2025,3,0,2,22
8865,790,10,2025,1,1,4,22
8866,790,11,2025,4,1,1,22
8867,790,12,2025,1,2,3,22
8868,791,1,2025,4,2,5,22
8869,791,2,2025,1,6,2,22
8870,791,3,2025,1,4,4,22
8871,791,4,2025,5,2,5,22
8872,791,5,2025,4,2,3,22
8873,791,6,2025,2,2,4,22
8874,791,7,2025,0,1,5,22
8875,791,8,2025,3,2,2,22
8876,791,9,2025,3,1,4,22
8877,791,10,2025,0,1,6,22
8878,791,11,2025,3,2,2,22
8879,791,12,2025,1,3,6,22
8880,792,1,2025,3,3,3,22
8881,792,2,2025,4,1,2,22
8882,792,3,2025,2,2,1,22
8883,792,4,2025,2,1,6,22
8884,792,5,2025,2,1,5,22
8885,792,6,2025,2,1,2,22
8886,792,7,2025,1,1,3,22
8887,792,8,2025,2,1,0,22
8888,792,9,2025,3,1,4,22
8889,792,10,2025,2,0,1,22
8890,792,11,2025,4,1,4,22
8891,792,12,2025,3,0,2,22
8892,793,1,2025,3,0,1,22
8893,793,2,2025,2,2,2,22
8894,793,3,2025,0,2,2,22
8895,793,4,2025,0,0,2,22
8896,793,5,2025,0,2,0,22
8897,793,6,2025,0,1,2,22
8898,793,7,2025,2,0,4,22
8899,793,8,2025,2,0,1,22
8900,793,9,2025,2,1,3,22
8901,793,10,2025,1,1,0,22
8902,793,11,2025,2,0,4,22
8903,793,12,2025,2,2,1,22
8904,794,2,2025,3,2,1,22
8905,794,3,2025,4,1,4,22
8906,794,5,2025,2,3,4,22
8907,794,6,2025,2,1,4,22
8908,794,8,2025,2,0,2,22
8909,794,9,2025,3,2,1,22
8910,794,12,2025,3,0,2,22
8911,795,1,2025,0,2,3,22
8912,795,2,2025,0,3,0,22
8913,795,3,2025,0,1,6,22
8914,795,6,2025,1,1,4,22
8915,795,8,2025,4,1,3,22
8916,795,11,2025,3,1,5,22
8917,795,12,2025,1,0,4,22
8918,796,1,2025,3,2,0,22
8919,796,2,2025,1,2,1,22
8920,796,3,2025,1,1,3,22
8921,796,4,2025,2,1,1,22
8922,796,5,2025,0,0,6,22
8923,796,6,2025,1,1,7,22
8924,796,11,2025,1,2,0,22
8925,796,12,2025,1,1,1,22
8926,797,1,2025,1,1,2,22
8927,797,2,2025,2,0,4,22
8928,797,3,2025,2,1,2,22
8929,797,4,2025,0,2,2,22
8930,797,5,2025,1,0,2,22
8931,797,6,2025,2,3,1,22
8932,797,7,2025,1,0,3,22
8933,797,8,2025,1,2,1,22
8934,797,9,2025,1,1,2,22
8935,797,10,2025,4,1,4,22
8936,797,11,2025,3,0,5,22
8937,797,12,2025,0,3,1,22
8938,798,1,2025,1,1,3,22
8939,798,2,2025,3,3,1,22
8940,798,3,2025,1,0,2,22
8941,798,4,2025,1,1,2,22
8942,798,5,2025,2,1,1,22
8943,798,6,2025,1,1,3,22
8944,798,7,2025,2,2,2,22
8945,798,8,2025,1,1,9,22
8946,798,9,2025,1,0,3,22
8947,798,10,2025,3,0,1,22
8948,798,11,2025,1,0,1,22
8949,798,12,2025,0,1,3,22
8950,799,1,2025,0,0,6,22
8951,799,2,2025,0,0,2,22
8952,799,3,2025,5,2,2,22
8953,799,4,2025,1,1,3,22
8954,799,5,2025,0,0,3,22
8955,799,6,2025,3,4,4,22
8956,799,7,2025,2,1,0,22
8957,799,8,2025,1,2,1,22
8958,799,9,2025,0,2,5,22
8959,799,10,2025,2,0,5,22
8960,799,11,2025,0,0,3,22
8961,799,12,2025,0,0,3,22
8962,800,1,2025,1,1,6,22
8963,800,2,2025,0,1,3,22
8964,800,3,2025,1,1,1,22
8965,800,4,2025,1,2,1,22
8966,800,5,2025,1,2,3,22
8967,800,6,2025,1,4,1,22
8968,800,7,2025,2,2,4,22
8969,800,8,2025,1,0,2,22
8970,800,9,2025,0,0,3,22
8971,800,10,2025,2,1,1,22
8972,800,11,2025,0,1,3,22
8973,800,12,2025,1,0,3,22
8974,801,1,2025,0,0,2,22
8975,801,2,2025,0,1,4,22
8976,801,3,2025,2,2,5,22
8977,801,4,2025,3,1,4,22
8978,801,5,2025,0,1,4,22
8979,801,6,2025,0,2,1,22
8980,801,7,2025,2,1,5,22
8981,801,8,2025,1,3,2,22
8982,801,9,2025,2,0,3,22
8983,801,10,2025,4,3,3,22
8984,801,11,2025,2,1,3,22
8985,801,12,2025,1,2,0,22
8986,802,1,2025,2,3,5,22
8987,802,2,2025,0,2,2,22
8988,802,3,2025,1,0,1,22
8989,802,4,2025,2,0,2,22
8990,802,5,2025,1,1,2,22
8991,802,6,2025,3,1,2,22
8992,802,7,2025,1,1,7,22
8993,802,8,2025,0,0,2,22
8994,802,9,2025,1,0,4,22
8995,802,10,2025,2,1,2,22
8996,802,11,2025,1,2,3,22
8997,802,12,2025,1,0,5,22
8998,803,1,2025,2,3,5,22
8999,803,2,2025,6,4,2,22
9000,803,3,2025,3,2,4,22
9001,803,4,2025,2,1,1,22
9002,803,5,2025,5,6,3,22
9003,803,6,2025,2,2,3,22
9004,803,7,2025,4,3,4,22
9005,803,8,2025,2,2,2,22
9006,803,9,2025,1,3,1,22
9007,803,10,2025,2,2,3,22
9008,803,11,2025,3,1,2,22
9009,803,12,2025,2,1,2,22
9010,804,1,2025,2,0,1,22
9011,804,2,2025,2,2,1,22
9012,804,3,2025,1,2,5,22
9013,804,4,2025,2,2,3,22
9014,804,5,2025,2,1,2,22
9015,804,6,2025,1,2,1,22
9016,804,7,2025,1,1,7,22
9017,804,8,2025,2,1,2,22
9018,804,9,2025,4,2,2,22
9019,804,10,2025,3,0,3,22
9020,804,11,2025,2,2,1,22
9021,804,12,2025,1,2,2,22
9022,805,1,2025,0,3,2,22
9023,805,2,2025,2,0,1,22
9024,805,3,2025,1,0,1,22
9025,805,4,2025,1,3,0,22
9026,805,5,2025,3,0,5,22
9027,805,6,2025,3,2,1,22
9028,805,7,2025,1,0,3,22
9029,805,8,2025,0,0,2,22
9030,805,9,2025,7,1,5,22
9031,805,10,2025,4,0,6,22
9032,805,11,2025,0,0,5,22
9033,805,12,2025,2,0,1,22
9034,806,1,2025,4,1,3,22
9035,806,2,2025,5,2,2,22
9036,806,3,2025,2,3,3,22
9037,806,4,2025,4,0,4,22
9038,806,5,2025,1,1,4,22
9039,806,6,2025,2,2,5,22
9040,806,7,2025,0,2,4,22
9041,806,8,2025,1,2,5,22
9042,806,9,2025,2,5,4,22
9043,806,10,2025,2,0,0,22
9044,806,11,2025,2,1,6,22
9045,806,12,2025,2,4,3,22
9046,807,2,2025,2,3,8,22
9047,807,6,2025,2,2,1,22
9048,807,7,2025,0,2,4,22
9049,807,8,2025,1,1,3,22
9050,807,9,2025,4,1,1,22
9051,807,10,2025,3,0,4,22
9052,807,11,2025,2,0,5,22
9053,807,12,2025,1,0,2,22
9054,808,1,2025,2,1,1,22
9055,808,2,2025,1,3,4,22
9056,808,4,2025,1,2,2,22
9057,808,6,2025,1,1,6,22
9058,808,7,2025,2,2,3,22
9059,808,8,2025,3,1,6,22
9060,808,9,2025,1,0,4,22
9061,809,1,2025,3,2,1,22
9062,809,2,2025,3,0,6,22
9063,809,3,2025,1,0,3,22
9064,809,4,2025,4,1,4,22
9065,809,5,2025,1,1,5,22
9066,809,6,2025,0,2,1,22
9067,809,7,2025,0,3,2,22
9068,809,8,2025,0,0,5,22
9069,809,9,2025,0,3,3,22
9070,809,10,2025,1,0,3,22
9071,809,11,2025,1,0,3,22
9072,809,12,2025,1,0,4,22
9073,810,1,2025,2,1,1,22
9074,810,2,2025,0,1,3,22
9075,810,3,2025,1,1,1,22
9076,810,4,2025,2,2,2,22
9077,810,5,2025,2,0,2,22
9078,810,6,2025,1,2,0,22
9079,810,7,2025,1,0,4,22
9080,810,8,2025,2,0,2,22
9081,810,9,2025,2,1,5,22
9082,810,10,2025,0,1,5,22
9083,810,11,2025,4,2,1,22
9084,810,12,2025,1,1,5,22
9085,811,1,2025,0,2,4,22
9086,811,2,2025,0,1,6,22
9087,811,3,2025,0,1,3,22
9088,811,4,2025,0,1,1,22
9089,811,5,2025,1,2,0,22
9090,811,6,2025,5,0,1,22
9091,811,7,2025,4,1,0,22
9092,811,8,2025,2,2,2,22
9093,811,9,2025,2,3,1,22
9094,811,10,2025,1,0,2,22
9095,811,11,2025,1,0,1,22
9096,811,12,2025,3,0,4,22
9097,812,1,2025,2,1,2,22
9098,812,2,2025,2,1,4,22
9099,812,3,2025,1,0,6,22
9100,812,4,2025,3,1,2,22
9101,812,5,2025,0,0,3,22
9102,812,6,2025,2,2,3,22
9103,812,7,2025,0,1,1,22
9104,812,8,2025,0,4,2,22
9105,812,9,2025,1,1,3,22
9106,812,10,2025,1,2,5,22
9107,812,11,2025,0,1,3,22
9108,812,12,2025,3,1,1,22
9109,813,1,2025,1,3,7,22
9110,813,2,2025,1,1,3,22
9111,813,3,2025,2,1,5,22
9112,813,4,2025,1,1,3,22
9113,813,5,2025,2,1,2,22
9114,813,6,2025,2,0,1,22
9115,813,7,2025,2,0,3,22
9116,813,8,2025,1,1,1,22
9117,813,9,2025,3,0,4,22
9118,813,10,2025,3,1,1,22
9119,813,11,2025,1,1,2,22
9120,813,12,2025,0,1,4,22
9121,814,1,2025,1,1,3,22
9122,814,2,2025,2,0,5,22
9123,814,3,2025,0,2,5,22
9124,814,4,2025,3,1,2,22
9125,814,5,2025,3,2,2,22
9126,814,6,2025,4,1,1,22
9127,814,7,2025,5,2,3,22
9128,814,8,2025,1,1,3,22
9129,814,9,2025,1,3,5,22
9130,814,10,2025,1,0,1,22
9131,814,11,2025,2,0,3,22
9132,814,12,2025,1,2,4,22
9133,815,1,2025,1,0,3,22
9134,815,2,2025,3,1,5,22
9135,815,3,2025,3,0,5,22
9136,815,4,2025,2,2,7,22
9137,815,5,2025,0,1,5,22
9138,815,6,2025,1,0,5,22
9139,815,7,2025,3,1,3,22
9140,815,8,2025,1,2,3,22
9141,815,9,2025,0,0,4,22
9142,815,10,2025,1,0,3,22
9143,815,11,2025,1,1,6,22
9144,815,12,2025,5,2,3,22
9145,816,1,2025,1,2,2,22
9146,816,2,2025,2,0,5,22
9147,816,3,2025,1,1,5,22
9148,816,4,2025,2,2,1,22
9149,816,5,2025,1,0,2,22
9150,816,6,2025,2,0,1,22
9151,816,7,2025,2,1,4,22
9152,816,8,2025,0,1,3,22
9153,816,9,2025,0,1,4,22
9154,816,10,2025,2,3,3,22
9155,816,11,2025,1,2,2,22
9156,816,12,2025,0,1,5,22
9157,817,1,2025,2,1,2,22
9158,817,2,2025,1,0,3,22
9159,817,3,2025,3,0,2,22
9160,817,4,2025,1,0,1,22
9161,817,5,2025,1,1,2,22
9162,817,6,2025,2,1,3,22
9163,817,7,2025,3,1,0,22
9164,817,8,2025,5,3,1,22
9165,817,9,2025,0,1,3,22
9166,817,12,2025,2,1,2,22
9167,818,1,2025,1,0,3,22
9168,818,2,2025,2,0,2,22
9169,818,3,2025,4,0,6,22
9170,818,4,2025,3,3,2,22
9171,818,5,2025,1,1,1,22
9172,818,6,2025,2,2,1,22
9173,818,7,2025,2,2,1,22
9174,818,8,2025,7,3,4,22
9175,818,9,2025,2,0,2,22
9176,818,10,2025,3,1,3,22
9177,818,11,2025,1,2,1,22
9178,818,12,2025,3,2,4,22
9179,819,2,2025,5,1,6,22
9180,819,4,2025,1,0,3,22
9181,819,5,2025,2,1,3,22
9182,819,6,2025,1,1,5,22
9183,819,7,2025,1,0,3,22
9184,819,8,2025,1,2,3,22
9185,819,9,2025,0,0,2,22
9186,819,10,2025,1,1,2,22
9187,819,11,2025,2,0,3,22
9188,820,1,2025,4,0,0,22
9189,820,2,2025,3,3,3,22
9190,820,3,2025,4,2,1,22
9191,820,4,2025,2,2,3,22
9192,820,5,2025,2,4,2,22
9193,820,6,2025,3,5,7,22
9194,820,7,2025,2,1,1,22
9195,820,8,2025,1,1,3,22
9196,820,9,2025,3,2,6,22
9197,820,10,2025,1,1,4,22
9198,820,11,2025,1,2,2,22
9199,820,12,2025,0,4,2,22
9200,821,1,2025,1,0,5,22
9201,821,2,2025,0,1,2,22
9202,821,3,2025,3,3,4,22
9203,821,4,2025,2,2,2,22
9204,821,5,2025,2,0,3,22
9205,821,6,2025,2,1,4,22
9206,821,7,2025,3,2,5,22
9207,821,8,2025,1,1,0,22
9208,821,9,2025,1,0,1,22
9209,821,10,2025,1,0,3,22
9210,821,11,2025,2,1,1,22
9211,821,12,2025,1,1,1,22
9212,822,1,2025,2,4,3,22
9213,822,2,2025,6,3,1,22
9214,822,3,2025,3,1,5,22
9215,822,4,2025,0,2,7,22
9216,822,5,2025,4,1,5,22
9217,822,6,2025,2,2,2,22
9218,822,7,2025,1,3,1,22
9219,822,8,2025,3,1,1,22
9220,822,9,2025,1,4,5,22
9221,822,10,2025,0,4,3,22
9222,822,11,2025,2,2,4,22
9223,822,12,2025,3,2,2,22
9224,823,1,2025,0,1,4,22
9225,823,5,2025,1,0,2,22
9226,823,6,2025,0,4,2,22
9227,823,7,2025,0,1,1,22
9228,823,8,2025,5,1,4,22
9229,823,9,2025,2,2,2,22
9230,823,10,2025,3,1,3,22
9231,824,1,2025,2,1,5,22
9232,824,2,2025,1,0,2,22
9233,824,3,2025,3,0,0,22
9234,824,4,2025,0,1,4,22
9235,824,5,2025,3,0,3,22
9236,824,6,2025,1,2,0,22
9237,824,7,2025,5,2,2,22
9238,824,8,2025,2,0,6,22
9239,824,9,2025,4,0,3,22
9240,824,10,2025,2,1,1,22
9241,824,11,2025,2,0,4,22
9242,824,12,2025,2,3,4,22
9243,825,1,2025,1,2,6,22
9244,825,2,2025,1,1,6,22
9245,825,3,2025,3,3,4,22
9246,825,4,2025,5,1,3,22
9247,825,5,2025,8,1,2,22
9248,825,6,2025,2,1,2,22
9249,825,7,2025,3,1,2,22
9250,825,8,2025,1,1,4,22
9251,825,9,2025,4,2,6,22
9252,825,10,2025,2,1,4,22
9253,825,11,2025,4,2,2,22
9254,825,12,2025,5,4,1,22
9255,826,1,2025,4,2,2,22
9256,826,2,2025,2,3,2,22
9257,826,3,2025,3,2,0,22
9258,826,4,2025,2,0,2,22
9259,826,5,2025,2,4,1,22
9260,826,6,2025,1,1,1,22
9261,826,7,2025,0,1,3,22
9262,826,8,2025,0,0,3,22
9263,826,9,2025,1,0,1,22
9264,826,10,2025,1,0,2,22
9265,826,11,2025,1,0,4,22
9266,826,12,2025,3,1,0,22
9267,827,1,2025,1,3,3,22
9268,827,2,2025,1,3,1,22
9269,827,3,2025,5,5,3,22
9270,827,4,2025,2,2,4,22
9271,827,5,2025,2,2,1,22
9272,827,6,2025,3,2,2,22
9273,827,7,2025,5,1,4,22
9274,827,8,2025,6,5,4,22
9275,827,9,2025,5,3,2,22
9276,827,10,2025,5,0,4,22
9277,827,11,2025,1,3,4,22
9278,827,12,2025,4,0,2,22
9279,828,1,2025,3,1,1,22
9280,828,2,2025,1,2,1,22
9281,828,3,2025,3,2,3,22
9282,828,4,2025,3,1,1,22
9283,828,5,2025,3,1,4,22
9284,828,6,2025,3,1,4,22
9285,828,7,2025,1,2,4,22
9286,828,8,2025,1,2,1,22
9287,828,9,2025,1,3,2,22
9288,828,10,2025,2,3,4,22
9289,828,11,2025,2,1,3,22
9290,828,12,2025,2,1,3,22
9291,829,1,2025,1,2,3,22
9292,829,2,2025,2,4,1,22
9293,829,3,2025,5,0,6,22
9294,829,4,2025,1,0,0,22
9295,829,5,2025,2,2,7,22
9296,829,6,2025,1,0,3,22
9297,829,7,2025,3,2,3,22
9298,829,8,2025,1,1,3,22
9299,829,9,2025,8,1,1,22
9300,829,10,2025,3,5,4,22
9301,829,11,2025,4,2,3,22
9302,829,12,2025,2,2,3,22
9303,830,1,2025,0,1,5,22
9304,830,2,2025,4,1,3,22
9305,830,3,2025,1,1,1,22
9306,830,4,2025,1,0,6,22
9307,830,5,2025,2,0,1,22
9308,830,6,2025,2,0,1,22
9309,830,7,2025,3,1,0,22
9310,830,8,2025,2,1,4,22
9311,830,9,2025,1,1,6,22
9312,830,10,2025,1,0,0,22
9313,830,11,2025,1,1,3,22
9314,830,12,2025,5,0,5,22
9315,831,1,2025,2,2,1,22
9316,831,2,2025,1,2,3,22
9317,831,3,2025,3,6,2,22
9318,831,4,2025,0,0,2,22
9319,831,5,2025,5,0,1,22
9320,831,6,2025,2,1,1,22
9321,831,7,2025,3,1,2,22
9322,831,8,2025,1,1,3,22
9323,831,9,2025,3,1,3,22
9324,831,10,2025,1,1,3,22
9325,831,11,2025,1,0,5,22
9326,831,12,2025,0,0,2,22
9327,832,1,2025,5,3,1,22
9328,832,2,2025,1,3,2,22
9329,832,3,2025,3,2,3,22
9330,832,4,2025,3,2,0,22
9331,832,5,2025,4,1,1,22
9332,832,6,2025,4,2,4,22
9333,832,7,2025,2,1,6,22
9334,832,8,2025,2,1,3,22
9335,832,9,2025,1,0,1,22
9336,832,10,2025,1,1,1,22
9337,832,11,2025,3,0,2,22
9338,832,12,2025,3,1,5,22
9339,833,1,2025,4,1,4,22
9340,833,2,2025,1,1,2,22
9341,833,3,2025,4,1,4,22
9342,833,4,2025,2,1,3,22
9343,833,5,2025,3,1,1,22
9344,833,6,2025,1,0,2,22
9345,833,7,2025,1,0,2,22
9346,833,8,2025,0,0,4,22
9347,833,9,2025,1,1,7,22
9348,833,10,2025,2,0,2,22
9349,833,11,2025,1,1,6,22
9350,833,12,2025,2,1,4,22
9351,834,1,2025,2,1,4,22
9352,834,2,2025,1,2,3,22
9353,834,3,2025,1,0,0,22
9354,834,4,2025,4,2,4,22
9355,834,5,2025,0,0,5,22
9356,834,6,2025,1,1,3,22
9357,834,7,2025,1,1,5,22
9358,834,8,2025,0,1,1,22
9359,834,9,2025,2,2,2,22
9360,834,10,2025,0,1,4,22
9361,834,11,2025,1,1,7,22
9362,834,12,2025,2,0,2,22
9363,835,1,2025,1,0,1,22
9364,835,2,2025,2,3,1,22
9365,835,3,2025,3,0,4,22
9366,835,4,2025,0,2,0,22
9367,835,5,2025,1,2,3,22
9368,835,6,2025,1,0,0,22
9369,835,7,2025,1,0,1,22
9370,835,8,2025,4,0,2,22
9371,835,9,2025,1,2,2,22
9372,835,10,2025,0,1,6,22
9373,835,11,2025,1,1,7,22
9374,835,12,2025,2,0,1,22
9375,836,1,2025,3,2,2,22
9376,836,2,2025,2,1,4,22
9377,836,3,2025,4,0,2,22
9378,836,4,2025,1,1,3,22
9379,836,5,2025,4,2,4,22
9380,836,6,2025,3,4,2,22
9381,836,7,2025,2,1,0,22
9382,836,8,2025,0,1,0,22
9383,836,9,2025,2,2,1,22
9384,836,10,2025,1,2,3,22
9385,836,11,2025,3,2,3,22
9386,836,12,2025,1,0,2,22
9387,837,1,2025,1,1,10,22
9388,837,2,2025,3,0,3,22
9389,837,3,2025,1,1,6,22
9390,837,4,2025,1,2,2,22
9391,837,5,2025,2,0,4,22
9392,837,6,2025,1,1,1,22
9393,837,7,2025,1,1,4,22
9394,837,8,2025,1,3,4,22
9395,837,9,2025,1,0,4,22
9396,837,10,2025,1,1,6,22
9397,837,11,2025,1,1,1,22
9398,837,12,2025,3,1,2,22
9399,838,1,2025,3,2,3,22
9400,838,2,2025,1,2,2,22
9401,838,3,2025,0,0,3,22
9402,838,4,2025,3,3,3,22
9403,838,5,2025,2,1,3,22
9404,838,6,2025,2,2,3,22
9405,838,7,2025,2,1,4,22
9406,838,8,2025,3,6,4,22
9407,838,9,2025,4,5,0,22
9408,838,10,2025,2,3,1,22
9409,838,11,2025,1,2,4,22
9410,838,12,2025,3,2,1,22
9411,839,1,2025,2,1,3,22
9412,839,2,2025,1,0,5,22
9413,839,3,2025,2,1,1,22
9414,839,4,2025,2,2,5,22
9415,839,5,2025,2,2,0,22
9416,839,6,2025,3,1,3,22
9417,839,7,2025,0,2,0,22
9418,839,8,2025,1,0,2,22
9419,839,9,2025,4,2,2,22
9420,839,10,2025,1,2,6,22
9421,839,11,2025,4,4,6,22
9422,839,12,2025,3,1,0,22
9423,840,1,2025,0,0,1,22
9424,840,2,2025,2,0,2,22
9425,840,3,2025,0,1,5,22
9426,840,4,2025,4,1,2,22
9427,840,5,2025,1,1,2,22
9428,840,6,2025,4,0,7,22
9429,840,7,2025,2,2,3,22
9430,840,8,2025,1,1,2,22
9431,840,9,2025,2,2,2,22
9432,840,10,2025,0,0,2,22
9433,840,11,2025,1,0,1,22
9434,840,12,2025,2,0,3,22
9435,841,1,2025,3,1,3,22
9436,841,2,2025,4,1,0,22
9437,841,3,2025,1,1,1,22
9438,841,4,2025,1,3,3,22
9439,841,5,2025,1,4,3,22
9440,841,6,2025,4,2,2,22
9441,841,7,2025,5,2,3,22
9442,841,8,2025,5,2,2,22
9443,841,9,2025,4,1,0,22
9444,841,10,2025,3,0,4,22
9445,841,11,2025,2,2,9,22
9446,841,12,2025,1,3,3,22
9447,842,1,2025,2,0,3,22
9448,842,2,2025,1,2,2,22
9449,842,3,2025,3,3,2,22
9450,842,4,2025,1,3,5,22
9451,842,5,2025,3,5,2,22
9452,842,6,2025,2,0,4,22
9453,842,7,2025,6,3,2,22
9454,842,8,2025,1,1,3,22
9455,842,9,2025,3,1,2,22
9456,842,10,2025,1,1,4,22
9457,842,11,2025,4,2,1,22
9458,842,12,2025,1,4,2,22
9459,843,1,2025,0,2,2,22
9460,843,2,2025,5,2,5,22
9461,843,3,2025,2,2,1,22
9462,843,4,2025,4,6,1,22
9463,843,5,2025,5,0,1,22
9464,843,6,2025,1,0,8,22
9465,843,7,2025,2,1,5,22
9466,843,8,2025,4,2,6,22
9467,843,9,2025,1,0,4,22
9468,843,10,2025,5,1,4,22
9469,843,11,2025,2,2,2,22
9470,843,12,2025,1,2,3,22
9471,844,1,2025,2,2,0,22
9472,844,2,2025,2,1,4,22
9473,844,3,2025,0,0,2,22
9474,844,4,2025,0,0,0,22
9475,844,5,2025,3,0,3,22
9476,844,6,2025,1,1,4,22
9477,844,7,2025,0,1,1,22
9478,844,8,2025,2,0,3,22
9479,844,9,2025,1,5,3,22
9480,844,10,2025,1,0,4,22
9481,844,11,2025,3,1,4,22
9482,844,12,2025,2,1,3,22
9483,845,1,2025,3,0,1,22
9484,845,2,2025,1,2,0,22
9485,845,3,2025,2,1,2,22
9486,845,4,2025,2,2,1,22
9487,845,5,2025,0,1,1,22
9488,845,6,2025,2,0,3,22
9489,845,7,2025,1,0,5,22
9490,845,8,2025,1,2,4,22
9491,845,9,2025,1,1,3,22
9492,845,10,2025,2,1,4,22
9493,845,11,2025,0,0,5,22
9494,845,12,2025,0,0,7,22
9495,846,1,2025,1,1,4,22
9496,846,2,2025,2,2,5,22
9497,846,3,2025,1,3,5,22
9498,846,4,2025,2,0,1,22
9499,846,5,2025,0,1,3,22
9500,846,6,2025,3,0,5,22
9501,846,7,2025,1,0,4,22
9502,846,8,2025,4,1,2,22
9503,846,9,2025,2,1,5,22
9504,846,10,2025,2,1,2,22
9505,846,11,2025,2,0,1,22
9506,846,12,2025,0,3,2,22
9507,847,1,2025,1,0,2,22
9508,847,2,2025,1,0,4,22
9509,847,3,2025,2,2,0,22
9510,847,4,2025,1,2,1,22
9511,847,5,2025,1,0,7,22
9512,847,6,2025,1,3,8,22
9513,847,7,2025,1,1,3,22
9514,847,8,2025,1,1,3,22
9515,847,9,2025,2,0,1,22
9516,847,10,2025,0,2,2,22
9517,847,11,2025,5,1,3,22
9518,847,12,2025,3,0,5,22
9519,848,1,2025,1,0,5,22
9520,848,2,2025,2,1,0,22
9521,848,3,2025,2,0,4,22
9522,848,4,2025,2,3,4,22
9523,848,5,2025,0,0,4,22
9524,848,6,2025,0,0,2,22
9525,848,7,2025,0,0,6,22
9526,848,8,2025,1,4,4,22
9527,848,9,2025,3,1,3,22
9528,848,10,2025,1,2,5,22
9529,848,11,2025,0,1,2,22
9530,848,12,2025,2,1,5,22
9531,849,1,2025,2,1,3,22
9532,849,2,2025,2,1,1,22
9533,849,3,2025,0,0,1,22
9534,849,4,2025,1,4,6,22
9535,849,5,2025,3,0,1,22
9536,849,6,2025,1,1,2,22
9537,849,7,2025,1,1,1,22
9538,849,8,2025,3,0,3,22
9539,849,9,2025,2,1,4,22
9540,849,10,2025,0,1,3,22
9541,849,11,2025,1,1,1,22
9542,849,12,2025,4,0,2,22
9543,850,1,2025,2,1,1,22
9544,850,2,2025,1,1,4,22
9545,850,4,2025,1,2,2,22
9546,850,6,2025,5,1,2,22
9547,850,7,2025,3,1,1,22
9548,850,8,2025,0,1,2,22
9549,850,10,2025,1,0,1,22
9550,850,12,2025,0,1,2,22
9551,851,1,2025,5,3,0,22
9552,851,2,2025,3,1,2,22
9553,851,3,2025,0,0,3,22
9554,851,4,2025,1,0,6,22
9555,851,5,2025,0,0,6,22
9556,851,6,2025,1,2,2,22
9557,851,7,2025,2,1,4,22
9558,851,8,2025,1,0,1,22
9559,851,9,2025,4,2,7,22
9560,851,10,2025,3,0,1,22
9561,851,11,2025,1,1,1,22
9562,851,12,2025,4,1,1,22
9563,852,1,2025,2,1,7,22
9564,852,2,2025,0,1,5,22
9565,852,3,2025,1,0,2,22
9566,852,4,2025,0,1,3,22
9567,852,5,2025,0,0,3,22
9568,852,6,2025,0,0,3,22
9569,852,7,2025,0,2,3,22
9570,852,8,2025,0,3,2,22
9571,852,9,2025,3,0,2,22
9572,852,10,2025,3,0,3,22
9573,852,11,2025,2,1,6,22
9574,852,12,2025,2,1,3,22
9575,853,1,2025,2,0,4,22
9576,853,2,2025,2,0,4,22
9577,853,3,2025,0,1,2,22
9578,853,4,2025,1,3,3,22
9579,853,5,2025,2,1,3,22
9580,853,6,2025,1,2,3,22
9581,853,7,2025,3,0,3,22
9582,853,8,2025,3,1,4,22
9583,853,9,2025,3,3,2,22
9584,853,10,2025,3,2,4,22
9585,853,11,2025,0,1,2,22
9586,853,12,2025,2,1,4,22
9587,854,1,2025,3,2,3,22
9588,854,2,2025,1,1,2,22
9589,854,3,2025,2,0,2,22
9590,854,4,2025,0,1,4,22
9591,854,5,2025,3,1,2,22
9592,854,6,2025,1,1,2,22
9593,854,7,2025,2,4,2,22
9594,854,8,2025,1,2,3,22
9595,854,9,2025,3,0,1,22
9596,854,10,2025,5,0,5,22
9597,854,11,2025,1,3,3,22
9598,854,12,2025,1,1,3,22
9599,855,1,2025,1,0,0,22
9600,855,2,2025,2,0,2,22
9601,855,3,2025,4,1,0,22
9602,855,4,2025,3,4,1,22
9603,855,5,2025,4,1,7,22
9604,855,6,2025,0,4,5,22
9605,855,7,2025,0,7,3,22
9606,855,8,2025,2,2,3,22
9607,855,9,2025,5,0,3,22
9608,855,10,2025,2,4,1,22
9609,855,11,2025,3,2,4,22
9610,855,12,2025,5,1,1,22
9611,856,1,2025,3,2,2,22
9612,856,2,2025,1,4,3,22
9613,856,3,2025,2,5,2,22
9614,856,4,2025,3,2,2,22
9615,856,5,2025,3,2,4,22
9616,856,6,2025,1,3,1,22
9617,856,7,2025,1,1,4,22
9618,856,8,2025,1,2,3,22
9619,856,9,2025,3,2,5,22
9620,856,10,2025,4,2,5,22
9621,856,11,2025,3,1,3,22
9622,856,12,2025,2,4,4,22
9623,857,1,2025,1,2,4,22
9624,857,2,2025,1,3,4,22
9625,857,3,2025,1,0,2,22
9626,857,4,2025,1,1,4,22
9627,857,5,2025,0,1,4,22
9628,857,6,2025,2,1,2,22
9629,857,7,2025,1,0,6,22
9630,857,8,2025,3,0,2,22
9631,857,9,2025,4,2,3,22
9632,857,10,2025,1,1,4,22
9633,857,11,2025,4,0,1,22
9634,857,12,2025,1,1,2,22
9635,858,1,2025,2,2,1,22
9636,858,2,2025,0,3,4,22
9637,858,3,2025,4,1,5,22
9638,858,4,2025,3,3,4,22
9639,858,5,2025,1,2,3,22
9640,858,6,2025,3,1,6,22
9641,858,7,2025,3,3,4,22
9642,858,8,2025,1,1,2,22
9643,858,9,2025,2,2,2,22
9644,858,10,2025,2,0,2,22
9645,858,11,2025,4,2,7,22
9646,858,12,2025,3,2,3,22
9647,859,1,2025,1,1,2,22
9648,859,2,2025,2,1,3,22
9649,859,3,2025,2,0,1,22
9650,859,4,2025,3,2,9,22
9651,859,5,2025,1,2,6,22
9652,859,6,2025,3,1,1,22
9653,859,7,2025,1,2,6,22
9654,859,8,2025,3,1,4,22
9655,859,9,2025,2,1,2,22
9656,859,10,2025,4,1,2,22
9657,859,11,2025,1,0,2,22
9658,859,12,2025,2,1,4,22
9659,860,1,2025,3,0,2,22
9660,860,2,2025,3,0,2,22
9661,860,3,2025,0,2,3,22
9662,860,4,2025,1,0,4,22
9663,860,5,2025,5,1,4,22
9664,860,6,2025,1,4,5,22
9665,860,7,2025,1,0,1,22
9666,860,8,2025,0,2,6,22
9667,860,9,2025,1,1,2,22
9668,860,10,2025,2,0,2,22
9669,860,11,2025,0,0,0,22
9670,860,12,2025,0,0,3,22
9671,861,1,2025,0,0,3,22
9672,861,2,2025,1,2,3,22
9673,861,3,2025,0,1,3,22
9674,861,4,2025,2,1,3,22
9675,861,5,2025,2,1,3,22
9676,861,6,2025,2,1,6,22
9677,861,7,2025,3,1,2,22
9678,861,8,2025,0,3,4,22
9679,861,9,2025,1,1,4,22
9680,861,10,2025,0,0,2,22
9681,861,11,2025,2,1,3,22
9682,861,12,2025,3,0,2,22
9683,862,1,2025,2,1,1,22
9684,862,2,2025,1,0,2,22
9685,862,3,2025,5,2,1,22
9686,862,4,2025,2,1,3,22
9687,862,5,2025,1,1,2,22
9688,862,6,2025,3,0,2,22
9689,862,7,2025,0,2,1,22
9690,862,8,2025,1,1,3,22
9691,862,9,2025,0,1,1,22
9692,862,10,2025,0,1,2,22
9693,862,11,2025,2,1,3,22
9694,862,12,2025,1,4,4,22
9695,863,1,2025,3,2,4,22
9696,863,2,2025,1,3,1,22
9697,863,3,2025,1,1,2,22
9698,863,4,2025,1,0,3,22
9699,863,5,2025,2,0,4,22
9700,863,6,2025,0,0,0,22
9701,863,7,2025,1,2,4,22
9702,863,8,2025,0,1,3,22
9703,863,9,2025,3,0,5,22
9704,863,10,2025,2,1,3,22
9705,863,11,2025,0,0,3,22
9706,863,12,2025,2,4,4,22
9707,864,1,2025,2,0,2,22
9708,864,2,2025,1,2,4,22
9709,864,3,2025,2,0,2,22
9710,864,4,2025,1,3,3,22
9711,864,5,2025,1,1,3,22
9712,864,6,2025,3,3,1,22
9713,864,7,2025,2,2,1,22
9714,864,8,2025,0,1,3,22
9715,864,9,2025,1,2,3,22
9716,864,10,2025,4,0,6,22
9717,864,11,2025,1,0,2,22
9718,864,12,2025,2,0,2,22
9719,865,1,2025,1,2,1,22
9720,865,2,2025,1,0,4,22
9721,865,3,2025,1,0,1,22
9722,865,4,2025,0,1,2,22
9723,865,5,2025,4,0,3,22
9724,865,6,2025,0,1,1,22
9725,865,7,2025,0,1,0,22
9726,865,8,2025,0,0,3,22
9727,865,9,2025,0,0,1,22
9728,865,10,2025,1,0,1,22
9729,865,11,2025,2,2,4,22
9730,865,12,2025,1,2,4,22
9731,866,1,2025,2,2,3,22
9732,866,2,2025,0,0,2,22
9733,866,3,2025,1,0,5,22
9734,866,4,2025,0,0,2,22
9735,866,5,2025,0,0,1,22
9736,866,6,2025,3,0,3,22
9737,866,7,2025,0,0,4,22
9738,866,8,2025,1,2,0,22
9739,866,9,2025,2,4,7,22
9740,866,10,2025,2,0,5,22
9741,866,11,2025,0,0,4,22
9742,866,12,2025,1,0,1,22
9743,867,1,2025,0,0,1,22
9744,867,2,2025,2,0,3,22
9745,867,3,2025,1,1,4,22
9746,867,4,2025,3,0,3,22
9747,867,5,2025,2,0,2,22
9748,867,6,2025,0,2,2,22
9749,867,7,2025,1,1,4,22
9750,867,8,2025,2,2,3,22
9751,867,9,2025,1,0,4,22
9752,867,10,2025,1,0,4,22
9753,867,11,2025,0,0,4,22
9754,867,12,2025,2,1,4,22
9755,868,1,2025,1,2,2,22
9756,868,2,2025,0,0,2,22
9757,868,3,2025,1,2,4,22
9758,868,4,2025,4,1,5,22
9759,868,5,2025,0,1,3,22
9760,868,6,2025,0,0,5,22
9761,868,7,2025,0,2,4,22
9762,868,8,2025,3,0,2,22
9763,868,9,2025,2,1,3,22
9764,868,10,2025,0,1,1,22
9765,868,11,2025,2,1,5,22
9766,868,12,2025,0,0,3,22
9767,869,1,2025,2,1,3,22
9768,869,2,2025,2,2,2,22
9769,869,3,2025,1,1,4,22
9770,869,4,2025,1,0,2,22
9771,869,5,2025,0,0,4,22
9772,869,6,2025,0,2,1,22
9773,869,7,2025,0,2,2,22
9774,869,8,2025,0,2,2,22
9775,869,9,2025,0,0,5,22
9776,869,10,2025,1,0,3,22
9777,869,11,2025,0,0,3,22
9778,869,12,2025,0,1,2,22
9779,870,1,2025,3,3,9,22
9780,870,2,2025,3,2,2,22
9781,870,3,2025,3,0,3,22
9782,870,4,2025,0,3,0,22
9783,870,5,2025,2,1,5,22
9784,870,6,2025,3,2,1,22
9785,870,7,2025,2,5,7,22
9786,870,8,2025,1,1,4,22
9787,870,10,2025,2,1,3,22
9788,870,11,2025,5,1,2,22
9789,870,12,2025,1,1,2,22
9790,871,1,2025,1,2,6,22
9791,871,2,2025,2,2,2,22
9792,871,3,2025,1,0,2,22
9793,871,4,2025,0,1,3,22
9794,871,5,2025,3,1,3,22
9795,871,6,2025,1,1,4,22
9796,871,7,2025,2,0,1,22
9797,871,8,2025,0,2,1,22
9798,871,9,2025,4,2,3,22
9799,871,10,2025,0,1,1,22
9800,871,11,2025,0,0,6,22
9801,871,12,2025,1,2,4,22
9802,872,1,2025,3,2,2,22
9803,872,2,2025,2,0,1,22
9804,872,3,2025,1,6,4,22
9805,872,4,2025,2,2,3,22
9806,872,5,2025,1,0,3,22
9807,872,6,2025,4,3,4,22
9808,872,7,2025,2,3,2,22
9809,872,8,2025,4,0,2,22
9810,872,9,2025,3,2,5,22
9811,872,10,2025,2,3,1,22
9812,872,11,2025,3,1,2,22
9813,872,12,2025,1,4,2,22
9814,873,1,2025,4,1,4,22
9815,873,3,2025,2,0,2,22
9816,873,5,2025,4,0,4,22
9817,873,6,2025,2,0,1,22
9818,873,7,2025,2,1,5,22
9819,873,8,2025,2,0,8,22
9820,873,9,2025,1,2,2,22
9821,873,10,2025,4,0,4,22
9822,873,12,2025,1,0,1,22
9823,874,1,2025,1,3,7,22
9824,874,2,2025,2,0,4,22
9825,874,3,2025,3,1,7,22
9826,874,5,2025,2,1,5,22
9827,874,6,2025,1,0,4,22
9828,874,7,2025,1,0,3,22
9829,874,9,2025,1,1,2,22
9830,874,10,2025,0,3,1,22
9831,874,12,2025,1,0,4,22
9832,875,1,2025,1,3,2,22
9833,875,2,2025,1,2,5,22
9834,875,3,2025,5,2,7,22
9835,875,4,2025,1,2,6,22
9836,875,5,2025,0,6,3,22
9837,875,6,2025,3,1,5,22
9838,875,7,2025,8,0,3,22
9839,875,8,2025,5,1,3,22
9840,875,9,2025,2,0,5,22
9841,875,10,2025,4,1,2,22
9842,875,11,2025,3,0,3,22
9843,875,12,2025,1,1,2,22
9844,876,1,2025,1,0,1,22
9845,876,2,2025,1,2,4,22
9846,876,3,2025,0,1,5,22
9847,876,4,2025,1,1,2,22
9848,876,5,2025,3,2,2,22
9849,876,6,2025,0,4,3,22
9850,876,7,2025,2,2,2,22
9851,876,8,2025,2,0,2,22
9852,876,9,2025,2,1,4,22
9853,876,10,2025,1,1,4,22
9854,876,11,2025,2,0,1,22
9855,876,12,2025,1,1,10,22
9856,877,1,2025,2,2,3,22
9857,877,4,2025,1,2,5,22
9858,877,5,2025,0,3,4,22
9859,877,6,2025,1,2,3,22
9860,877,7,2025,4,3,2,22
9861,877,10,2025,4,3,5,22
9862,877,12,2025,1,1,3,22
9863,878,1,2025,2,1,1,22
9864,878,2,2025,3,5,3,22
9865,878,3,2025,1,1,3,22
9866,878,4,2025,3,2,4,22
9867,878,5,2025,0,0,3,22
9868,878,6,2025,0,1,2,22
9869,878,7,2025,3,0,1,22
9870,878,8,2025,1,0,6,22
9871,878,9,2025,2,1,1,22
9872,878,10,2025,3,1,5,22
9873,878,11,2025,1,1,0,22
9874,878,12,2025,1,2,0,22
9875,879,1,2025,0,1,4,22
9876,879,2,2025,0,1,3,22
9877,879,3,2025,2,1,0,22
9878,879,4,2025,2,0,4,22
9879,879,5,2025,3,1,2,22
9880,879,6,2025,2,1,4,22
9881,879,7,2025,2,1,2,22
9882,879,8,2025,6,3,2,22
9883,879,9,2025,3,2,1,22
9884,879,10,2025,5,0,4,22
9885,879,11,2025,1,0,3,22
9886,879,12,2025,4,1,3,22
9887,880,1,2025,5,2,2,22
9888,880,2,2025,1,1,5,22
9889,880,3,2025,0,1,3,22
9890,880,4,2025,1,1,4,22
9891,880,5,2025,0,1,4,22
9892,880,6,2025,3,1,2,22
9893,880,7,2025,0,0,6,22
9894,880,8,2025,2,1,2,22
9895,880,9,2025,2,1,5,22
9896,880,10,2025,2,1,3,22
9897,880,11,2025,4,0,3,22
9898,880,12,2025,3,1,5,22
9899,881,1,2025,1,1,0,22
9900,881,3,2025,2,3,6,22
9901,881,4,2025,1,0,6,22
9902,881,6,2025,1,3,3,22
9903,881,7,2025,0,1,2,22
9904,881,9,2025,1,2,2,22
9905,881,10,2025,1,2,2,22
9906,882,1,2025,2,1,2,22
9907,882,2,2025,1,2,3,22
9908,882,3,2025,0,0,5,22
9909,882,4,2025,1,0,0,22
9910,882,5,2025,1,2,0,22
9911,882,6,2025,0,1,1,22
9912,882,7,2025,0,1,4,22
9913,882,8,2025,1,3,2,22
9914,882,9,2025,1,0,2,22
9915,882,10,2025,0,3,2,22
9916,882,11,2025,2,1,2,22
9917,882,12,2025,1,2,4,22
9918,883,1,2025,1,2,4,22
9919,883,2,2025,2,1,5,22
9920,883,3,2025,2,1,1,22
9921,883,4,2025,1,0,5,22
9922,883,5,2025,1,1,2,22
9923,883,6,2025,2,0,5,22
9924,883,7,2025,3,1,5,22
9925,883,8,2025,2,2,2,22
9926,883,9,2025,1,1,3,22
9927,883,10,2025,2,1,7,22
9928,883,11,2025,4,1,7,22
9929,883,12,2025,2,1,1,22
9930,884,1,2025,2,3,6,22
9931,884,2,2025,4,0,3,22
9932,884,3,2025,2,1,1,22
9933,884,4,2025,1,0,3,22
9934,884,5,2025,3,3,2,22
9935,884,6,2025,4,2,7,22
9936,884,7,2025,4,3,1,22
9937,884,8,2025,3,2,6,22
9938,884,9,2025,0,2,5,22
9939,884,10,2025,2,1,1,22
9940,884,11,2025,1,1,3,22
9941,884,12,2025,2,5,2,22
9942,885,1,2025,5,0,1,22
9943,885,2,2025,0,1,2,22
9944,885,3,2025,0,4,3,22
9945,885,4,2025,1,1,2,22
9946,885,5,2025,0,0,4,22
9947,885,6,2025,0,2,2,22
9948,885,7,2025,0,1,1,22
9949,885,8,2025,0,2,2,22
9950,885,9,2025,1,0,2,22
9951,885,10,2025,3,1,0,22
9952,885,11,2025,0,0,1,22
9953,885,12,2025,0,3,4,22
9954,886,1,2025,2,2,1,22
9955,886,2,2025,0,0,2,22
9956,886,3,2025,1,0,1,22
9957,886,4,2025,1,2,3,22
9958,886,5,2025,3,2,3,22
9959,886,6,2025,0,1,3,22
9960,886,7,2025,1,1,3,22
9961,886,8,2025,4,0,1,22
9962,886,9,2025,0,0,4,22
9963,886,10,2025,4,0,5,22
9964,886,11,2025,0,2,3,22
9965,886,12,2025,2,0,3,22
9966,887,1,2025,0,1,2,22
9967,887,2,2025,1,0,3,22
9968,887,3,2025,1,1,1,22
9969,887,4,2025,1,2,4,22
9970,887,6,2025,2,1,4,22
9971,887,7,2025,4,1,7,22
9972,887,9,2025,0,0,5,22
9973,887,10,2025,2,1,6,22
9974,887,11,2025,1,2,3,22
9975,887,12,2025,0,2,3,22
9976,888,1,2025,2,0,3,22
9977,888,2,2025,0,0,0,22
9978,888,3,2025,1,0,2,22
9979,888,4,2025,0,0,2,22
9980,888,5,2025,1,2,2,22
9981,888,6,2025,0,1,2,22
9982,888,7,2025,4,1,3,22
9983,888,8,2025,2,0,5,22
9984,888,9,2025,1,2,4,22
9985,888,10,2025,1,1,2,22
9986,888,11,2025,0,1,6,22
9987,888,12,2025,0,0,2,22
9988,889,1,2025,0,1,5,22
9989,889,2,2025,5,2,5,22
9990,889,3,2025,2,0,8,22
9991,889,4,2025,2,0,0,22
9992,889,5,2025,2,2,1,22
9993,889,6,2025,2,0,4,22
9994,889,7,2025,2,3,4,22
9995,889,8,2025,2,1,2,22
9996,889,9,2025,1,1,0,22
9997,889,10,2025,2,3,4,22
9998,889,11,2025,3,1,5,22
9999,889,12,2025,1,0,3,22
10000,890,1,2025,4,1,2,22
10001,890,2,2025,3,1,2,22
10002,890,3,2025,0,2,2,22
10003,890,4,2025,3,2,1,22
10004,890,5,2025,1,2,3,22
10005,890,6,2025,2,2,2,22
10006,890,7,2025,0,2,4,22
10007,890,8,2025,3,2,4,22
10008,890,9,2025,3,3,1,22
10009,890,10,2025,4,5,2,22
10010,890,11,2025,2,2,1,22
10011,890,12,2025,3,2,0,22
10012,891,1,2025,0,2,0,22
10013,891,2,2025,2,1,5,22
10014,891,3,2025,2,2,5,22
10015,891,4,2025,0,0,3,22
10016,891,5,2025,0,4,5,22
10017,891,6,2025,0,0,0,22
10018,891,7,2025,0,2,0,22
10019,891,8,2025,1,3,8,22
10020,891,9,2025,3,0,6,22
10021,891,10,2025,0,1,1,22
10022,891,11,2025,2,2,1,22
10023,891,12,2025,2,3,2,22
10024,892,1,2025,3,0,1,22
10025,892,2,2025,1,1,3,22
10026,892,3,2025,5,2,6,22
10027,892,4,2025,2,0,7,22
10028,892,5,2025,2,2,3,22
10029,892,6,2025,0,2,1,22
10030,892,7,2025,2,2,2,22
10031,892,8,2025,2,1,3,22
10032,892,9,2025,0,2,4,22
10033,892,10,2025,8,3,3,22
10034,892,11,2025,4,0,1,22
10035,892,12,2025,4,1,1,22
10036,893,1,2025,2,3,3,22
10037,893,3,2025,1,2,3,22
10038,893,4,2025,4,3,3,22
10039,893,7,2025,4,2,3,22
10040,893,8,2025,0,2,4,22
10041,893,9,2025,3,4,2,22
10042,893,10,2025,1,2,3,22
10043,893,11,2025,3,1,4,22
10044,893,12,2025,2,4,2,22
10045,894,1,2025,2,2,5,22
10046,894,2,2025,2,0,1,22
10047,894,3,2025,1,1,6,22
10048,894,4,2025,3,0,2,22
10049,894,5,2025,3,1,5,22
10050,894,6,2025,1,1,2,22
10051,894,7,2025,0,2,6,22
10052,894,8,2025,2,0,4,22
10053,894,9,2025,0,0,6,22
10054,894,10,2025,2,0,2,22
10055,894,11,2025,1,2,2,22
10056,894,12,2025,0,5,2,22
10057,895,1,2025,0,1,1,22
10058,895,2,2025,0,0,2,22
10059,895,3,2025,1,0,1,22
10060,895,4,2025,0,0,5,22
10061,895,5,2025,5,2,4,22
10062,895,6,2025,2,0,2,22
10063,895,7,2025,1,3,1,22
10064,895,8,2025,1,1,5,22
10065,895,9,2025,0,1,4,22
10066,895,10,2025,1,1,4,22
10067,895,11,2025,1,0,1,22
10068,895,12,2025,0,1,6,22
10069,896,1,2025,4,1,4,22
10070,896,2,2025,0,1,5,22
10071,896,3,2025,4,0,4,22
10072,896,4,2025,2,3,1,22
10073,896,5,2025,1,3,2,22
10074,896,6,2025,1,1,3,22
10075,896,7,2025,1,2,3,22
10076,896,8,2025,0,5,0,22
10077,896,9,2025,2,2,2,22
10078,896,10,2025,3,1,5,22
10079,896,11,2025,1,0,5,22
10080,896,12,2025,2,0,4,22
10081,897,1,2025,0,0,3,22
10082,897,2,2025,1,1,3,22
10083,897,3,2025,2,1,2,22
10084,897,4,2025,2,1,2,22
10085,897,5,2025,1,2,2,22
10086,897,6,2025,2,2,3,22
10087,897,7,2025,4,2,1,22
10088,897,8,2025,1,0,3,22
10089,897,9,2025,1,0,6,22
10090,897,10,2025,0,2,3,22
10091,897,11,2025,1,2,6,22
10092,897,12,2025,2,0,4,22
10093,898,1,2025,1,0,3,22
10094,898,2,2025,3,3,3,22
10095,898,3,2025,1,1,0,22
10096,898,4,2025,0,1,4,22
10097,898,5,2025,5,0,2,22
10098,898,6,2025,0,1,2,22
10099,898,7,2025,6,0,5,22
10100,898,8,2025,0,2,5,22
10101,898,9,2025,0,1,3,22
10102,898,10,2025,0,3,4,22
10103,898,11,2025,2,1,5,22
10104,898,12,2025,2,1,2,22
10105,899,1,2025,2,0,4,22
10106,899,2,2025,2,2,1,22
10107,899,3,2025,1,0,2,22
10108,899,4,2025,2,1,2,22
10109,899,5,2025,1,2,4,22
10110,899,6,2025,1,0,4,22
10111,899,7,2025,2,0,2,22
10112,899,8,2025,0,1,1,22
10113,899,9,2025,1,1,1,22
10114,899,10,2025,1,0,1,22
10115,899,11,2025,2,1,2,22
10116,899,12,2025,2,2,4,22
10117,900,1,2025,1,1,1,22
10118,900,2,2025,0,0,2,22
10119,900,3,2025,2,0,3,22
10120,900,4,2025,2,2,3,22
10121,900,5,2025,0,0,4,22
10122,900,6,2025,0,1,4,22
10123,900,7,2025,1,1,5,22
10124,900,8,2025,1,1,1,22
10125,900,9,2025,1,1,6,22
10126,900,10,2025,1,2,1,22
10127,900,11,2025,2,1,2,22
10128,900,12,2025,2,2,2,22
10129,901,1,2025,4,3,3,22
10130,901,2,2025,1,0,5,22
10131,901,3,2025,0,0,3,22
10132,901,4,2025,3,0,4,22
10133,901,5,2025,0,3,3,22
10134,901,6,2025,2,1,6,22
10135,901,7,2025,1,0,4,22
10136,901,8,2025,3,1,3,22
10137,901,9,2025,2,0,2,22
10138,901,10,2025,1,1,1,22
10139,901,11,2025,3,0,6,22
10140,901,12,2025,2,0,4,22
10141,902,1,2025,2,2,3,22
10142,902,2,2025,1,0,3,22
10143,902,3,2025,1,2,1,22
10144,902,4,2025,2,3,3,22
10145,902,5,2025,0,0,2,22
10146,902,6,2025,2,1,4,22
10147,902,7,2025,2,6,3,22
10148,902,8,2025,4,0,3,22
10149,902,9,2025,2,2,3,22
10150,902,10,2025,2,2,4,22
10151,902,11,2025,1,0,0,22
10152,902,12,2025,1,1,1,22
10153,903,1,2025,5,0,2,22
10154,903,3,2025,3,1,4,22
10155,903,5,2025,3,3,3,22
10156,903,6,2025,2,0,2,22
10157,903,8,2025,2,1,1,22
10158,903,9,2025,7,1,4,22
10159,903,12,2025,1,2,6,22
10160,904,1,2025,0,1,5,22
10161,904,2,2025,2,2,4,22
10162,904,3,2025,1,0,4,22
10163,904,4,2025,0,2,0,22
10164,904,5,2025,2,2,1,22
10165,904,6,2025,3,0,1,22
10166,904,7,2025,1,4,3,22
10167,904,8,2025,2,0,4,22
10168,904,9,2025,2,1,6,22
10169,904,10,2025,1,0,4,22
10170,904,11,2025,2,0,1,22
10171,904,12,2025,3,1,3,22
10172,905,1,2025,2,3,0,22
10173,905,2,2025,4,1,0,22
10174,905,3,2025,2,4,5,22
10175,905,4,2025,2,2,1,22
10176,905,5,2025,0,0,6,22
10177,905,6,2025,1,2,2,22
10178,905,7,2025,2,0,1,22
10179,905,8,2025,2,1,4,22
10180,905,9,2025,2,0,5,22
10181,905,10,2025,5,1,3,22
10182,905,11,2025,5,5,5,22
10183,905,12,2025,5,1,2,22
10184,906,1,2025,1,0,0,22
10185,906,2,2025,1,0,1,22
10186,906,3,2025,1,0,2,22
10187,906,4,2025,3,0,1,22
10188,906,5,2025,1,0,3,22
10189,906,6,2025,1,2,4,22
10190,906,7,2025,3,1,1,22
10191,906,8,2025,2,0,4,22
10192,906,9,2025,0,4,4,22
10193,906,10,2025,1,2,6,22
10194,906,11,2025,2,0,5,22
10195,906,12,2025,0,3,6,22
10196,907,1,2025,4,1,2,22
10197,907,2,2025,3,0,4,22
10198,907,3,2025,0,1,1,22
10199,907,4,2025,0,1,3,22
10200,907,5,2025,1,2,3,22
10201,907,6,2025,4,1,5,22
10202,907,7,2025,0,1,2,22
10203,907,8,2025,2,1,4,22
10204,907,9,2025,1,1,2,22
10205,907,10,2025,2,1,2,22
10206,907,11,2025,1,2,2,22
10207,907,12,2025,1,0,4,22
10208,908,1,2025,1,0,4,22
10209,908,2,2025,3,3,3,22
10210,908,3,2025,3,4,3,22
10211,908,4,2025,1,1,5,22
10212,908,5,2025,3,2,2,22
10213,908,6,2025,2,3,3,22
10214,908,7,2025,1,2,2,22
10215,908,8,2025,2,4,4,22
10216,908,9,2025,2,1,2,22
10217,908,10,2025,2,1,3,22
10218,908,11,2025,2,1,2,22
10219,908,12,2025,5,2,3,22
10220,909,1,2025,1,0,6,22
10221,909,2,2025,2,1,5,22
10222,909,3,2025,3,1,4,22
10223,909,4,2025,1,1,4,22
10224,909,5,2025,1,2,4,22
10225,909,6,2025,1,1,2,22
10226,909,7,2025,0,1,7,22
10227,909,8,2025,3,0,3,22
10228,909,9,2025,0,0,4,22
10229,909,10,2025,2,1,3,22
10230,909,11,2025,3,1,5,22
10231,909,12,2025,2,0,4,22
10232,910,1,2025,1,2,3,22
10233,910,2,2025,2,3,0,22
10234,910,3,2025,6,2,4,22
10235,910,4,2025,1,6,0,22
10236,910,5,2025,2,2,4,22
10237,910,6,2025,6,2,3,22
10238,910,7,2025,6,4,2,22
10239,910,8,2025,0,3,5,22
10240,910,9,2025,0,4,1,22
10241,910,10,2025,1,5,4,22
10242,910,11,2025,4,1,2,22
10243,910,12,2025,6,1,2,22
10244,911,1,2025,1,1,1,22
10245,911,2,2025,3,1,1,22
10246,911,3,2025,3,2,2,22
10247,911,4,2025,3,3,7,22
10248,911,5,2025,4,4,3,22
10249,911,6,2025,1,1,4,22
10250,911,7,2025,2,3,2,22
10251,911,8,2025,3,2,0,22
10252,911,9,2025,3,2,2,22
10253,911,10,2025,4,0,0,22
10254,911,11,2025,5,3,1,22
10255,911,12,2025,0,2,3,22
10256,912,1,2025,3,1,6,22
10257,912,2,2025,1,0,3,22
10258,912,3,2025,1,3,1,22
10259,912,4,2025,2,2,4,22
10260,912,5,2025,2,3,3,22
10261,912,6,2025,1,1,4,22
10262,912,7,2025,2,1,3,22
10263,912,8,2025,1,2,2,22
10264,912,9,2025,4,2,5,22
10265,912,10,2025,2,3,1,22
10266,912,11,2025,2,4,5,22
10267,912,12,2025,4,1,2,22
10268,913,1,2025,2,1,2,22
10269,913,2,2025,0,0,1,22
10270,913,3,2025,2,0,1,22
10271,913,4,2025,4,1,2,22
10272,913,5,2025,3,1,5,22
10273,913,6,2025,1,0,2,22
10274,913,7,2025,2,1,2,22
10275,913,8,2025,1,2,3,22
10276,913,9,2025,0,0,4,22
10277,913,10,2025,1,0,3,22
10278,913,11,2025,2,1,2,22
10279,913,12,2025,1,1,3,22
10280,914,1,2025,2,2,1,22
10281,914,2,2025,3,1,1,22
10282,914,3,2025,2,1,1,22
10283,914,4,2025,0,0,0,22
10284,914,5,2025,1,0,2,22
10285,914,6,2025,1,1,3,22
10286,914,7,2025,4,1,2,22
10287,914,8,2025,3,0,3,22
10288,914,9,2025,4,0,5,22
10289,914,10,2025,3,1,5,22
10290,914,11,2025,2,1,3,22
10291,914,12,2025,2,2,2,22
10292,915,1,2025,2,1,4,22
10293,915,2,2025,5,5,4,22
10294,915,3,2025,4,2,2,22
10295,915,4,2025,1,2,3,22
10296,915,5,2025,2,3,2,22
10297,915,6,2025,2,2,3,22
10298,915,7,2025,2,2,3,22
10299,915,8,2025,3,2,5,22
10300,915,9,2025,2,5,5,22
10301,915,10,2025,2,2,2,22
10302,915,11,2025,1,0,3,22
10303,915,12,2025,2,3,3,22
10304,916,4,2025,1,1,2,22
10305,916,5,2025,0,0,3,22
10306,916,6,2025,1,0,4,22
10307,916,8,2025,3,1,3,22
10308,916,9,2025,1,0,2,22
10309,916,10,2025,0,1,3,22
10310,916,12,2025,0,1,3,22
10311,917,1,2025,1,2,2,22
10312,917,2,2025,2,2,1,22
10313,917,3,2025,3,0,2,22
10314,917,4,2025,2,4,2,22
10315,917,5,2025,2,2,4,22
10316,917,6,2025,3,2,4,22
10317,917,7,2025,1,4,3,22
10318,917,8,2025,2,3,3,22
10319,917,9,2025,2,5,5,22
10320,917,10,2025,3,1,2,22
10321,917,11,2025,3,3,1,22
10322,917,12,2025,2,0,3,22
10323,918,1,2025,1,1,2,22
10324,918,2,2025,1,0,4,22
10325,918,3,2025,3,2,3,22
10326,918,4,2025,3,3,5,22
10327,918,5,2025,3,0,7,22
10328,918,6,2025,1,0,1,22
10329,918,7,2025,2,1,4,22
10330,918,8,2025,2,2,2,22
10331,918,9,2025,1,3,2,22
10332,918,10,2025,0,1,1,22
10333,918,11,2025,0,2,8,22
10334,918,12,2025,0,0,0,22
10335,919,1,2025,0,2,8,22
10336,919,2,2025,3,1,1,22
10337,919,3,2025,2,0,3,22
10338,919,4,2025,2,0,2,22
10339,919,5,2025,0,0,4,22
10340,919,6,2025,4,0,1,22
10341,919,7,2025,0,1,4,22
10342,919,8,2025,1,0,3,22
10343,919,9,2025,0,1,3,22
10344,919,10,2025,2,0,4,22
10345,919,11,2025,1,1,1,22
10346,919,12,2025,1,1,1,22
10347,920,4,2025,5,3,4,22
10348,920,5,2025,1,4,6,22
10349,920,6,2025,0,1,2,22
10350,920,7,2025,3,3,2,22
10351,920,8,2025,1,3,2,22
10352,920,9,2025,1,1,2,22
10353,920,10,2025,4,4,2,22
10354,920,11,2025,1,1,5,22
10355,920,12,2025,1,4,4,22
10356,921,1,2025,2,3,8,22
10357,921,3,2025,2,1,0,22
10358,921,4,2025,2,3,5,22
10359,921,6,2025,1,1,3,22
10360,921,7,2025,5,3,3,22
10361,921,8,2025,5,3,3,22
10362,921,9,2025,3,1,9,22
10363,921,11,2025,2,3,5,22
10364,921,12,2025,3,1,2,22
10365,922,1,2025,1,0,6,22
10366,922,2,2025,2,0,6,22
10367,922,3,2025,0,1,3,22
10368,922,4,2025,1,2,1,22
10369,922,5,2025,2,0,4,22
10370,922,6,2025,0,1,3,22
10371,922,7,2025,2,0,3,22
10372,922,8,2025,2,3,4,22
10373,922,9,2025,2,5,5,22
10374,922,10,2025,2,0,1,22
10375,922,11,2025,2,3,1,22
10376,922,12,2025,1,0,4,22
10377,923,1,2025,4,3,4,22
10378,923,2,2025,4,0,1,22
10379,923,3,2025,5,1,4,22
10380,923,5,2025,2,0,4,22
10381,923,6,2025,4,1,5,22
10382,923,7,2025,2,4,0,22
10383,923,8,2025,2,4,3,22
10384,923,9,2025,1,0,6,22
10385,923,12,2025,2,2,4,22
10386,924,1,2025,2,2,2,22
10387,924,2,2025,2,4,2,22
10388,924,3,2025,1,2,3,22
10389,924,4,2025,2,1,3,22
10390,924,5,2025,4,4,5,22
10391,924,6,2025,4,1,3,22
10392,924,7,2025,1,1,2,22
10393,924,8,2025,1,1,2,22
10394,924,9,2025,2,1,4,22
10395,924,10,2025,1,1,3,22
10396,924,11,2025,2,2,3,22
10397,924,12,2025,0,1,1,22
10398,925,1,2025,2,0,1,22
10399,925,2,2025,1,1,3,22
10400,925,3,2025,2,1,0,22
10401,925,4,2025,2,1,2,22
10402,925,5,2025,2,0,1,22
10403,925,6,2025,0,1,3,22
10404,925,7,2025,2,0,5,22
10405,925,8,2025,1,2,3,22
10406,925,9,2025,0,1,4,22
10407,925,10,2025,0,2,2,22
10408,925,11,2025,3,2,2,22
10409,925,12,2025,4,0,1,22
10410,926,1,2025,1,0,0,22
10411,926,2,2025,0,1,5,22
10412,926,3,2025,1,1,7,22
10413,926,4,2025,1,1,1,22
10414,926,5,2025,0,3,4,22
10415,926,6,2025,1,3,3,22
10416,926,7,2025,3,3,4,22
10417,926,8,2025,0,1,3,22
10418,926,9,2025,2,1,2,22
10419,926,10,2025,1,1,3,22
10420,926,11,2025,2,0,2,22
10421,926,12,2025,2,1,7,22
10422,927,1,2025,3,2,2,22
10423,927,2,2025,4,2,4,22
10424,927,3,2025,5,4,3,22
10425,927,4,2025,1,4,3,22
10426,927,5,2025,5,3,2,22
10427,927,6,2025,4,3,2,22
10428,927,7,2025,0,3,5,22
10429,927,8,2025,1,1,3,22
10430,927,9,2025,3,5,1,22
10431,927,10,2025,1,2,2,22
10432,927,11,2025,3,1,3,22
10433,927,12,2025,2,1,3,22
10434,928,1,2025,0,2,1,22
10435,928,2,2025,1,3,0,22
10436,928,4,2025,2,0,2,22
10437,928,7,2025,2,1,3,22
10438,928,8,2025,0,0,3,22
10439,928,9,2025,2,4,4,22
10440,928,11,2025,2,2,7,22
10441,928,12,2025,1,1,6,22
10442,929,1,2025,0,0,4,22
10443,929,2,2025,2,2,3,22
10444,929,3,2025,4,2,4,22
10445,929,4,2025,2,1,4,22
10446,929,5,2025,0,3,1,22
10447,929,6,2025,4,0,2,22
10448,929,7,2025,0,0,3,22
10449,929,8,2025,1,1,4,22
10450,929,9,2025,1,1,1,22
10451,929,10,2025,3,0,2,22
10452,929,11,2025,2,0,2,22
10453,929,12,2025,2,0,0,22
10454,930,1,2025,3,2,4,22
10455,930,2,2025,1,0,6,22
10456,930,3,2025,0,3,2,22
10457,930,4,2025,0,1,4,22
10458,930,5,2025,1,0,3,22
10459,930,6,2025,1,4,2,22
10460,930,7,2025,2,1,5,22
10461,930,8,2025,1,0,2,22
10462,930,9,2025,1,1,1,22
10463,930,10,2025,2,4,5,22
10464,930,11,2025,1,1,4,22
10465,930,12,2025,0,2,2,22
10466,931,1,2025,2,2,1,22
10467,931,2,2025,3,4,4,22
10468,931,3,2025,3,1,1,22
10469,931,4,2025,2,2,3,22
10470,931,5,2025,3,1,6,22
10471,931,6,2025,3,0,4,22
10472,931,7,2025,1,1,5,22
10473,931,8,2025,5,2,1,22
10474,931,9,2025,4,3,2,22
10475,931,10,2025,1,2,4,22
10476,931,11,2025,1,3,2,22
10477,931,12,2025,4,5,3,22
10478,932,1,2025,1,1,2,22
10479,932,2,2025,3,2,7,22
10480,932,3,2025,0,0,2,22
10481,932,4,2025,1,0,6,22
10482,932,5,2025,0,2,4,22
10483,932,6,2025,0,0,2,22
10484,932,7,2025,2,0,2,22
10485,932,8,2025,2,0,3,22
10486,932,9,2025,1,0,3,22
10487,932,10,2025,1,2,2,22
10488,932,11,2025,1,3,7,22
10489,932,12,2025,1,3,2,22
10490,933,1,2025,1,2,3,22
10491,933,2,2025,0,1,4,22
10492,933,3,2025,3,0,6,22
10493,933,4,2025,4,2,2,22
10494,933,5,2025,1,0,4,22
10495,933,6,2025,4,1,4,22
10496,933,7,2025,0,2,2,22
10497,933,8,2025,3,1,3,22
10498,933,9,2025,1,3,3,22
10499,933,10,2025,0,0,6,22
10500,933,11,2025,2,1,2,22
10501,933,12,2025,2,2,3,22
10502,934,1,2025,2,0,2,22
10503,934,2,2025,1,0,4,22
10504,934,3,2025,0,1,4,22
10505,934,4,2025,2,1,4,22
10506,934,5,2025,2,1,3,22
10507,934,6,2025,3,0,4,22
10508,934,7,2025,1,1,4,22
10509,934,8,2025,2,0,2,22
10510,934,9,2025,4,2,3,22
10511,934,10,2025,0,1,3,22
10512,934,11,2025,0,0,6,22
10513,934,12,2025,1,0,2,22
10514,935,1,2025,2,1,1,22
10515,935,2,2025,2,1,3,22
10516,935,3,2025,0,0,5,22
10517,935,4,2025,2,0,0,22
10518,935,5,2025,0,1,2,22
10519,935,6,2025,1,2,3,22
10520,935,7,2025,0,0,0,22
10521,935,8,2025,0,1,2,22
10522,935,9,2025,3,1,2,22
10523,935,10,2025,2,0,3,22
10524,935,11,2025,1,1,2,22
10525,935,12,2025,2,1,2,22
10526,936,4,2025,4,1,4,22
10527,936,5,2025,1,1,6,22
10528,936,6,2025,1,1,1,22
10529,936,9,2025,3,2,2,22
10530,936,10,2025,1,1,2,22
10531,936,11,2025,2,1,0,22
10532,937,1,2025,2,3,0,22
10533,937,2,2025,1,0,1,22
10534,937,3,2025,0,1,3,22
10535,937,4,2025,1,1,3,22
10536,937,5,2025,1,0,5,22
10537,937,6,2025,3,2,4,22
10538,937,7,2025,4,1,3,22
10539,937,8,2025,1,2,5,22
10540,937,9,2025,1,2,2,22
10541,937,10,2025,1,0,4,22
10542,937,11,2025,1,0,1,22
10543,937,12,2025,1,2,7,22
10544,938,1,2025,3,1,4,22
10545,938,2,2025,0,1,1,22
10546,938,3,2025,1,2,3,22
10547,938,4,2025,0,0,1,22
10548,938,5,2025,1,3,3,22
10549,938,6,2025,2,1,3,22
10550,938,7,2025,2,1,6,22
10551,938,8,2025,1,2,6,22
10552,938,9,2025,1,0,2,22
10553,938,10,2025,2,1,4,22
10554,938,11,2025,0,0,2,22
10555,938,12,2025,1,1,1,22
10556,939,1,2025,1,2,1,22
10557,939,2,2025,1,0,5,22
10558,939,3,2025,3,0,5,22
10559,939,4,2025,0,1,4,22
10560,939,5,2025,2,0,3,22
10561,939,6,2025,2,1,1,22
10562,939,7,2025,2,2,2,22
10563,939,8,2025,0,1,4,22
10564,939,11,2025,1,1,4,22
10565,939,12,2025,1,0,3,22
10566,940,1,2025,2,2,2,22
10567,940,2,2025,2,4,10,22
10568,940,3,2025,1,7,2,22
10569,940,4,2025,2,2,1,22
10570,940,5,2025,3,1,2,22
10571,940,6,2025,2,2,5,22
10572,940,7,2025,1,1,2,22
10573,940,8,2025,1,6,6,22
10574,940,9,2025,3,3,1,22
10575,940,10,2025,2,4,3,22
10576,940,11,2025,3,4,3,22
10577,940,12,2025,3,0,3,22
10578,941,1,2025,1,0,4,22
10579,941,2,2025,2,1,0,22
10580,941,3,2025,2,1,2,22
10581,941,4,2025,2,0,3,22
10582,941,5,2025,1,1,5,22
10583,941,6,2025,2,0,7,22
10584,941,7,2025,3,1,2,22
10585,941,8,2025,1,0,4,22
10586,941,9,2025,2,3,4,22
10587,941,10,2025,1,1,2,22
10588,941,11,2025,4,0,2,22
10589,941,12,2025,0,3,2,22
10590,942,1,2025,0,0,2,22
10591,942,2,2025,1,1,2,22
10592,942,3,2025,3,1,5,22
10593,942,4,2025,2,2,3,22
10594,942,5,2025,2,0,5,22
10595,942,6,2025,1,1,2,22
10596,942,7,2025,0,0,4,22
10597,942,8,2025,2,1,2,22
10598,942,9,2025,1,0,2,22
10599,942,10,2025,2,2,2,22
10600,942,11,2025,5,0,2,22
10601,942,12,2025,1,3,5,22
10602,943,1,2025,5,1,5,22
10603,943,5,2025,1,0,5,22
10604,943,7,2025,2,0,1,22
10605,943,8,2025,2,1,3,22
10606,943,9,2025,1,1,5,22
10607,943,10,2025,1,0,4,22
10608,943,11,2025,0,1,4,22
10609,943,12,2025,2,0,4,22
10610,944,1,2025,1,0,2,22
10611,944,2,2025,2,3,3,22
10612,944,3,2025,0,0,3,22
10613,944,4,2025,1,2,1,22
10614,944,5,2025,1,1,5,22
10615,944,6,2025,0,2,3,22
10616,944,7,2025,3,2,6,22
10617,944,8,2025,1,0,3,22
10618,944,9,2025,1,1,3,22
10619,944,10,2025,1,0,2,22
10620,944,11,2025,2,0,4,22
10621,944,12,2025,3,1,2,22
10622,945,1,2025,2,3,5,22
10623,945,2,2025,1,1,4,22
10624,945,3,2025,1,0,2,22
10625,945,4,2025,1,1,2,22
10626,945,5,2025,2,0,4,22
10627,945,6,2025,2,0,3,22
10628,945,7,2025,1,0,0,22
10629,945,8,2025,3,1,1,22
10630,945,9,2025,1,1,3,22
10631,945,10,2025,2,1,2,22
10632,945,11,2025,2,0,3,22
10633,945,12,2025,2,1,2,22
10634,946,1,2025,1,0,5,22
10635,946,2,2025,3,0,3,22
10636,946,3,2025,0,1,1,22
10637,946,4,2025,0,1,3,22
10638,946,5,2025,1,3,4,22
10639,946,6,2025,2,0,5,22
10640,946,7,2025,0,1,2,22
10641,946,8,2025,2,1,5,22
10642,946,9,2025,0,4,6,22
10643,946,10,2025,1,0,6,22
10644,946,11,2025,3,1,6,22
10645,946,12,2025,2,2,3,22
10646,947,1,2025,2,2,2,22
10647,947,2,2025,3,5,5,22
10648,947,3,2025,3,0,4,22
10649,947,4,2025,3,2,5,22
10650,947,5,2025,0,2,1,22
10651,947,6,2025,7,2,4,22
10652,947,7,2025,2,1,6,22
10653,947,8,2025,4,2,2,22
10654,947,9,2025,1,1,2,22
10655,947,10,2025,1,2,5,22
10656,947,11,2025,8,2,1,22
10657,947,12,2025,0,1,2,22
10658,948,1,2025,0,1,1,22
10659,948,2,2025,2,0,4,22
10660,948,3,2025,1,0,5,22
10661,948,4,2025,2,2,0,22
10662,948,5,2025,2,1,1,22
10663,948,6,2025,1,1,3,22
10664,948,7,2025,1,0,3,22
10665,948,8,2025,0,2,4,22
10666,948,9,2025,3,1,6,22
10667,948,10,2025,3,0,3,22
10668,948,11,2025,0,1,3,22
10669,948,12,2025,2,1,4,22
10670,949,1,2025,1,0,5,22
10671,949,2,2025,2,1,4,22
10672,949,3,2025,5,0,3,22
10673,949,4,2025,0,2,1,22
10674,949,5,2025,0,1,1,22
10675,949,6,2025,2,1,1,22
10676,949,7,2025,1,3,2,22
10677,949,8,2025,2,0,7,22
10678,949,9,2025,1,2,4,22
10679,949,10,2025,1,0,1,22
10680,949,11,2025,3,0,0,22
10681,949,12,2025,0,1,8,22
10682,950,1,2025,1,0,2,22
10683,950,2,2025,1,2,6,22
10684,950,3,2025,1,1,2,22
10685,950,4,2025,3,0,4,22
10686,950,5,2025,1,0,0,22
10687,950,6,2025,4,2,1,22
10688,950,7,2025,4,0,7,22
10689,950,8,2025,1,0,2,22
10690,950,9,2025,1,1,3,22
10691,950,10,2025,0,1,5,22
10692,950,11,2025,1,0,5,22
10693,950,12,2025,1,0,0,22
10694,951,1,2025,3,1,3,22
10695,951,2,2025,3,0,2,22
10696,951,3,2025,2,0,1,22
10697,951,4,2025,2,1,5,22
10698,951,5,2025,2,2,1,22
10699,951,6,2025,0,1,3,22
10700,951,7,2025,1,2,3,22
10701,951,8,2025,0,1,4,22
10702,951,9,2025,2,1,3,22
10703,951,10,2025,1,4,5,22
10704,951,11,2025,6,2,5,22
10705,951,12,2025,2,0,0,22
10706,952,1,2025,2,4,2,22
10707,952,2,2025,2,0,4,22
10708,952,3,2025,4,0,0,22
10709,952,4,2025,1,3,3,22
10710,952,5,2025,1,3,5,22
10711,952,6,2025,3,0,4,22
10712,952,7,2025,1,0,4,22
10713,952,8,2025,4,0,3,22
10714,952,9,2025,4,0,3,22
10715,952,10,2025,0,0,5,22
10716,952,11,2025,1,1,7,22
10717,952,12,2025,1,5,7,22
10718,953,1,2025,3,0,3,22
10719,953,2,2025,3,2,1,22
10720,953,3,2025,3,0,6,22
10721,953,4,2025,0,3,3,22
10722,953,5,2025,3,2,3,22
10723,953,6,2025,2,1,4,22
10724,953,10,2025,0,1,1,22
10725,953,11,2025,1,1,4,22
10726,954,1,2025,2,2,8,22
10727,954,2,2025,1,1,1,22
10728,954,3,2025,2,1,5,22
10729,954,4,2025,5,0,2,22
10730,954,5,2025,1,1,5,22
10731,954,6,2025,1,0,6,22
10732,954,7,2025,2,0,1,22
10733,954,8,2025,0,1,3,22
10734,954,9,2025,1,0,2,22
10735,954,10,2025,2,2,3,22
10736,954,11,2025,1,0,5,22
10737,954,12,2025,2,2,5,22
10738,955,1,2025,3,1,2,22
10739,955,2,2025,1,2,4,22
10740,955,3,2025,2,1,4,22
10741,955,4,2025,1,0,2,22
10742,955,5,2025,4,2,2,22
10743,955,6,2025,2,1,5,22
10744,955,7,2025,2,1,3,22
10745,955,8,2025,3,1,5,22
10746,955,9,2025,2,2,6,22
10747,955,10,2025,1,1,5,22
10748,955,11,2025,1,1,4,22
10749,955,12,2025,2,0,3,22
10750,956,1,2025,0,1,5,22
10751,956,2,2025,0,2,2,22
10752,956,3,2025,2,1,2,22
10753,956,4,2025,2,0,3,22
10754,956,5,2025,0,3,1,22
10755,956,6,2025,0,1,2,22
10756,956,7,2025,3,3,1,22
10757,956,8,2025,3,0,3,22
10758,956,9,2025,3,0,2,22
10759,956,10,2025,1,1,2,22
10760,956,11,2025,0,1,2,22
10761,956,12,2025,1,1,2,22
10762,957,1,2025,0,2,1,22
10763,957,2,2025,2,0,3,22
10764,957,3,2025,0,0,5,22
10765,957,4,2025,0,0,1,22
10766,957,5,2025,0,1,3,22
10767,957,6,2025,1,1,3,22
10768,957,7,2025,3,1,3,22
10769,957,8,2025,1,2,2,22
10770,957,9,2025,1,2,3,22
10771,957,10,2025,1,0,6,22
10772,957,11,2025,1,0,0,22
10773,957,12,2025,1,1,2,22
10774,958,1,2025,2,4,3,22
10775,958,2,2025,4,3,3,22
10776,958,3,2025,7,2,3,22
10777,958,4,2025,3,4,5,22
10778,958,5,2025,0,1,3,22
10779,958,6,2025,4,2,5,22
10780,958,7,2025,3,3,3,22
10781,958,8,2025,1,3,3,22
10782,958,9,2025,2,1,2,22
10783,958,10,2025,3,3,4,22
10784,958,11,2025,2,4,1,22
10785,958,12,2025,3,2,3,22
10786,959,1,2025,1,2,1,22
10787,959,2,2025,2,1,3,22
10788,959,4,2025,3,2,4,22
10789,959,5,2025,1,1,5,22
10790,959,6,2025,2,1,4,22
10791,959,7,2025,5,3,3,22
10792,959,8,2025,2,1,1,22
10793,959,10,2025,2,2,3,22
10794,959,11,2025,3,1,3,22
10795,959,12,2025,6,3,1,22
10796,960,1,2025,1,2,2,22
10797,960,2,2025,1,0,0,22
10798,960,3,2025,1,2,0,22
10799,960,4,2025,1,3,4,22
10800,960,5,2025,0,2,3,22
10801,960,6,2025,0,0,2,22
10802,960,7,2025,5,2,2,22
10803,960,8,2025,4,0,0,22
10804,960,9,2025,1,0,7,22
10805,960,10,2025,1,2,2,22
10806,960,11,2025,1,1,4,22
10807,960,12,2025,5,1,4,22
10808,961,1,2025,2,0,3,22
10809,961,2,2025,1,0,3,22
10810,961,3,2025,1,0,3,22
10811,961,4,2025,1,1,4,22
10812,961,5,2025,3,2,1,22
10813,961,6,2025,1,1,1,22
10814,961,7,2025,0,3,4,22
10815,961,8,2025,2,0,2,22
10816,961,9,2025,1,2,8,22
10817,961,10,2025,4,2,0,22
10818,961,11,2025,2,1,2,22
10819,961,12,2025,2,3,2,22
10820,962,1,2025,1,3,4,22
10821,962,2,2025,6,1,4,22
10822,962,3,2025,3,3,1,22
10823,962,4,2025,4,1,3,22
10824,962,5,2025,0,1,1,22
10825,962,6,2025,1,3,4,22
10826,962,7,2025,3,1,1,22
10827,962,8,2025,3,1,3,22
10828,962,9,2025,1,2,3,22
10829,962,10,2025,0,3,1,22
10830,962,11,2025,1,2,6,22
10831,962,12,2025,4,3,1,22
10832,963,1,2025,1,1,3,22
10833,963,2,2025,2,1,1,22
10834,963,3,2025,1,0,3,22
10835,963,4,2025,1,1,1,22
10836,963,5,2025,1,4,5,22
10837,963,6,2025,3,2,4,22
10838,963,7,2025,2,1,3,22
10839,963,8,2025,1,1,3,22
10840,963,9,2025,3,4,5,22
10841,963,10,2025,2,3,5,22
10842,963,11,2025,1,3,6,22
10843,963,12,2025,2,0,2,22
10844,964,1,2025,1,1,1,22
10845,964,2,2025,2,0,6,22
10846,964,3,2025,1,3,1,22
10847,964,4,2025,2,1,3,22
10848,964,5,2025,2,2,1,22
10849,964,6,2025,0,3,4,22
10850,964,7,2025,1,1,3,22
10851,964,8,2025,2,0,2,22
10852,964,9,2025,2,0,3,22
10853,964,10,2025,1,1,5,22
10854,964,11,2025,2,0,3,22
10855,964,12,2025,1,0,2,22
10856,965,2,2025,0,1,3,22
10857,965,3,2025,1,1,0,22
10858,965,4,2025,2,2,5,22
10859,965,5,2025,1,1,2,22
10860,965,6,2025,0,0,4,22
10861,965,7,2025,1,1,2,22
10862,965,8,2025,4,2,5,22
10863,965,10,2025,2,0,2,22
10864,965,11,2025,0,0,6,22
10865,965,12,2025,1,0,5,22
10866,966,1,2025,1,0,4,22
10867,966,2,2025,4,1,3,22
10868,966,3,2025,2,0,2,22
10869,966,4,2025,2,0,1,22
10870,966,5,2025,0,0,4,22
10871,966,6,2025,4,0,0,22
10872,966,7,2025,2,3,5,22
10873,966,8,2025,2,0,4,22
10874,966,9,2025,1,2,3,22
10875,966,10,2025,5,0,1,22
10876,966,11,2025,2,0,4,22
10877,966,12,2025,5,2,3,22
10878,967,1,2025,3,5,4,22
10879,967,2,2025,1,0,1,22
10880,967,3,2025,3,0,2,22
10881,967,4,2025,1,2,5,22
10882,967,5,2025,5,0,4,22
10883,967,6,2025,3,2,4,22
10884,967,7,2025,1,1,1,22
10885,967,8,2025,3,0,3,22
10886,967,9,2025,1,0,3,22
10887,967,10,2025,1,2,2,22
10888,967,11,2025,1,0,3,22
10889,967,12,2025,1,0,6,22
10890,968,1,2025,0,2,2,22
10891,968,2,2025,2,1,4,22
10892,968,3,2025,0,1,4,22
10893,968,4,2025,0,2,3,22
10894,968,5,2025,0,0,1,22
10895,968,6,2025,0,0,4,22
10896,968,7,2025,2,2,8,22
10897,968,8,2025,0,0,2,22
10898,968,9,2025,4,0,1,22
10899,968,10,2025,2,0,3,22
10900,968,11,2025,2,0,3,22
10901,968,12,2025,0,1,1,22
10902,969,1,2025,3,2,4,22
10903,969,2,2025,1,3,4,22
10904,969,3,2025,3,0,2,22
10905,969,4,2025,6,2,2,22
10906,969,5,2025,2,4,5,22
10907,969,6,2025,1,1,3,22
10908,969,7,2025,2,0,3,22
10909,969,8,2025,2,4,3,22
10910,969,9,2025,2,1,5,22
10911,969,10,2025,3,2,4,22
10912,969,11,2025,4,6,4,22
10913,969,12,2025,4,2,2,22
10914,970,1,2025,2,2,4,22
10915,970,2,2025,3,6,3,22
10916,970,3,2025,0,2,6,22
10917,970,4,2025,3,1,3,22
10918,970,5,2025,2,3,2,22
10919,970,6,2025,2,1,1,22
10920,970,7,2025,1,6,3,22
10921,970,8,2025,4,4,0,22
10922,970,9,2025,4,0,4,22
10923,970,10,2025,2,1,2,22
10924,970,11,2025,1,1,0,22
10925,970,12,2025,3,2,4,22
10926,971,1,2025,1,1,3,22
10927,971,2,2025,6,1,1,22
10928,971,3,2025,2,1,2,22
10929,971,5,2025,2,1,3,22
10930,971,6,2025,2,0,3,22
10931,971,7,2025,2,0,1,22
10932,971,8,2025,4,1,3,22
10933,971,10,2025,4,0,5,22
10934,972,1,2025,1,0,3,22
10935,972,2,2025,1,0,1,22
10936,972,3,2025,1,2,1,22
10937,972,4,2025,2,1,2,22
10938,972,5,2025,0,2,4,22
10939,972,6,2025,1,1,2,22
10940,972,7,2025,0,0,1,22
10941,972,8,2025,1,3,1,22
10942,972,9,2025,2,0,2,22
10943,972,10,2025,3,1,2,22
10944,972,11,2025,2,0,3,22
10945,972,12,2025,1,1,5,22
10946,973,1,2025,2,1,3,22
10947,973,2,2025,2,0,3,22
10948,973,3,2025,3,0,4,22
10949,973,4,2025,2,0,3,22
10950,973,5,2025,1,2,5,22
10951,973,6,2025,0,5,2,22
10952,973,7,2025,3,3,2,22
10953,973,8,2025,2,0,4,22
10954,973,9,2025,0,1,1,22
10955,973,10,2025,2,3,4,22
10956,973,11,2025,1,1,1,22
10957,973,12,2025,2,1,4,22
10958,974,1,2025,1,1,3,22
10959,974,2,2025,2,1,3,22
10960,974,3,2025,0,0,2,22
10961,974,4,2025,1,0,2,22
10962,974,5,2025,4,5,2,22
10963,974,6,2025,0,1,1,22
10964,974,7,2025,1,1,5,22
10965,974,8,2025,0,1,4,22
10966,974,9,2025,2,3,2,22
10967,974,10,2025,0,3,4,22
10968,974,11,2025,0,1,4,22
10969,974,12,2025,1,0,6,22
10970,975,1,2025,1,1,1,22
10971,975,2,2025,3,1,0,22
10972,975,3,2025,4,4,4,22
10973,975,4,2025,2,2,1,22
10974,975,5,2025,1,1,2,22
10975,975,6,2025,1,3,0,22
10976,975,7,2025,1,1,3,22
10977,975,8,2025,0,0,2,22
10978,975,9,2025,1,0,2,22
10979,975,10,2025,2,0,3,22
10980,975,11,2025,4,1,3,22
10981,975,12,2025,2,3,2,22
10982,976,1,2025,3,1,1,22
10983,976,2,2025,4,1,2,22
10984,976,3,2025,1,4,4,22
10985,976,4,2025,2,1,2,22
10986,976,5,2025,6,1,3,22
10987,976,6,2025,2,2,6,22
10988,976,7,2025,2,2,4,22
10989,976,8,2025,4,2,1,22
10990,976,9,2025,2,2,5,22
10991,976,10,2025,2,2,3,22
10992,976,11,2025,1,2,1,22
10993,976,12,2025,1,1,5,22
10994,977,1,2025,2,0,1,22
10995,977,2,2025,2,0,6,22
10996,977,3,2025,3,3,1,22
10997,977,4,2025,0,1,0,22
10998,977,5,2025,1,1,1,22
10999,977,6,2025,5,3,1,22
11000,977,7,2025,3,1,4,22
11001,977,8,2025,1,1,2,22
11002,977,9,2025,0,1,4,22
11003,977,10,2025,2,0,2,22
11004,977,11,2025,3,2,1,22
11005,977,12,2025,2,1,1,22
11006,978,1,2025,1,0,5,22
11007,978,2,2025,0,1,2,22
11008,978,3,2025,0,0,3,22
11009,978,4,2025,3,4,7,22
11010,978,5,2025,5,0,3,22
11011,978,6,2025,2,1,3,22
11012,978,7,2025,2,3,2,22
11013,978,8,2025,1,1,1,22
11014,978,9,2025,1,1,3,22
11015,978,10,2025,2,0,1,22
11016,978,11,2025,2,2,2,22
11017,978,12,2025,1,0,3,22
11018,979,1,2025,0,1,4,22
11019,979,2,2025,0,1,3,22
11020,979,3,2025,5,1,3,22
11021,979,4,2025,2,0,3,22
11022,979,5,2025,4,3,2,22
11023,979,6,2025,0,1,4,22
11024,979,7,2025,3,1,2,22
11025,979,8,2025,0,0,0,22
11026,979,9,2025,1,0,1,22
11027,979,10,2025,2,0,2,22
11028,979,11,2025,3,2,2,22
11029,979,12,2025,1,1,3,22
11030,980,1,2025,0,0,1,22
11031,980,2,2025,4,1,3,22
11032,980,3,2025,2,1,4,22
11033,980,4,2025,2,0,5,22
11034,980,5,2025,1,0,2,22
11035,980,6,2025,2,2,6,22
11036,980,7,2025,2,1,1,22
11037,980,8,2025,2,2,0,22
11038,980,9,2025,3,0,2,22
11039,980,10,2025,0,1,4,22
11040,980,11,2025,1,0,5,22
11041,980,12,2025,2,0,3,22
11042,981,1,2025,1,2,1,22
11043,981,2,2025,2,0,5,22
11044,981,3,2025,3,3,5,22
11045,981,4,2025,1,2,3,22
11046,981,5,2025,2,2,5,22
11047,981,6,2025,3,2,3,22
11048,981,7,2025,3,2,2,22
11049,981,8,2025,3,1,2,22
11050,981,9,2025,3,2,4,22
11051,981,10,2025,2,1,3,22
11052,981,11,2025,3,4,4,22
11053,981,12,2025,3,1,2,22
11054,982,1,2025,1,0,6,22
11055,982,2,2025,0,2,7,22
11056,982,3,2025,3,1,1,22
11057,982,4,2025,2,1,2,22
11058,982,5,2025,2,4,4,22
11059,982,6,2025,4,2,2,22
11060,982,7,2025,2,2,2,22
11061,982,8,2025,2,0,3,22
11062,982,9,2025,2,3,3,22
11063,982,10,2025,1,0,2,22
11064,982,11,2025,3,2,1,22
11065,982,12,2025,4,1,4,22
11066,983,1,2025,1,1,3,22
11067,983,2,2025,1,0,1,22
11068,983,3,2025,1,0,2,22
11069,983,4,2025,1,3,1,22
11070,983,5,2025,2,0,2,22
11071,983,6,2025,0,1,3,22
11072,983,7,2025,1,0,3,22
11073,983,8,2025,3,3,0,22
11074,983,9,2025,4,2,3,22
11075,983,10,2025,1,1,3,22
11076,983,11,2025,3,0,3,22
11077,983,12,2025,3,1,1,22
11078,984,1,2025,3,0,1,22
11079,984,2,2025,4,0,2,22
11080,984,3,2025,0,1,5,22
11081,984,4,2025,4,1,1,22
11082,984,5,2025,0,0,7,22
11083,984,6,2025,2,1,3,22
11084,984,7,2025,2,0,3,22
11085,984,8,2025,0,0,2,22
11086,984,9,2025,2,0,4,22
11087,984,10,2025,2,2,1,22
11088,984,11,2025,3,2,3,22
11089,984,12,2025,2,0,4,22
11090,985,1,2025,7,3,3,22
11091,985,2,2025,0,1,3,22
11092,985,3,2025,1,3,4,22
11093,985,4,2025,1,5,4,22
11094,985,5,2025,1,3,2,22
11095,985,6,2025,1,1,1,22
11096,985,7,2025,3,1,4,22
11097,985,8,2025,5,2,2,22
11098,985,9,2025,1,2,5,22
11099,985,10,2025,2,1,7,22
11100,985,11,2025,0,2,4,22
11101,985,12,2025,1,1,4,22
11102,986,1,2025,0,0,0,22
11103,986,2,2025,1,0,3,22
11104,986,3,2025,3,0,0,22
11105,986,4,2025,0,1,3,22
11106,986,5,2025,1,1,5,22
11107,986,6,2025,2,2,1,22
11108,986,7,2025,3,2,2,22
11109,986,8,2025,4,2,3,22
11110,986,9,2025,0,1,3,22
11111,986,10,2025,2,0,4,22
11112,986,11,2025,3,1,5,22
11113,986,12,2025,2,2,5,22
11114,987,1,2025,0,1,6,22
11115,987,2,2025,1,2,8,22
11116,987,3,2025,2,3,4,22
11117,987,4,2025,3,3,7,22
11118,987,5,2025,5,3,5,22
11119,987,6,2025,2,1,7,22
11120,987,7,2025,2,1,2,22
11121,987,8,2025,0,2,2,22
11122,987,9,2025,3,2,5,22
11123,987,10,2025,4,2,6,22
11124,987,11,2025,2,1,1,22
11125,987,12,2025,0,4,2,22
11126,988,1,2025,3,3,6,22
11127,988,2,2025,0,1,1,22
11128,988,3,2025,0,1,6,22
11129,988,4,2025,1,1,4,22
11130,988,5,2025,1,1,3,22
11131,988,6,2025,3,0,3,22
11132,988,7,2025,2,0,3,22
11133,988,8,2025,0,1,5,22
11134,988,9,2025,1,2,3,22
11135,988,10,2025,1,0,5,22
11136,988,11,2025,0,4,1,22
11137,988,12,2025,1,1,4,22
11138,989,1,2025,1,0,2,22
11139,989,2,2025,2,0,2,22
11140,989,3,2025,1,2,5,22
11141,989,4,2025,2,0,2,22
11142,989,5,2025,2,0,3,22
11143,989,6,2025,1,1,5,22
11144,989,7,2025,4,0,7,22
11145,989,8,2025,0,0,2,22
11146,989,9,2025,2,0,5,22
11147,989,10,2025,1,0,2,22
11148,989,11,2025,2,2,3,22
11149,989,12,2025,1,0,5,22
11150,990,2,2025,2,0,4,22
11151,990,3,2025,2,1,4,22
11152,990,4,2025,2,0,1,22
11153,990,5,2025,1,4,1,22
11154,990,8,2025,3,0,5,22
11155,990,9,2025,2,0,2,22
11156,990,10,2025,4,0,2,22
11157,990,11,2025,2,1,1,22
11158,990,12,2025,2,0,2,22
11159,991,1,2025,6,7,2,22
11160,991,2,2025,1,1,4,22
11161,991,3,2025,5,2,3,22
11162,991,4,2025,2,2,4,22
11163,991,5,2025,1,3,3,22
11164,991,6,2025,1,2,5,22
11165,991,7,2025,2,2,5,22
11166,991,8,2025,2,2,3,22
11167,991,9,2025,1,1,3,22
11168,991,10,2025,7,5,6,22
11169,991,11,2025,7,1,3,22
11170,991,12,2025,0,2,3,22
11171,992,1,2025,3,0,2,22
11172,992,2,2025,7,3,3,22
11173,992,3,2025,2,2,6,22
11174,992,4,2025,4,2,3,22
11175,992,5,2025,1,2,3,22
11176,992,6,2025,2,2,6,22
11177,992,7,2025,0,2,3,22
11178,992,8,2025,1,1,0,22
11179,992,9,2025,1,1,1,22
11180,992,10,2025,4,1,1,22
11181,992,11,2025,3,1,3,22
11182,992,12,2025,2,0,3,22
11183,993,1,2025,2,1,1,22
11184,993,2,2025,2,0,4,22
11185,993,3,2025,3,1,3,22
11186,993,4,2025,1,1,5,22
11187,993,5,2025,1,2,5,22
11188,993,6,2025,3,0,2,22
11189,993,7,2025,1,0,5,22
11190,993,8,2025,0,0,5,22
11191,993,9,2025,0,1,4,22
11192,993,10,2025,1,1,2,22
11193,993,11,2025,4,1,2,22
11194,993,12,2025,2,3,3,22
11195,994,1,2025,0,0,1,22
11196,994,2,2025,2,2,4,22
11197,994,3,2025,1,2,1,22
11198,994,4,2025,4,1,2,22
11199,994,5,2025,1,2,3,22
11200,994,6,2025,1,2,2,22
11201,994,7,2025,0,0,3,22
11202,994,8,2025,2,0,0,22
11203,994,9,2025,1,3,2,22
11204,994,10,2025,1,0,4,22
11205,994,11,2025,2,1,2,22
11206,994,12,2025,0,1,3,22
11207,995,1,2025,6,4,4,22
11208,995,2,2025,3,2,4,22
11209,995,3,2025,5,1,2,22
11210,995,4,2025,1,2,4,22
11211,995,5,2025,0,4,1,22
11212,995,6,2025,3,1,2,22
11213,995,7,2025,3,4,2,22
11214,995,8,2025,2,0,3,22
11215,995,9,2025,3,3,5,22
11216,995,10,2025,3,4,3,22
11217,995,11,2025,2,2,4,22
11218,995,12,2025,1,3,6,22
11219,996,1,2025,1,1,3,22
11220,996,2,2025,1,0,3,22
11221,996,3,2025,1,0,2,22
11222,996,4,2025,1,5,2,22
11223,996,5,2025,2,1,1,22
11224,996,6,2025,5,2,2,22
11225,996,7,2025,6,0,3,22
11226,996,8,2025,3,2,3,22
11227,996,9,2025,7,2,3,22
11228,996,10,2025,3,1,4,22
11229,996,11,2025,4,1,5,22
11230,996,12,2025,1,0,3,22
11231,997,2,2025,1,1,2,22
11232,997,4,2025,1,2,5,22
11233,997,5,2025,2,0,4,22
11234,997,6,2025,3,1,3,22
11235,997,7,2025,2,0,4,22
11236,997,8,2025,1,1,7,22
11237,997,9,2025,1,0,4,22
11238,998,1,2025,2,1,1,22
11239,998,3,2025,1,1,6,22
11240,998,6,2025,1,1,5,22
11241,998,7,2025,1,0,2,22
11242,998,8,2025,3,1,2,22
11243,998,9,2025,1,2,2,22
11244,998,10,2025,0,0,2,22
11245,998,11,2025,1,1,3,22
11246,998,12,2025,3,0,3,22
11247,999,1,2025,0,1,1,22
11248,999,2,2025,1,0,0,22
11249,999,3,2025,1,2,5,22
11250,999,4,2025,1,1,4,22
11251,999,5,2025,1,1,8,22
11252,999,6,2025,2,0,3,22
11253,999,7,2025,3,2,3,22
11254,999,8,2025,2,2,5,22
11255,999,9,2025,3,1,1,22
11256,999,10,2025,0,3,2,22
11257,999,11,2025,2,3,3,22
11258,999,12,2025,1,1,0,22
11259,1000,1,2025,1,0,4,22
11260,1000,2,2025,5,1,4,22
11261,1000,3,2025,3,0,6,22
11262,1000,4,2025,1,2,1,22
11263,1000,5,2025,0,0,3,22
11264,1000,6,2025,3,1,2,22
11265,1000,7,2025,3,0,5,22
11266,1000,8,2025,5,3,0,22
11267,1000,9,2025,4,3,2,22
11268,1000,10,2025,3,1,0,22
11269,1000,11,2025,3,1,4,22
11270,1000,12,2025,0,1,2,22
11271,1001,1,2025,1,1,1,22
11272,1001,2,2025,1,1,2,22
11273,1001,3,2025,2,4,2,22
11274,1001,4,2025,4,1,1,22
11275,1001,5,2025,0,0,3,22
11276,1001,6,2025,5,1,2,22
11277,1001,7,2025,6,1,3,22
11278,1001,8,2025,1,0,1,22
11279,1001,9,2025,2,2,0,22
11280,1001,10,2025,2,1,4,22
11281,1001,11,2025,4,0,1,22
11282,1001,12,2025,1,1,0,22
11283,1002,1,2025,2,0,3,22
11284,1002,2,2025,2,0,5,22
11285,1002,3,2025,4,0,1,22
11286,1002,4,2025,0,0,2,22
11287,1002,5,2025,0,1,3,22
11288,1002,6,2025,2,1,6,22
11289,1002,7,2025,1,1,2,22
11290,1002,8,2025,0,2,3,22
11291,1002,9,2025,2,0,4,22
11292,1002,10,2025,1,2,3,22
11293,1002,11,2025,2,1,2,22
11294,1002,12,2025,2,3,4,22
11295,1003,1,2025,0,1,3,22
11296,1003,2,2025,3,1,4,22
11297,1003,3,2025,1,1,5,22
11298,1003,4,2025,3,0,2,22
11299,1003,5,2025,1,1,5,22
11300,1003,6,2025,0,1,1,22
11301,1003,7,2025,1,1,2,22
11302,1003,8,2025,0,1,2,22
11303,1003,9,2025,0,0,1,22
11304,1003,10,2025,3,0,0,22
11305,1003,11,2025,1,1,2,22
11306,1003,12,2025,4,0,4,22
11307,1004,1,2025,0,1,4,22
11308,1004,2,2025,1,1,6,22
11309,1004,3,2025,1,0,1,22
11310,1004,4,2025,2,1,2,22
11311,1004,5,2025,0,0,1,22
11312,1004,6,2025,1,0,4,22
11313,1004,7,2025,2,0,8,22
11314,1004,8,2025,3,0,5,22
11315,1004,9,2025,0,0,2,22
11316,1004,10,2025,0,0,5,22
11317,1004,11,2025,2,0,5,22
11318,1004,12,2025,3,1,5,22
11319,1005,1,2025,1,3,2,22
11320,1005,2,2025,2,5,0,22
11321,1005,3,2025,5,4,3,22
11322,1005,4,2025,0,0,1,22
11323,1005,5,2025,0,1,2,22
11324,1005,6,2025,2,1,3,22
11325,1005,7,2025,1,0,4,22
11326,1005,8,2025,4,0,5,22
11327,1005,9,2025,3,3,3,22
11328,1005,10,2025,2,3,1,22
11329,1005,11,2025,3,2,3,22
11330,1005,12,2025,1,4,2,22
11331,1006,1,2025,1,2,3,22
11332,1006,2,2025,1,1,4,22
11333,1006,3,2025,2,2,1,22
11334,1006,4,2025,3,1,3,22
11335,1006,5,2025,4,0,2,22
11336,1006,6,2025,2,1,3,22
11337,1006,7,2025,4,1,3,22
11338,1006,8,2025,3,1,3,22
11339,1006,9,2025,1,0,4,22
11340,1006,10,2025,0,0,5,22
11341,1006,11,2025,3,0,3,22
11342,1006,12,2025,0,1,3,22
11343,1007,1,2025,1,3,2,22
11344,1007,2,2025,1,3,3,22
11345,1007,3,2025,0,3,4,22
11346,1007,4,2025,3,2,3,22
11347,1007,5,2025,2,2,3,22
11348,1007,6,2025,2,4,4,22
11349,1007,7,2025,0,5,0,22
11350,1007,8,2025,1,2,7,22
11351,1007,9,2025,3,3,3,22
11352,1007,10,2025,4,0,5,22
11353,1007,11,2025,0,3,4,22
11354,1007,12,2025,3,4,8,22
11355,1008,2,2025,1,0,3,22
11356,1008,3,2025,2,0,3,22
11357,1008,4,2025,2,0,6,22
11358,1008,5,2025,1,0,3,22
11359,1008,7,2025,1,2,5,22
11360,1008,8,2025,1,0,4,22
11361,1008,9,2025,1,0,7,22
11362,1008,10,2025,1,0,2,22
11363,1008,11,2025,1,1,2,22
11364,1008,12,2025,2,3,3,22
11365,1009,1,2025,2,4,0,22
11366,1009,2,2025,3,0,3,22
11367,1009,3,2025,0,3,3,22
11368,1009,4,2025,1,0,4,22
11369,1009,5,2025,4,1,2,22
11370,1009,6,2025,6,2,0,22
11371,1009,7,2025,2,2,0,22
11372,1009,8,2025,1,3,1,22
11373,1009,9,2025,3,1,2,22
11374,1009,10,2025,4,0,2,22
11375,1009,11,2025,2,0,2,22
11376,1009,12,2025,3,2,4,22
11377,1010,1,2025,2,4,1,22
11378,1010,2,2025,1,1,2,22
11379,1010,3,2025,3,1,2,22
11380,1010,4,2025,2,1,10,22
11381,1010,5,2025,3,3,1,22
11382,1010,6,2025,4,3,2,22
11383,1010,7,2025,2,3,3,22
11384,1010,8,2025,4,1,4,22
11385,1010,9,2025,0,0,1,22
11386,1010,10,2025,4,3,2,22
11387,1010,11,2025,1,3,2,22
11388,1010,12,2025,4,4,1,22
11389,1011,1,2025,0,0,3,22
11390,1011,2,2025,1,0,3,22
11391,1011,3,2025,0,3,5,22
11392,1011,4,2025,4,2,2,22
11393,1011,5,2025,3,1,1,22
11394,1011,6,2025,2,1,3,22
11395,1011,7,2025,1,2,2,22
11396,1011,8,2025,2,1,5,22
11397,1011,9,2025,1,3,2,22
11398,1011,10,2025,1,1,3,22
11399,1011,11,2025,1,1,3,22
11400,1011,12,2025,2,1,3,22
11401,1012,1,2025,0,1,2,22
11402,1012,2,2025,2,2,5,22
11403,1012,3,2025,2,0,5,22
11404,1012,4,2025,2,2,3,22
11405,1012,5,2025,1,1,1,22
11406,1012,6,2025,1,1,3,22
11407,1012,7,2025,0,1,6,22
11408,1012,8,2025,1,0,5,22
11409,1012,9,2025,3,2,1,22
11410,1012,10,2025,1,0,0,22
11411,1012,12,2025,1,1,2,22
11412,1013,1,2025,1,0,3,22
11413,1013,2,2025,4,2,1,22
11414,1013,3,2025,1,0,1,22
11415,1013,4,2025,5,1,4,22
11416,1013,5,2025,0,1,2,22
11417,1013,6,2025,4,1,4,22
11418,1013,7,2025,2,1,1,22
11419,1013,8,2025,3,0,2,22
11420,1013,9,2025,1,1,4,22
11421,1013,10,2025,2,1,1,22
11422,1013,11,2025,2,0,4,22
11423,1013,12,2025,2,2,3,22
11424,1014,1,2025,0,0,2,22
11425,1014,2,2025,2,1,3,22
11426,1014,3,2025,1,2,2,22
11427,1014,4,2025,4,1,4,22
11428,1014,5,2025,0,0,3,22
11429,1014,6,2025,2,2,6,22
11430,1014,7,2025,1,0,1,22
11431,1014,8,2025,2,0,0,22
11432,1014,9,2025,0,2,2,22
11433,1014,10,2025,0,2,1,22
11434,1014,11,2025,2,2,2,22
11435,1014,12,2025,5,1,3,22
11436,1015,1,2025,1,1,4,22
11437,1015,2,2025,3,0,7,22
11438,1015,3,2025,5,2,1,22
11439,1015,4,2025,2,3,2,22
11440,1015,5,2025,1,1,3,22
11441,1015,6,2025,1,1,2,22
11442,1015,7,2025,1,1,0,22
11443,1015,8,2025,2,1,3,22
11444,1015,9,2025,1,3,3,22
11445,1015,10,2025,4,2,3,22
11446,1015,11,2025,1,2,3,22
11447,1015,12,2025,3,2,4,22
11448,1016,1,2025,1,1,3,22
11449,1016,2,2025,4,2,3,22
11450,1016,3,2025,1,5,4,22
11451,1016,4,2025,4,6,3,22
11452,1016,5,2025,3,0,1,22
11453,1016,6,2025,2,4,3,22
11454,1016,7,2025,2,7,6,22
11455,1016,8,2025,3,1,4,22
11456,1016,9,2025,0,1,4,22
11457,1016,10,2025,1,1,5,22
11458,1016,11,2025,3,5,4,22
11459,1016,12,2025,3,1,7,22
11460,1017,1,2025,1,1,0,22
11461,1017,2,2025,0,2,5,22
11462,1017,3,2025,2,3,3,22
11463,1017,4,2025,1,3,3,22
11464,1017,5,2025,2,2,3,22
11465,1017,6,2025,6,4,1,22
11466,1017,7,2025,2,1,6,22
11467,1017,8,2025,3,3,5,22
11468,1017,9,2025,4,4,5,22
11469,1017,10,2025,1,2,2,22
11470,1017,11,2025,0,1,5,22
11471,1017,12,2025,3,3,0,22
11472,1018,1,2025,1,2,4,22
11473,1018,2,2025,4,0,4,22
11474,1018,3,2025,0,3,2,22
11475,1018,4,2025,0,3,5,22
11476,1018,5,2025,6,1,9,22
11477,1018,6,2025,0,2,1,22
11478,1018,7,2025,3,4,5,22
11479,1018,8,2025,4,3,2,22
11480,1018,9,2025,3,1,3,22
11481,1018,10,2025,2,2,3,22
11482,1018,11,2025,0,1,2,22
11483,1018,12,2025,4,0,1,22
11484,1019,1,2025,1,1,1,22
11485,1019,2,2025,4,1,4,22
11486,1019,3,2025,1,2,4,22
11487,1019,4,2025,3,1,5,22
11488,1019,5,2025,1,1,3,22
11489,1019,6,2025,1,0,4,22
11490,1019,7,2025,1,1,1,22
11491,1019,8,2025,1,3,8,22
11492,1019,9,2025,2,2,0,22
11493,1019,10,2025,1,0,2,22
11494,1019,11,2025,5,3,2,22
11495,1019,12,2025,2,0,3,22
11496,1020,1,2025,3,0,2,22
11497,1020,2,2025,1,1,1,22
11498,1020,3,2025,1,0,1,22
11499,1020,4,2025,6,2,2,22
11500,1020,5,2025,0,3,3,22
11501,1020,6,2025,0,2,6,22
11502,1020,7,2025,3,0,1,22
11503,1020,8,2025,2,1,5,22
11504,1020,9,2025,2,0,5,22
11505,1020,10,2025,2,0,5,22
11506,1020,11,2025,2,1,7,22
11507,1020,12,2025,3,2,4,22
11508,1021,1,2025,3,0,4,22
11509,1021,4,2025,3,0,3,22
11510,1021,5,2025,2,1,1,22
11511,1021,6,2025,4,1,1,22
11512,1021,7,2025,1,1,7,22
11513,1021,9,2025,1,1,3,22
11514,1021,12,2025,3,0,5,22
11515,1022,1,2025,0,3,8,22
11516,1022,3,2025,3,5,3,22
11517,1022,5,2025,2,1,2,22
11518,1022,6,2025,1,3,1,22
11519,1022,8,2025,3,3,2,22
11520,1022,9,2025,1,1,0,22
11521,1022,10,2025,1,1,6,22
11522,1022,11,2025,4,1,0,22
11523,1023,1,2025,3,1,1,22
11524,1023,2,2025,3,2,8,22
11525,1023,3,2025,3,3,3,22
11526,1023,4,2025,2,1,5,22
11527,1023,5,2025,3,3,2,22
11528,1023,6,2025,5,4,1,22
11529,1023,7,2025,4,0,2,22
11530,1023,8,2025,3,3,1,22
11531,1023,9,2025,0,3,4,22
11532,1023,10,2025,2,2,2,22
11533,1023,11,2025,1,3,2,22
11534,1023,12,2025,0,2,6,22
11535,1024,1,2025,1,1,3,22
11536,1024,2,2025,0,0,2,22
11537,1024,3,2025,2,3,0,22
11538,1024,4,2025,4,1,1,22
11539,1024,5,2025,0,3,2,22
11540,1024,6,2025,5,3,6,22
11541,1024,7,2025,4,2,2,22
11542,1024,8,2025,1,1,4,22
11543,1024,9,2025,5,3,5,22
11544,1024,10,2025,1,1,1,22
11545,1024,11,2025,2,2,5,22
11546,1024,12,2025,4,3,1,22
11547,1025,1,2025,1,4,1,22
11548,1025,2,2025,1,1,5,22
11549,1025,3,2025,3,1,0,22
11550,1025,4,2025,1,0,2,22
11551,1025,5,2025,1,0,3,22
11552,1025,6,2025,3,3,4,22
11553,1025,7,2025,4,2,5,22
11554,1025,8,2025,2,2,7,22
11555,1025,9,2025,3,1,3,22
11556,1025,10,2025,3,4,6,22
11557,1025,11,2025,3,2,3,22
11558,1025,12,2025,2,4,2,22
11559,1026,1,2025,3,1,2,22
11560,1026,2,2025,1,2,3,22
11561,1026,3,2025,3,1,2,22
11562,1026,4,2025,2,1,4,22
11563,1026,5,2025,0,1,5,22
11564,1026,6,2025,3,2,5,22
11565,1026,7,2025,3,0,0,22
11566,1026,8,2025,0,0,3,22
11567,1026,9,2025,2,4,3,22
11568,1026,10,2025,1,1,3,22
11569,1026,11,2025,4,0,3,22
11570,1026,12,2025,2,1,5,22
11571,1027,1,2025,2,0,1,22
11572,1027,2,2025,1,1,0,22
11573,1027,3,2025,1,0,3,22
11574,1027,4,2025,1,0,4,22
11575,1027,5,2025,1,3,2,22
11576,1027,6,2025,1,0,4,22
11577,1027,7,2025,2,1,3,22
11578,1027,8,2025,1,3,1,22
11579,1027,9,2025,0,0,2,22
11580,1027,10,2025,1,2,2,22
11581,1027,11,2025,2,1,5,22
11582,1027,12,2025,3,2,5,22
11583,1028,1,2025,3,2,2,22
11584,1028,2,2025,5,1,5,22
11585,1028,3,2025,5,3,5,22
11586,1028,4,2025,1,2,4,22
11587,1028,5,2025,1,1,1,22
11588,1028,6,2025,2,0,8,22
11589,1028,7,2025,2,0,3,22
11590,1028,8,2025,2,5,3,22
11591,1028,9,2025,1,2,6,22
11592,1028,10,2025,3,2,3,22
11593,1028,11,2025,4,1,3,22
11594,1028,12,2025,3,2,0,22
11595,1029,1,2025,2,0,4,22
11596,1029,2,2025,6,0,4,22
11597,1029,3,2025,4,0,3,22
11598,1029,4,2025,4,0,5,22
11599,1029,5,2025,0,0,3,22
11600,1029,6,2025,2,1,0,22
11601,1029,7,2025,1,1,1,22
11602,1029,8,2025,4,1,2,22
11603,1029,9,2025,1,0,2,22
11604,1029,10,2025,0,0,4,22
11605,1029,11,2025,0,0,2,22
11606,1029,12,2025,3,0,1,22
11607,1030,1,2025,3,1,3,22
11608,1030,2,2025,4,1,4,22
11609,1030,3,2025,0,0,0,22
11610,1030,4,2025,3,1,8,22
11611,1030,5,2025,3,1,6,22
11612,1030,6,2025,1,2,1,22
11613,1030,7,2025,0,5,1,22
11614,1030,8,2025,1,2,1,22
11615,1030,9,2025,2,2,1,22
11616,1030,10,2025,1,2,3,22
11617,1030,11,2025,1,0,3,22
11618,1030,12,2025,1,0,2,22
11619,1031,1,2025,3,0,4,22
11620,1031,2,2025,3,1,2,22
11621,1031,3,2025,1,2,1,22
11622,1031,4,2025,1,0,4,22
11623,1031,5,2025,0,0,3,22
11624,1031,6,2025,1,0,9,22
11625,1031,7,2025,2,0,3,22
11626,1031,8,2025,0,2,3,22
11627,1031,9,2025,3,1,1,22
11628,1031,10,2025,1,3,4,22
11629,1031,11,2025,1,0,4,22
11630,1031,12,2025,3,1,3,22
11631,1032,1,2025,2,0,3,22
11632,1032,2,2025,0,1,1,22
11633,1032,3,2025,0,2,2,22
11634,1032,4,2025,0,1,2,22
11635,1032,5,2025,1,1,3,22
11636,1032,6,2025,0,2,2,22
11637,1032,7,2025,1,0,3,22
11638,1032,8,2025,2,3,6,22
11639,1032,9,2025,0,1,2,22
11640,1032,10,2025,0,0,8,22
11641,1032,11,2025,2,1,2,22
11642,1032,12,2025,1,0,1,22
11643,1033,1,2025,3,2,2,22
11644,1033,2,2025,3,3,6,22
11645,1033,3,2025,2,3,3,22
11646,1033,4,2025,1,0,3,22
11647,1033,5,2025,3,2,5,22
11648,1033,6,2025,2,0,3,22
11649,1033,7,2025,0,1,1,22
11650,1033,8,2025,3,1,1,22
11651,1033,9,2025,1,3,5,22
11652,1033,10,2025,3,0,1,22
11653,1033,11,2025,1,3,5,22
11654,1033,12,2025,3,1,2,22
11655,1034,1,2025,3,2,1,22
11656,1034,2,2025,4,0,3,22
11657,1034,3,2025,2,2,2,22
11658,1034,4,2025,4,0,4,22
11659,1034,5,2025,0,1,4,22
11660,1034,6,2025,5,1,3,22
11661,1034,7,2025,0,0,2,22
11662,1034,8,2025,2,2,4,22
11663,1034,9,2025,1,0,4,22
11664,1034,10,2025,3,1,5,22
11665,1034,11,2025,0,1,2,22
11666,1034,12,2025,1,1,3,22
11667,1035,1,2025,3,6,3,22
11668,1035,5,2025,1,5,1,22
11669,1035,7,2025,4,1,2,22
11670,1035,8,2025,3,1,4,22
11671,1035,9,2025,6,1,4,22
11672,1035,10,2025,3,4,3,22
11673,1035,12,2025,3,5,2,22
11674,1036,2,2025,3,0,3,22
11675,1036,3,2025,2,0,3,22
11676,1036,4,2025,1,2,3,22
11677,1036,5,2025,1,3,7,22
11678,1036,6,2025,1,2,2,22
11679,1036,9,2025,1,1,1,22
11680,1036,11,2025,3,1,1,22
11681,1036,12,2025,1,1,1,22
11682,1037,1,2025,2,1,3,22
11683,1037,2,2025,2,2,7,22
11684,1037,3,2025,5,2,5,22
11685,1037,4,2025,4,3,2,22
11686,1037,5,2025,0,1,7,22
11687,1037,6,2025,4,3,3,22
11688,1037,7,2025,4,3,3,22
11689,1037,8,2025,1,2,6,22
11690,1037,9,2025,5,2,2,22
11691,1037,10,2025,6,4,6,22
11692,1037,11,2025,2,0,2,22
11693,1037,12,2025,4,4,4,22
11694,1038,1,2025,1,0,0,22
11695,1038,2,2025,2,1,2,22
11696,1038,3,2025,2,0,5,22
11697,1038,4,2025,5,3,2,22
11698,1038,5,2025,1,1,3,22
11699,1038,6,2025,2,0,4,22
11700,1038,7,2025,0,0,1,22
11701,1038,8,2025,2,2,5,22
11702,1038,9,2025,2,0,3,22
11703,1038,12,2025,1,2,1,22
11704,1039,1,2025,2,1,2,22
11705,1039,2,2025,2,2,4,22
11706,1039,3,2025,1,3,2,22
11707,1039,4,2025,2,4,3,22
11708,1039,5,2025,1,2,1,22
11709,1039,6,2025,2,1,4,22
11710,1039,7,2025,4,2,5,22
11711,1039,8,2025,3,1,1,22
11712,1039,9,2025,3,2,2,22
11713,1039,10,2025,4,3,1,22
11714,1039,11,2025,5,0,4,22
11715,1039,12,2025,1,0,4,22
11716,1040,1,2025,3,1,1,22
11717,1040,2,2025,1,0,3,22
11718,1040,3,2025,1,0,2,22
11719,1040,4,2025,2,0,3,22
11720,1040,5,2025,4,2,5,22
11721,1040,6,2025,1,1,2,22
11722,1040,7,2025,1,1,2,22
11723,1040,8,2025,1,2,5,22
11724,1040,9,2025,0,0,5,22
11725,1040,10,2025,0,1,3,22
11726,1040,11,2025,0,1,6,22
11727,1040,12,2025,7,1,3,22
11728,1041,4,2025,0,1,5,22
11729,1041,5,2025,1,0,1,22
11730,1041,7,2025,1,0,4,22
11731,1041,8,2025,2,0,1,22
11732,1041,10,2025,0,1,5,22
11733,1041,12,2025,2,2,2,22
11734,1042,1,2025,1,0,1,22
11735,1042,2,2025,2,0,3,22
11736,1042,3,2025,0,1,2,22
11737,1042,4,2025,2,2,1,22
11738,1042,5,2025,1,1,6,22
11739,1042,6,2025,3,2,6,22
11740,1042,7,2025,6,1,8,22
11741,1042,8,2025,0,3,3,22
11742,1042,9,2025,0,1,3,22
11743,1042,10,2025,3,0,4,22
11744,1042,11,2025,0,2,4,22
11745,1042,12,2025,3,0,3,22
11746,1043,1,2025,2,4,4,22
11747,1043,3,2025,0,1,4,22
11748,1043,4,2025,2,1,8,22
11749,1043,6,2025,3,0,2,22
11750,1043,7,2025,1,1,2,22
11751,1043,9,2025,3,3,1,22
11752,1043,10,2025,1,1,1,22
11753,1044,1,2025,1,0,2,22
11754,1044,2,2025,0,1,3,22
11755,1044,3,2025,2,1,0,22
11756,1044,4,2025,0,3,3,22
11757,1044,5,2025,0,2,3,22
11758,1044,6,2025,2,1,5,22
11759,1044,7,2025,0,2,2,22
11760,1044,8,2025,0,0,3,22
11761,1044,9,2025,1,3,2,22
11762,1044,10,2025,3,1,5,22
11763,1044,11,2025,2,1,3,22
11764,1044,12,2025,1,0,7,22
11765,1045,2,2025,3,2,3,22
11766,1045,4,2025,3,2,3,22
11767,1045,6,2025,4,3,2,22
11768,1045,7,2025,4,5,6,22
11769,1045,8,2025,2,1,2,22
11770,1045,10,2025,1,2,6,22
11771,1045,11,2025,3,2,4,22
11772,1045,12,2025,3,4,4,22
11773,1046,1,2025,1,1,0,22
11774,1046,2,2025,2,1,2,22
11775,1046,3,2025,1,0,4,22
11776,1046,4,2025,1,0,4,22
11777,1046,5,2025,0,1,3,22
11778,1046,6,2025,1,1,4,22
11779,1046,7,2025,1,0,2,22
11780,1046,8,2025,2,0,2,22
11781,1046,9,2025,0,1,2,22
11782,1046,10,2025,1,1,1,22
11783,1046,11,2025,1,0,6,22
11784,1046,12,2025,0,2,2,22
11785,1047,1,2025,0,1,3,22
11786,1047,2,2025,1,0,3,22
11787,1047,3,2025,3,1,1,22
11788,1047,4,2025,2,1,4,22
11789,1047,5,2025,6,3,3,22
11790,1047,6,2025,2,3,6,22
11791,1047,11,2025,0,1,3,22
11792,1047,12,2025,0,0,5,22
11793,1048,1,2025,1,4,2,22
11794,1048,2,2025,4,1,3,22
11795,1048,3,2025,1,1,2,22
11796,1048,4,2025,4,3,4,22
11797,1048,5,2025,2,0,4,22
11798,1048,6,2025,4,3,5,22
11799,1048,7,2025,3,1,2,22
11800,1048,8,2025,2,4,1,22
11801,1048,9,2025,4,2,5,22
11802,1048,10,2025,1,1,3,22
11803,1048,11,2025,0,0,2,22
11804,1048,12,2025,2,4,5,22
11805,1049,1,2025,2,1,0,22
11806,1049,2,2025,1,1,4,22
11807,1049,3,2025,3,3,1,22
11808,1049,4,2025,1,1,2,22
11809,1049,5,2025,2,1,2,22
11810,1049,6,2025,0,0,2,22
11811,1049,7,2025,1,2,6,22
11812,1049,8,2025,0,1,2,22
11813,1049,9,2025,1,0,3,22
11814,1049,10,2025,0,1,1,22
11815,1049,11,2025,0,2,1,22
11816,1049,12,2025,1,0,3,22
11817,1050,1,2025,1,0,5,22
11818,1050,2,2025,2,1,5,22
11819,1050,3,2025,0,0,5,22
11820,1050,6,2025,1,1,0,22
11821,1050,8,2025,1,0,8,22
11822,1050,9,2025,5,0,5,22
11823,1050,10,2025,2,1,2,22
11824,1050,11,2025,1,0,2,22
11825,1050,12,2025,1,0,1,22
11826,1051,1,2025,1,0,1,22
11827,1051,2,2025,0,1,5,22
11828,1051,3,2025,2,0,3,22
11829,1051,4,2025,0,0,3,22
11830,1051,5,2025,0,1,2,22
11831,1051,6,2025,0,1,3,22
11832,1051,7,2025,2,0,6,22
11833,1051,8,2025,1,0,2,22
11834,1051,9,2025,2,1,3,22
11835,1051,10,2025,3,2,3,22
11836,1051,11,2025,1,1,3,22
11837,1051,12,2025,2,1,4,22
11838,1052,1,2025,1,0,2,22
11839,1052,2,2025,2,2,8,22
11840,1052,3,2025,0,0,3,22
11841,1052,4,2025,2,1,3,22
11842,1052,5,2025,2,0,4,22
11843,1052,6,2025,1,0,2,22
11844,1052,7,2025,0,3,3,22
11845,1052,8,2025,1,3,4,22
11846,1052,9,2025,2,2,8,22
11847,1052,10,2025,0,0,2,22
11848,1052,11,2025,0,1,1,22
11849,1052,12,2025,1,0,6,22
11850,1053,1,2025,0,1,3,22
11851,1053,2,2025,5,0,5,22
11852,1053,3,2025,1,1,3,22
11853,1053,4,2025,1,0,4,22
11854,1053,5,2025,3,0,3,22
11855,1053,6,2025,1,0,1,22
11856,1053,7,2025,0,0,1,22
11857,1053,8,2025,2,1,3,22
11858,1053,9,2025,2,1,4,22
11859,1053,10,2025,1,1,8,22
11860,1053,11,2025,4,0,3,22
11861,1053,12,2025,2,0,6,22
11862,1054,1,2025,4,3,7,22
11863,1054,2,2025,3,5,2,22
11864,1054,3,2025,4,1,6,22
11865,1054,4,2025,0,0,1,22
11866,1054,5,2025,0,4,4,22
11867,1054,6,2025,1,0,1,22
11868,1054,7,2025,0,2,5,22
11869,1054,8,2025,2,1,4,22
11870,1054,9,2025,1,2,3,22
11871,1054,10,2025,1,3,3,22
11872,1054,11,2025,3,2,4,22
11873,1054,12,2025,4,5,3,22
11874,1055,3,2025,1,1,7,22
11875,1055,4,2025,4,0,1,22
11876,1055,6,2025,2,0,5,22
11877,1055,7,2025,2,0,2,22
11878,1055,8,2025,1,0,4,22
11879,1055,9,2025,1,0,1,22
11880,1055,10,2025,2,1,3,22
11881,1056,1,2025,2,0,1,22
11882,1056,2,2025,1,1,2,22
11883,1056,3,2025,2,1,2,22
11884,1056,4,2025,1,0,2,22
11885,1056,5,2025,2,0,3,22
11886,1056,6,2025,1,2,2,22
11887,1056,7,2025,1,1,4,22
11888,1056,8,2025,2,0,3,22
11889,1056,9,2025,1,2,5,22
11890,1056,10,2025,1,2,4,22
11891,1056,11,2025,0,0,4,22
11892,1056,12,2025,1,1,0,22
11893,1057,1,2025,1,0,8,22
11894,1057,2,2025,3,1,3,22
11895,1057,6,2025,2,1,1,22
11896,1057,7,2025,0,1,5,22
11897,1057,8,2025,0,1,2,22
11898,1057,9,2025,0,1,6,22
11899,1057,10,2025,2,1,3,22
11900,1057,12,2025,2,0,6,22
11901,1058,1,2025,1,1,2,22
11902,1058,2,2025,3,0,3,22
11903,1058,3,2025,3,3,5,22
11904,1058,4,2025,1,1,2,22
11905,1058,5,2025,4,5,2,22
11906,1058,6,2025,4,2,1,22
11907,1058,7,2025,2,3,2,22
11908,1058,8,2025,0,4,1,22
11909,1058,9,2025,3,2,3,22
11910,1058,10,2025,3,2,1,22
11911,1058,11,2025,2,3,0,22
11912,1058,12,2025,2,2,2,22
11913,1059,1,2025,2,0,7,22
11914,1059,2,2025,1,0,5,22
11915,1059,3,2025,3,2,2,22
11916,1059,5,2025,2,0,3,22
11917,1059,6,2025,3,0,4,22
11918,1059,7,2025,2,1,4,22
11919,1059,8,2025,2,1,3,22
11920,1059,9,2025,2,1,4,22
11921,1059,10,2025,0,1,4,22
11922,1059,11,2025,0,1,1,22
11923,1059,12,2025,2,2,0,22
11924,1060,1,2025,5,2,5,22
11925,1060,2,2025,1,1,5,22
11926,1060,3,2025,1,3,2,22
11927,1060,4,2025,2,2,4,22
11928,1060,5,2025,5,1,2,22
11929,1060,6,2025,2,0,2,22
11930,1060,7,2025,0,1,2,22
11931,1060,8,2025,0,3,4,22
11932,1060,9,2025,1,2,4,22
11933,1060,10,2025,3,0,6,22
11934,1060,11,2025,1,0,3,22
11935,1060,12,2025,0,1,3,22
11936,1061,1,2025,2,1,2,22
11937,1061,2,2025,3,1,2,22
11938,1061,3,2025,3,0,2,22
11939,1061,4,2025,1,1,2,22
11940,1061,5,2025,2,1,4,22
11941,1061,6,2025,1,1,2,22
11942,1061,7,2025,3,2,2,22
11943,1061,8,2025,0,1,4,22
11944,1061,9,2025,4,1,6,22
11945,1061,10,2025,2,3,4,22
11946,1061,11,2025,3,1,2,22
11947,1061,12,2025,1,2,5,22
11948,1062,1,2025,3,2,7,22
11949,1062,2,2025,4,2,5,22
11950,1062,3,2025,0,0,2,22
11951,1062,4,2025,3,0,4,22
11952,1062,5,2025,0,0,2,22
11953,1062,6,2025,2,1,5,22
11954,1062,7,2025,2,2,2,22
11955,1062,8,2025,1,1,2,22
11956,1062,9,2025,2,1,4,22
11957,1062,10,2025,1,3,2,22
11958,1062,11,2025,2,1,1,22
11959,1062,12,2025,0,1,2,22
11960,1063,1,2025,2,0,4,22
11961,1063,2,2025,1,3,4,22
11962,1063,3,2025,2,1,2,22
11963,1063,4,2025,1,1,4,22
11964,1063,5,2025,3,0,2,22
11965,1063,6,2025,1,1,2,22
11966,1063,7,2025,1,1,2,22
11967,1063,8,2025,2,1,7,22
11968,1063,9,2025,3,1,3,22
11969,1063,10,2025,2,0,4,22
11970,1063,11,2025,0,0,4,22
11971,1063,12,2025,2,2,3,22
11972,1064,1,2025,1,1,1,22
11973,1064,2,2025,0,1,5,22
11974,1064,3,2025,4,0,4,22
11975,1064,4,2025,2,1,3,22
11976,1064,5,2025,2,1,4,22
11977,1064,6,2025,3,0,1,22
11978,1064,7,2025,1,0,3,22
11979,1064,8,2025,1,2,3,22
11980,1064,9,2025,3,1,2,22
11981,1064,10,2025,0,1,2,22
11982,1064,11,2025,0,2,2,22
11983,1064,12,2025,1,1,2,22
11984,1065,1,2025,2,1,2,22
11985,1065,2,2025,1,0,2,22
11986,1065,3,2025,1,2,5,22
11987,1065,5,2025,5,0,2,22
11988,1065,6,2025,1,1,1,22
11989,1065,8,2025,3,2,3,22
11990,1065,10,2025,1,1,3,22
11991,1065,12,2025,2,2,5,22
11992,1066,1,2025,5,0,4,22
11993,1066,2,2025,0,0,2,22
11994,1066,3,2025,1,1,6,22
11995,1066,4,2025,1,0,1,22
11996,1066,5,2025,0,0,2,22
11997,1066,6,2025,0,1,4,22
11998,1066,7,2025,3,1,8,22
11999,1066,8,2025,0,2,3,22
12000,1066,9,2025,1,2,4,22
12001,1066,10,2025,3,3,6,22
12002,1066,11,2025,1,2,6,22
12003,1066,12,2025,2,1,4,22
12004,1067,1,2025,2,0,1,22
12005,1067,2,2025,0,1,0,22
12006,1067,3,2025,2,2,0,22
12007,1067,4,2025,1,0,4,22
12008,1067,5,2025,3,1,1,22
12009,1067,6,2025,1,1,5,22
12010,1067,7,2025,2,1,5,22
12011,1067,8,2025,2,1,8,22
12012,1067,9,2025,1,4,2,22
12013,1067,10,2025,1,2,3,22
12014,1067,11,2025,1,2,5,22
12015,1067,12,2025,3,0,4,22
12016,1068,1,2025,1,0,4,22
12017,1068,2,2025,2,4,5,22
12018,1068,3,2025,2,3,4,22
12019,1068,4,2025,3,4,4,22
12020,1068,5,2025,3,7,4,22
12021,1068,6,2025,0,3,2,22
12022,1068,7,2025,5,2,3,22
12023,1068,8,2025,3,4,2,22
12024,1068,9,2025,2,1,2,22
12025,1068,10,2025,4,0,2,22
12026,1068,11,2025,2,2,4,22
12027,1068,12,2025,3,1,1,22
12028,1069,1,2025,0,0,2,22
12029,1069,2,2025,2,1,3,22
12030,1069,3,2025,1,4,1,22
12031,1069,4,2025,1,0,2,22
12032,1069,5,2025,0,0,1,22
12033,1069,6,2025,1,2,3,22
12034,1069,7,2025,1,0,2,22
12035,1069,8,2025,2,2,3,22
12036,1069,9,2025,2,3,5,22
12037,1069,10,2025,1,0,1,22
12038,1069,11,2025,3,0,3,22
12039,1069,12,2025,2,2,1,22
12040,1070,1,2025,2,1,6,22
12041,1070,2,2025,2,0,1,22
12042,1070,3,2025,3,1,6,22
12043,1070,4,2025,2,0,3,22
12044,1070,5,2025,1,0,2,22
12045,1070,6,2025,3,0,0,22
12046,1070,7,2025,1,0,1,22
12047,1070,8,2025,0,2,6,22
12048,1070,9,2025,2,0,1,22
12049,1070,10,2025,5,1,4,22
12050,1070,11,2025,0,1,5,22
12051,1070,12,2025,1,0,2,22
12052,1071,1,2025,0,2,5,22
12053,1071,2,2025,1,1,1,22
12054,1071,3,2025,1,0,2,22
12055,1071,4,2025,1,2,1,22
12056,1071,5,2025,1,0,2,22
12057,1071,6,2025,2,1,2,22
12058,1071,7,2025,1,1,1,22
12059,1071,8,2025,2,1,5,22
12060,1071,9,2025,1,2,3,22
12061,1071,10,2025,2,3,3,22
12062,1071,11,2025,5,2,4,22
12063,1071,12,2025,0,2,2,22
12064,1072,1,2025,0,2,1,22
12065,1072,2,2025,3,1,4,22
12066,1072,3,2025,0,1,2,22
12067,1072,4,2025,2,1,2,22
12068,1072,5,2025,6,1,5,22
12069,1072,6,2025,5,3,2,22
12070,1072,7,2025,2,3,4,22
12071,1072,8,2025,3,2,2,22
12072,1072,9,2025,1,1,3,22
12073,1072,10,2025,3,5,3,22
12074,1072,11,2025,4,1,2,22
12075,1072,12,2025,5,1,3,22
12076,1073,1,2025,3,1,5,22
12077,1073,2,2025,4,2,2,22
12078,1073,3,2025,1,4,5,22
12079,1073,4,2025,1,0,3,22
12080,1073,5,2025,3,0,3,22
12081,1073,6,2025,6,1,5,22
12082,1073,7,2025,2,3,2,22
12083,1073,8,2025,5,0,0,22
12084,1073,9,2025,2,2,3,22
12085,1073,10,2025,3,1,2,22
12086,1073,11,2025,2,1,0,22
12087,1073,12,2025,1,4,4,22
12088,1074,1,2025,0,0,1,22
12089,1074,2,2025,0,1,2,22
12090,1074,3,2025,3,1,0,22
12091,1074,4,2025,3,0,3,22
12092,1074,5,2025,1,1,0,22
12093,1074,6,2025,1,1,1,22
12094,1074,7,2025,2,1,2,22
12095,1074,8,2025,0,1,5,22
12096,1074,9,2025,1,1,0,22
12097,1074,10,2025,0,0,7,22
12098,1074,11,2025,5,0,3,22
12099,1074,12,2025,2,2,3,22
12100,1075,1,2025,1,1,6,22
12101,1075,2,2025,1,1,1,22
12102,1075,3,2025,5,1,2,22
12103,1075,5,2025,2,2,4,22
12104,1075,6,2025,1,2,1,22
12105,1075,7,2025,3,0,4,22
12106,1075,8,2025,0,1,8,22
12107,1075,9,2025,2,0,5,22
12108,1075,10,2025,2,1,3,22
12109,1075,11,2025,1,1,3,22
12110,1075,12,2025,0,1,1,22
12111,1076,1,2025,0,2,5,22
12112,1076,2,2025,3,1,3,22
12113,1076,3,2025,1,1,6,22
12114,1076,4,2025,1,2,4,22
12115,1076,5,2025,2,1,4,22
12116,1076,6,2025,1,0,1,22
12117,1076,7,2025,0,0,1,22
12118,1076,8,2025,5,2,8,22
12119,1076,9,2025,1,0,3,22
12120,1076,10,2025,3,3,0,22
12121,1076,11,2025,2,1,2,22
12122,1076,12,2025,2,0,1,22
12123,1077,1,2025,5,1,5,22
12124,1077,2,2025,1,0,2,22
12125,1077,3,2025,3,0,4,22
12126,1077,4,2025,1,1,2,22
12127,1077,5,2025,1,0,5,22
12128,1077,7,2025,2,2,3,22
12129,1077,10,2025,2,2,2,22
12130,1077,12,2025,2,0,1,22
12131,1078,1,2025,1,0,2,22
12132,1078,2,2025,2,1,3,22
12133,1078,3,2025,2,2,1,22
12134,1078,4,2025,1,0,3,22
12135,1078,5,2025,3,1,2,22
12136,1078,6,2025,6,1,2,22
12137,1078,7,2025,1,0,4,22
12138,1078,8,2025,3,2,1,22
12139,1078,9,2025,1,1,3,22
12140,1078,10,2025,1,0,6,22
12141,1078,11,2025,3,3,3,22
12142,1078,12,2025,1,0,3,22
12143,1079,1,2025,0,2,1,22
12144,1079,2,2025,0,2,0,22
12145,1079,3,2025,1,0,1,22
12146,1079,4,2025,2,3,2,22
12147,1079,5,2025,2,1,0,22
12148,1079,6,2025,3,2,2,22
12149,1079,7,2025,2,0,7,22
12150,1079,8,2025,0,2,5,22
12151,1079,9,2025,4,0,5,22
12152,1079,10,2025,1,1,2,22
12153,1079,11,2025,0,1,2,22
12154,1079,12,2025,0,2,0,22
12155,1080,1,2025,5,2,4,22
12156,1080,2,2025,4,2,3,22
12157,1080,3,2025,0,1,3,22
12158,1080,4,2025,2,1,2,22
12159,1080,5,2025,4,0,5,22
12160,1080,6,2025,4,3,4,22
12161,1080,7,2025,1,2,5,22
12162,1080,8,2025,1,0,2,22
12163,1080,9,2025,1,0,4,22
12164,1080,10,2025,1,1,6,22
12165,1080,11,2025,1,1,3,22
12166,1080,12,2025,1,1,3,22
12167,1081,1,2025,1,3,3,22
12168,1081,2,2025,1,0,2,22
12169,1081,3,2025,1,1,2,22
12170,1081,4,2025,1,1,5,22
12171,1081,5,2025,1,2,5,22
12172,1081,6,2025,3,1,1,22
12173,1081,7,2025,1,0,5,22
12174,1081,8,2025,2,0,4,22
12175,1081,9,2025,0,2,2,22
12176,1081,10,2025,1,1,7,22
12177,1081,11,2025,2,1,5,22
12178,1081,12,2025,1,3,5,22
12179,1082,1,2025,1,2,2,22
12180,1082,2,2025,4,1,7,22
12181,1082,3,2025,0,3,4,22
12182,1082,4,2025,4,3,4,22
12183,1082,5,2025,5,1,0,22
12184,1082,6,2025,4,0,1,22
12185,1082,7,2025,2,3,4,22
12186,1082,8,2025,3,1,1,22
12187,1082,9,2025,1,2,1,22
12188,1082,10,2025,1,1,6,22
12189,1082,11,2025,0,3,3,22
12190,1082,12,2025,6,2,4,22
12191,1083,2,2025,2,1,2,22
12192,1083,3,2025,0,2,1,22
12193,1083,4,2025,1,0,3,22
12194,1083,5,2025,2,1,3,22
12195,1083,7,2025,2,1,1,22
12196,1083,10,2025,1,1,3,22
12197,1084,1,2025,1,0,2,22
12198,1084,2,2025,1,1,2,22
12199,1084,4,2025,1,1,0,22
12200,1084,5,2025,1,3,2,22
12201,1084,7,2025,1,1,1,22
12202,1084,9,2025,2,1,1,22
12203,1084,10,2025,0,2,6,22
12204,1084,11,2025,0,1,3,22
12205,1084,12,2025,0,0,1,22
12206,1085,1,2025,4,1,2,22
12207,1085,2,2025,2,2,2,22
12208,1085,3,2025,0,1,1,22
12209,1085,4,2025,1,0,3,22
12210,1085,5,2025,2,1,5,22
12211,1085,6,2025,2,1,5,22
12212,1085,7,2025,1,1,3,22
12213,1085,8,2025,2,1,2,22
12214,1085,9,2025,0,3,5,22
12215,1085,10,2025,2,0,2,22
12216,1085,11,2025,3,5,2,22
12217,1085,12,2025,0,1,6,22
12218,1086,1,2025,1,1,2,22
12219,1086,2,2025,1,0,2,22
12220,1086,3,2025,0,0,0,22
12221,1086,4,2025,1,0,6,22
12222,1086,5,2025,4,0,2,22
12223,1086,6,2025,4,1,3,22
12224,1086,7,2025,1,2,5,22
12225,1086,8,2025,2,3,4,22
12226,1086,9,2025,1,0,6,22
12227,1086,10,2025,0,1,4,22
12228,1086,11,2025,3,2,2,22
12229,1086,12,2025,5,2,4,22
12230,1087,1,2025,1,0,3,22
12231,1087,2,2025,4,3,1,22
12232,1087,3,2025,3,1,8,22
12233,1087,4,2025,2,3,3,22
12234,1087,5,2025,4,4,2,22
12235,1087,6,2025,3,0,3,22
12236,1087,7,2025,1,1,4,22
12237,1087,8,2025,1,0,2,22
12238,1087,9,2025,1,2,1,22
12239,1087,10,2025,1,4,3,22
12240,1087,11,2025,4,2,2,22
12241,1087,12,2025,3,2,2,22
12242,1088,1,2025,1,0,3,22
12243,1088,2,2025,2,1,5,22
12244,1088,3,2025,3,1,3,22
12245,1088,4,2025,1,1,3,22
12246,1088,5,2025,1,1,0,22
12247,1088,6,2025,4,2,0,22
12248,1088,7,2025,0,1,3,22
12249,1088,8,2025,3,1,2,22
12250,1088,9,2025,0,2,4,22
12251,1088,10,2025,2,2,2,22
12252,1088,11,2025,1,1,2,22
12253,1088,12,2025,3,2,1,22
12254,1089,1,2025,1,1,2,22
12255,1089,2,2025,1,3,4,22
12256,1089,3,2025,0,4,3,22
12257,1089,4,2025,2,1,2,22
12258,1089,5,2025,1,0,1,22
12259,1089,6,2025,1,4,2,22
12260,1089,9,2025,0,1,3,22
12261,1089,10,2025,2,2,4,22
12262,1089,11,2025,3,0,2,22
12263,1089,12,2025,0,1,2,22
12264,1090,1,2025,1,2,2,22
12265,1090,3,2025,2,3,0,22
12266,1090,4,2025,0,1,9,22
12267,1090,5,2025,3,1,2,22
12268,1090,8,2025,5,0,3,22
12269,1090,9,2025,3,1,2,22
12270,1090,10,2025,0,4,6,22
12271,1090,11,2025,0,0,4,22
12272,1091,1,2025,0,0,2,22
12273,1091,2,2025,0,2,3,22
12274,1091,3,2025,2,2,1,22
12275,1091,4,2025,0,1,0,22
12276,1091,5,2025,2,0,5,22
12277,1091,6,2025,0,1,1,22
12278,1091,7,2025,1,3,3,22
12279,1091,8,2025,0,0,5,22
12280,1091,9,2025,2,0,6,22
12281,1091,10,2025,1,2,2,22
12282,1091,11,2025,1,1,4,22
12283,1091,12,2025,0,2,2,22
12284,1092,1,2025,0,0,5,22
12285,1092,2,2025,2,0,3,22
12286,1092,3,2025,1,0,2,22
12287,1092,4,2025,2,1,2,22
12288,1092,5,2025,0,2,3,22
12289,1092,6,2025,2,0,1,22
12290,1092,7,2025,3,0,5,22
12291,1092,8,2025,4,1,5,22
12292,1092,9,2025,2,1,0,22
12293,1092,10,2025,1,0,4,22
12294,1092,11,2025,1,0,2,22
12295,1092,12,2025,1,1,1,22
12296,1093,2,2025,1,1,3,22
12297,1093,3,2025,2,1,5,22
12298,1093,5,2025,2,3,3,22
12299,1093,6,2025,1,1,1,22
12300,1093,7,2025,2,0,4,22
12301,1093,8,2025,1,2,2,22
12302,1093,9,2025,2,3,8,22
12303,1093,11,2025,1,2,2,22
12304,1094,1,2025,1,1,4,22
12305,1094,2,2025,2,0,5,22
12306,1094,3,2025,2,0,3,22
12307,1094,4,2025,1,3,2,22
12308,1094,5,2025,0,1,3,22
12309,1094,6,2025,1,1,2,22
12310,1094,7,2025,2,0,3,22
12311,1094,8,2025,1,0,3,22
12312,1094,9,2025,2,0,2,22
12313,1094,10,2025,3,0,1,22
12314,1094,11,2025,0,2,3,22
12315,1094,12,2025,1,2,5,22
12316,1095,1,2025,1,4,2,22
12317,1095,2,2025,1,0,2,22
12318,1095,3,2025,0,1,3,22
12319,1095,4,2025,3,0,6,22
12320,1095,5,2025,2,1,2,22
12321,1095,6,2025,0,0,3,22
12322,1095,7,2025,1,3,2,22
12323,1095,8,2025,1,2,4,22
12324,1095,9,2025,2,0,6,22
12325,1095,10,2025,2,0,3,22
12326,1095,11,2025,4,2,4,22
12327,1095,12,2025,1,1,0,22
12328,1096,1,2025,3,1,2,22
12329,1096,2,2025,8,1,1,22
12330,1096,3,2025,3,2,3,22
12331,1096,4,2025,2,0,2,22
12332,1096,5,2025,3,2,2,22
12333,1096,6,2025,4,0,6,22
12334,1096,7,2025,1,4,2,22
12335,1096,8,2025,0,0,1,22
12336,1096,9,2025,2,4,4,22
12337,1096,10,2025,2,6,3,22
12338,1096,11,2025,4,2,6,22
12339,1096,12,2025,1,1,2,22
12340,1097,1,2025,2,2,1,22
12341,1097,2,2025,3,2,5,22
12342,1097,3,2025,1,1,2,22
12343,1097,4,2025,2,1,2,22
12344,1097,5,2025,2,0,3,22
12345,1097,6,2025,3,2,2,22
12346,1097,7,2025,4,1,2,22
12347,1097,8,2025,2,2,3,22
12348,1097,9,2025,1,2,3,22
12349,1097,10,2025,3,6,4,22
12350,1097,11,2025,3,3,2,22
12351,1097,12,2025,1,3,2,22
12352,1098,1,2025,1,0,1,22
12353,1098,2,2025,2,1,3,22
12354,1098,3,2025,1,1,4,22
12355,1098,4,2025,2,1,8,22
12356,1098,5,2025,0,0,3,22
12357,1098,6,2025,1,0,1,22
12358,1098,7,2025,1,2,0,22
12359,1098,8,2025,2,0,2,22
12360,1098,9,2025,2,1,3,22
12361,1098,10,2025,3,2,3,22
12362,1098,11,2025,3,1,2,22
12363,1098,12,2025,2,0,6,22
12364,1099,1,2025,4,0,3,22
12365,1099,2,2025,6,0,4,22
12366,1099,4,2025,2,2,3,22
12367,1099,5,2025,4,4,2,22
12368,1099,6,2025,2,1,1,22
12369,1099,7,2025,0,4,5,22
12370,1099,8,2025,2,2,3,22
12371,1099,10,2025,2,6,3,22
12372,1099,11,2025,6,1,3,22
12373,1100,1,2025,1,0,3,22
12374,1100,2,2025,0,2,1,22
12375,1100,3,2025,2,1,7,22
12376,1100,4,2025,2,1,0,22
12377,1100,5,2025,1,0,1,22
12378,1100,6,2025,3,1,2,22
12379,1100,7,2025,1,0,3,22
12380,1100,8,2025,0,2,1,22
12381,1100,9,2025,1,1,7,22
12382,1100,10,2025,1,0,0,22
12383,1100,11,2025,1,1,3,22
12384,1100,12,2025,1,0,3,22
12385,1101,1,2025,1,2,5,22
12386,1101,2,2025,1,3,3,22
12387,1101,3,2025,0,2,3,22
12388,1101,4,2025,6,5,5,22
12389,1101,5,2025,2,1,3,22
12390,1101,7,2025,0,1,5,22
12391,1101,8,2025,4,4,1,22
12392,1101,9,2025,2,3,6,22
12393,1101,10,2025,3,3,3,22
12394,1101,11,2025,2,3,1,22
12395,1101,12,2025,4,1,4,22
12396,1102,1,2025,1,2,4,22
12397,1102,2,2025,1,1,4,22
12398,1102,3,2025,2,1,4,22
12399,1102,4,2025,1,3,4,22
12400,1102,5,2025,2,1,0,22
12401,1102,6,2025,1,0,4,22
12402,1102,7,2025,1,2,2,22
12403,1102,8,2025,1,1,1,22
12404,1102,9,2025,1,0,3,22
12405,1102,10,2025,0,0,4,22
12406,1102,11,2025,1,1,7,22
12407,1102,12,2025,1,4,1,22
12408,1103,1,2025,2,1,2,22
12409,1103,2,2025,4,0,4,22
12410,1103,3,2025,1,3,3,22
12411,1103,4,2025,3,2,3,22
12412,1103,5,2025,3,2,4,22
12413,1103,6,2025,3,1,1,22
12414,1103,7,2025,3,1,5,22
12415,1103,8,2025,2,2,5,22
12416,1103,9,2025,0,0,1,22
12417,1103,10,2025,0,0,1,22
12418,1103,11,2025,1,0,2,22
12419,1103,12,2025,0,1,5,22
12420,1104,1,2025,2,1,5,22
12421,1104,2,2025,0,3,4,22
12422,1104,3,2025,2,2,4,22
12423,1104,4,2025,1,0,3,22
12424,1104,5,2025,1,1,1,22
12425,1104,6,2025,1,1,4,22
12426,1104,7,2025,1,2,2,22
12427,1104,8,2025,1,1,1,22
12428,1104,9,2025,1,1,2,22
12429,1104,10,2025,1,2,2,22
12430,1104,11,2025,3,1,3,22
12431,1104,12,2025,3,4,2,22
12432,1105,1,2025,1,1,1,22
12433,1105,2,2025,2,4,4,22
12434,1105,3,2025,1,0,4,22
12435,1105,4,2025,2,2,3,22
12436,1105,5,2025,2,2,2,22
12437,1105,6,2025,2,3,8,22
12438,1105,7,2025,0,0,5,22
12439,1105,8,2025,1,0,0,22
12440,1105,9,2025,2,1,0,22
12441,1105,10,2025,1,1,3,22
12442,1105,11,2025,2,1,0,22
12443,1105,12,2025,0,2,2,22
12444,1106,1,2025,2,2,2,22
12445,1106,2,2025,1,1,5,22
12446,1106,3,2025,0,0,3,22
12447,1106,4,2025,4,0,4,22
12448,1106,5,2025,1,1,4,22
12449,1106,6,2025,1,1,2,22
12450,1106,7,2025,4,1,1,22
12451,1106,8,2025,2,0,1,22
12452,1106,9,2025,3,0,5,22
12453,1106,10,2025,2,1,3,22
12454,1106,11,2025,3,0,0,22
12455,1106,12,2025,2,1,2,22
12456,1107,1,2025,3,1,2,22
12457,1107,3,2025,3,1,4,22
12458,1107,4,2025,2,0,7,22
12459,1107,5,2025,0,2,2,22
12460,1107,6,2025,2,6,2,22
12461,1107,7,2025,3,2,4,22
12462,1107,8,2025,2,1,4,22
12463,1107,9,2025,6,2,1,22
12464,1108,1,2025,3,3,2,22
12465,1108,2,2025,7,4,3,22
12466,1108,3,2025,2,0,7,22
12467,1108,4,2025,2,4,3,22
12468,1108,5,2025,3,2,2,22
12469,1108,6,2025,2,3,4,22
12470,1108,7,2025,4,2,2,22
12471,1108,8,2025,4,3,5,22
12472,1108,9,2025,4,4,3,22
12473,1108,10,2025,0,3,5,22
12474,1108,11,2025,2,2,1,22
12475,1108,12,2025,3,2,7,22
12476,1109,1,2025,2,2,0,22
12477,1109,2,2025,3,2,5,22
12478,1109,3,2025,0,0,1,22
12479,1109,4,2025,3,1,2,22
12480,1109,5,2025,2,0,2,22
12481,1109,6,2025,4,0,4,22
12482,1109,7,2025,0,1,0,22
12483,1109,8,2025,1,1,4,22
12484,1109,9,2025,0,0,5,22
12485,1109,10,2025,2,2,9,22
12486,1109,11,2025,0,3,3,22
12487,1109,12,2025,1,2,3,22
12488,1110,1,2025,2,1,4,22
12489,1110,2,2025,3,3,1,22
12490,1110,3,2025,2,1,5,22
12491,1110,5,2025,1,0,0,22
12492,1110,6,2025,1,0,4,22
12493,1110,7,2025,2,2,2,22
12494,1110,8,2025,3,1,2,22
12495,1110,9,2025,1,0,2,22
12496,1110,10,2025,1,0,0,22
12497,1110,11,2025,2,3,5,22
12498,1110,12,2025,0,6,4,22
12499,1111,1,2025,0,0,1,22
12500,1111,2,2025,3,1,4,22
12501,1111,3,2025,2,0,1,22
12502,1111,4,2025,1,1,4,22
12503,1111,5,2025,1,1,3,22
12504,1111,6,2025,1,1,6,22
12505,1111,7,2025,5,2,1,22
12506,1111,8,2025,3,0,4,22
12507,1111,9,2025,2,1,2,22
12508,1111,10,2025,0,2,3,22
12509,1111,11,2025,4,1,3,22
12510,1111,12,2025,2,2,3,22
12511,1112,1,2025,2,2,1,22
12512,1112,3,2025,2,0,0,22
12513,1112,4,2025,1,1,4,22
12514,1112,8,2025,1,4,1,22
12515,1112,12,2025,3,0,2,22
12516,1113,1,2025,3,0,4,22
12517,1113,2,2025,2,2,4,22
12518,1113,3,2025,3,0,3,22
12519,1113,4,2025,0,0,3,22
12520,1113,5,2025,5,0,3,22
12521,1113,6,2025,3,1,6,22
12522,1113,7,2025,0,1,1,22
12523,1113,8,2025,3,2,2,22
12524,1113,9,2025,1,3,7,22
12525,1113,10,2025,5,3,3,22
12526,1113,11,2025,4,1,4,22
12527,1113,12,2025,2,1,2,22
12528,1114,1,2025,3,2,6,22
12529,1114,2,2025,1,0,6,22
12530,1114,3,2025,4,4,6,22
12531,1114,4,2025,2,3,2,22
12532,1114,5,2025,3,2,2,22
12533,1114,6,2025,0,3,3,22
12534,1114,7,2025,3,2,0,22
12535,1114,8,2025,4,3,2,22
12536,1114,9,2025,3,1,5,22
12537,1114,10,2025,2,0,3,22
12538,1114,11,2025,6,3,2,22
12539,1114,12,2025,2,1,0,22
12540,1115,1,2025,2,1,5,22
12541,1115,2,2025,3,2,2,22
12542,1115,3,2025,0,0,8,22
12543,1115,4,2025,1,1,3,22
12544,1115,5,2025,2,0,3,22
12545,1115,6,2025,2,0,3,22
12546,1115,7,2025,1,0,1,22
12547,1115,8,2025,0,1,0,22
12548,1115,9,2025,1,0,3,22
12549,1115,10,2025,1,3,0,22
12550,1115,11,2025,3,2,1,22
12551,1115,12,2025,1,0,2,22
12552,1116,1,2025,0,4,2,22
12553,1116,2,2025,3,3,6,22
12554,1116,3,2025,3,1,3,22
12555,1116,4,2025,1,4,2,22
12556,1116,5,2025,4,1,4,22
12557,1116,6,2025,6,1,3,22
12558,1116,7,2025,3,2,4,22
12559,1116,8,2025,6,4,4,22
12560,1116,9,2025,1,0,3,22
12561,1116,10,2025,3,2,1,22
12562,1116,11,2025,1,3,1,22
12563,1116,12,2025,3,1,2,22
12564,1117,1,2025,1,0,1,22
12565,1117,2,2025,1,1,5,22
12566,1117,3,2025,2,0,6,22
12567,1117,4,2025,2,1,2,22
12568,1117,5,2025,0,1,3,22
12569,1117,6,2025,1,1,5,22
12570,1117,7,2025,1,0,4,22
12571,1117,8,2025,2,0,1,22
12572,1117,9,2025,1,1,2,22
12573,1117,10,2025,2,2,4,22
12574,1117,11,2025,1,2,2,22
12575,1117,12,2025,2,1,1,22
12576,1118,3,2025,2,0,4,22
12577,1118,4,2025,1,2,5,22
12578,1118,5,2025,0,0,1,22
12579,1118,7,2025,0,0,3,22
12580,1118,10,2025,3,2,3,22
12581,1119,1,2025,2,2,4,22
12582,1119,2,2025,2,1,3,22
12583,1119,3,2025,2,2,4,22
12584,1119,4,2025,0,0,4,22
12585,1119,5,2025,1,0,2,22
12586,1119,6,2025,0,3,6,22
12587,1119,7,2025,2,1,3,22
12588,1119,8,2025,1,3,1,22
12589,1119,9,2025,2,2,6,22
12590,1119,10,2025,1,0,1,22
12591,1119,11,2025,1,3,7,22
12592,1119,12,2025,1,2,8,22
12593,1120,1,2025,2,0,5,22
12594,1120,2,2025,3,0,2,22
12595,1120,3,2025,1,2,3,22
12596,1120,4,2025,2,1,2,22
12597,1120,5,2025,1,1,5,22
12598,1120,6,2025,1,0,4,22
12599,1120,7,2025,0,2,5,22
12600,1120,8,2025,1,0,2,22
12601,1120,9,2025,0,1,4,22
12602,1120,10,2025,0,0,2,22
12603,1120,11,2025,1,1,3,22
12604,1120,12,2025,2,2,2,22
12605,1121,1,2025,2,3,3,22
12606,1121,2,2025,3,0,4,22
12607,1121,3,2025,3,2,4,22
12608,1121,4,2025,2,2,7,22
12609,1121,5,2025,3,5,1,22
12610,1121,6,2025,3,0,1,22
12611,1121,7,2025,1,0,3,22
12612,1121,8,2025,2,3,3,22
12613,1121,9,2025,4,3,4,22
12614,1121,10,2025,5,3,2,22
12615,1121,11,2025,4,4,3,22
12616,1121,12,2025,2,4,3,22
12617,1122,2,2025,0,2,4,22
12618,1122,3,2025,3,0,2,22
12619,1122,4,2025,2,2,6,22
12620,1122,5,2025,1,3,3,22
12621,1122,6,2025,0,2,1,22
12622,1122,8,2025,1,3,2,22
12623,1122,11,2025,2,1,6,22
12624,1122,12,2025,1,1,6,22
12625,1123,1,2025,1,1,4,22
12626,1123,2,2025,3,1,5,22
12627,1123,3,2025,2,3,6,22
12628,1123,4,2025,2,2,2,22
12629,1123,5,2025,3,5,4,22
12630,1123,6,2025,2,2,5,22
12631,1123,7,2025,2,2,2,22
12632,1123,8,2025,3,2,5,22
12633,1123,9,2025,1,1,1,22
12634,1123,10,2025,3,4,5,22
12635,1123,11,2025,1,4,2,22
12636,1123,12,2025,1,2,2,22
12637,1124,1,2025,3,4,0,22
12638,1124,2,2025,2,2,4,22
12639,1124,3,2025,7,0,4,22
12640,1124,5,2025,1,0,4,22
12641,1124,8,2025,0,3,1,22
12642,1124,9,2025,2,3,2,22
12643,1124,10,2025,1,2,5,22
12644,1124,12,2025,0,3,2,22
12645,1125,1,2025,1,1,3,22
12646,1125,2,2025,1,1,5,22
12647,1125,3,2025,3,1,2,22
12648,1125,4,2025,1,1,3,22
12649,1125,5,2025,1,1,6,22
12650,1125,6,2025,2,2,4,22
12651,1125,7,2025,4,0,6,22
12652,1125,8,2025,2,0,1,22
12653,1125,9,2025,1,1,3,22
12654,1125,10,2025,1,0,4,22
12655,1125,11,2025,1,2,0,22
12656,1125,12,2025,4,2,2,22
12657,1126,1,2025,0,5,1,22
12658,1126,2,2025,3,2,2,22
12659,1126,3,2025,4,3,9,22
12660,1126,4,2025,1,1,4,22
12661,1126,5,2025,3,4,3,22
12662,1126,6,2025,4,3,4,22
12663,1126,7,2025,1,4,3,22
12664,1126,8,2025,5,1,2,22
12665,1126,9,2025,3,2,0,22
12666,1126,10,2025,4,5,3,22
12667,1126,11,2025,6,6,4,22
12668,1126,12,2025,5,3,3,22
12669,1127,1,2025,1,0,1,22
12670,1127,2,2025,0,0,3,22
12671,1127,3,2025,1,2,0,22
12672,1127,4,2025,2,2,6,22
12673,1127,5,2025,1,0,6,22
12674,1127,6,2025,1,0,2,22
12675,1127,7,2025,0,2,4,22
12676,1127,8,2025,0,1,3,22
12677,1127,9,2025,2,2,6,22
12678,1127,10,2025,1,2,5,22
12679,1127,11,2025,0,0,6,22
12680,1127,12,2025,3,0,3,22
12681,1128,2,2025,2,0,3,22
12682,1128,4,2025,2,1,2,22
12683,1128,5,2025,2,0,0,22
12684,1128,6,2025,0,1,1,22
12685,1128,7,2025,4,0,12,22
12686,1128,8,2025,3,2,5,22
12687,1128,9,2025,2,3,3,22
12688,1128,11,2025,2,0,4,22
12689,1128,12,2025,4,6,3,22
12690,1129,1,2025,2,1,3,22
12691,1129,2,2025,1,1,2,22
12692,1129,4,2025,1,0,3,22
12693,1129,5,2025,3,1,3,22
12694,1129,7,2025,0,1,2,22
12695,1129,8,2025,3,0,1,22
12696,1129,10,2025,1,2,2,22
12697,1129,11,2025,2,1,1,22
12698,1129,12,2025,0,2,4,22
12699,1130,1,2025,1,2,4,22
12700,1130,2,2025,0,0,3,22
12701,1130,3,2025,1,0,0,22
12702,1130,4,2025,4,0,6,22
12703,1130,5,2025,4,1,3,22
12704,1130,6,2025,1,0,4,22
12705,1130,7,2025,1,1,7,22
12706,1130,8,2025,2,1,2,22
12707,1130,9,2025,1,2,5,22
12708,1130,10,2025,1,1,4,22
12709,1130,11,2025,5,1,1,22
12710,1130,12,2025,0,2,2,22
12711,1131,1,2025,3,0,4,22
12712,1131,2,2025,0,2,2,22
12713,1131,3,2025,4,1,1,22
12714,1131,4,2025,1,0,5,22
12715,1131,5,2025,1,4,4,22
12716,1131,6,2025,2,0,5,22
12717,1131,7,2025,5,0,2,22
12718,1131,8,2025,1,1,1,22
12719,1131,9,2025,0,0,3,22
12720,1131,10,2025,3,1,0,22
12721,1131,11,2025,0,1,2,22
12722,1131,12,2025,0,0,3,22
12723,1132,1,2025,2,0,1,22
12724,1132,2,2025,5,1,5,22
12725,1132,3,2025,2,0,5,22
12726,1132,4,2025,5,0,2,22
12727,1132,5,2025,3,0,7,22
12728,1132,6,2025,1,2,2,22
12729,1132,7,2025,0,2,2,22
12730,1132,8,2025,0,1,2,22
12731,1132,9,2025,0,1,4,22
12732,1132,10,2025,2,3,4,22
12733,1132,11,2025,2,3,3,22
12734,1132,12,2025,4,3,4,22
12735,1133,1,2025,1,2,8,22
12736,1133,2,2025,2,2,4,22
12737,1133,3,2025,2,1,3,22
12738,1133,4,2025,4,1,3,22
12739,1133,5,2025,2,1,3,22
12740,1133,6,2025,3,3,5,22
12741,1133,7,2025,3,5,3,22
12742,1133,8,2025,3,0,5,22
12743,1133,9,2025,1,1,5,22
12744,1133,10,2025,2,1,4,22
12745,1133,11,2025,4,2,3,22
12746,1133,12,2025,5,1,4,22
12747,1134,1,2025,3,0,4,22
12748,1134,2,2025,3,2,2,22
12749,1134,3,2025,2,1,1,22
12750,1134,4,2025,3,0,3,22
12751,1134,5,2025,2,2,3,22
12752,1134,6,2025,1,1,1,22
12753,1134,7,2025,1,2,4,22
12754,1134,8,2025,0,0,2,22
12755,1134,9,2025,3,1,1,22
12756,1134,10,2025,3,1,4,22
12757,1134,11,2025,0,1,1,22
12758,1134,12,2025,2,2,1,22
12759,1135,1,2025,1,2,3,22
12760,1135,2,2025,2,1,4,22
12761,1135,3,2025,3,3,1,22
12762,1135,4,2025,4,0,5,22
12763,1135,5,2025,2,2,5,22
12764,1135,6,2025,5,3,3,22
12765,1135,7,2025,3,5,0,22
12766,1135,8,2025,7,2,5,22
12767,1135,9,2025,1,5,3,22
12768,1135,10,2025,7,0,2,22
12769,1135,11,2025,5,4,1,22
12770,1135,12,2025,0,1,5,22
12771,1136,1,2025,0,1,3,22
12772,1136,4,2025,3,5,7,22
12773,1136,5,2025,5,1,3,22
12774,1136,6,2025,1,1,3,22
12775,1136,7,2025,3,2,1,22
12776,1136,8,2025,3,5,3,22
12777,1136,9,2025,3,3,7,22
12778,1136,10,2025,0,5,4,22
12779,1137,1,2025,1,1,1,22
12780,1137,2,2025,0,0,2,22
12781,1137,3,2025,2,0,1,22
12782,1137,4,2025,2,2,5,22
12783,1137,5,2025,0,2,3,22
12784,1137,6,2025,0,2,4,22
12785,1137,7,2025,2,0,4,22
12786,1137,8,2025,2,1,1,22
12787,1137,9,2025,0,0,4,22
12788,1137,10,2025,2,1,0,22
12789,1137,11,2025,3,4,3,22
12790,1137,12,2025,1,0,5,22
12791,1138,1,2025,2,1,5,22
12792,1138,2,2025,0,1,6,22
12793,1138,3,2025,0,1,4,22
12794,1138,5,2025,3,1,2,22
12795,1138,6,2025,3,0,3,22
12796,1138,7,2025,1,1,5,22
12797,1138,8,2025,2,3,3,22
12798,1138,9,2025,0,1,5,22
12799,1138,12,2025,4,2,1,22
12800,1139,1,2025,0,3,4,22
12801,1139,2,2025,1,2,3,22
12802,1139,3,2025,1,2,6,22
12803,1139,4,2025,2,3,2,22
12804,1139,5,2025,0,0,0,22
12805,1139,6,2025,2,0,4,22
12806,1139,7,2025,3,3,4,22
12807,1139,8,2025,4,0,1,22
12808,1139,9,2025,0,1,2,22
12809,1139,10,2025,2,0,5,22
12810,1139,11,2025,3,1,1,22
12811,1139,12,2025,1,4,2,22
12812,1140,1,2025,0,2,4,22
12813,1140,2,2025,5,2,4,22
12814,1140,3,2025,3,2,5,22
12815,1140,4,2025,3,3,3,22
12816,1140,5,2025,1,4,0,22
12817,1140,6,2025,7,2,5,22
12818,1140,7,2025,2,3,2,22
12819,1140,8,2025,4,4,5,22
12820,1140,9,2025,2,1,2,22
12821,1140,10,2025,4,0,4,22
12822,1140,11,2025,1,2,4,22
12823,1140,12,2025,1,1,4,22
12824,1141,1,2025,1,2,2,22
12825,1141,2,2025,0,0,3,22
12826,1141,3,2025,0,2,1,22
12827,1141,4,2025,0,0,3,22
12828,1141,5,2025,1,0,6,22
12829,1141,6,2025,1,4,3,22
12830,1141,7,2025,0,3,6,22
12831,1141,8,2025,0,1,1,22
12832,1141,9,2025,3,0,7,22
12833,1141,10,2025,0,1,1,22
12834,1141,11,2025,0,0,3,22
12835,1141,12,2025,4,0,4,22
12836,1142,1,2025,0,1,1,22
12837,1142,2,2025,0,0,6,22
12838,1142,3,2025,1,2,2,22
12839,1142,4,2025,5,2,6,22
12840,1142,5,2025,2,0,2,22
12841,1142,6,2025,2,1,1,22
12842,1142,9,2025,0,4,4,22
12843,1142,10,2025,1,2,4,22
12844,1142,12,2025,0,2,2,22
12845,1143,1,2025,0,0,5,22
12846,1143,2,2025,2,0,2,22
12847,1143,3,2025,0,1,4,22
12848,1143,4,2025,1,1,4,22
12849,1143,5,2025,3,0,6,22
12850,1143,6,2025,3,1,1,22
12851,1143,7,2025,2,0,2,22
12852,1143,8,2025,2,0,3,22
12853,1143,9,2025,1,1,1,22
12854,1143,10,2025,0,2,2,22
12855,1143,11,2025,2,1,2,22
12856,1143,12,2025,2,0,3,22
12857,1144,1,2025,1,1,5,22
12858,1144,2,2025,0,1,2,22
12859,1144,3,2025,0,0,8,22
12860,1144,4,2025,1,0,2,22
12861,1144,5,2025,2,1,6,22
12862,1144,6,2025,3,1,1,22
12863,1144,7,2025,2,0,4,22
12864,1144,8,2025,2,2,2,22
12865,1144,9,2025,2,3,5,22
12866,1144,10,2025,3,0,6,22
12867,1144,11,2025,2,3,6,22
12868,1144,12,2025,4,0,3,22
12869,1145,1,2025,2,4,1,22
12870,1145,2,2025,1,3,5,22
12871,1145,3,2025,2,1,3,22
12872,1145,4,2025,3,2,3,22
12873,1145,5,2025,1,0,6,22
12874,1145,6,2025,0,1,1,22
12875,1145,7,2025,2,2,0,22
12876,1145,8,2025,2,2,2,22
12877,1145,9,2025,1,0,4,22
12878,1145,10,2025,2,0,3,22
12879,1145,11,2025,3,2,4,22
12880,1145,12,2025,2,1,5,22
12881,1146,1,2025,1,0,1,22
12882,1146,2,2025,2,1,2,22
12883,1146,3,2025,1,0,7,22
12884,1146,4,2025,2,1,3,22
12885,1146,5,2025,1,0,4,22
12886,1146,6,2025,1,0,4,22
12887,1146,7,2025,2,0,2,22
12888,1146,8,2025,1,2,4,22
12889,1146,9,2025,2,0,5,22
12890,1146,10,2025,4,0,2,22
12891,1146,11,2025,2,0,2,22
12892,1146,12,2025,4,0,4,22
12893,1147,1,2025,2,2,2,22
12894,1147,2,2025,0,0,4,22
12895,1147,3,2025,3,0,2,22
12896,1147,4,2025,2,1,2,22
12897,1147,5,2025,0,2,2,22
12898,1147,6,2025,1,0,3,22
12899,1147,7,2025,0,1,1,22
12900,1147,8,2025,2,0,3,22
12901,1147,9,2025,1,1,2,22
12902,1147,10,2025,4,2,1,22
12903,1147,11,2025,0,1,0,22
12904,1147,12,2025,0,1,2,22
12905,1148,1,2025,3,0,4,22
12906,1148,2,2025,1,0,1,22
12907,1148,3,2025,1,1,0,22
12908,1148,4,2025,2,1,7,22
12909,1148,5,2025,1,0,5,22
12910,1148,6,2025,6,0,4,22
12911,1148,7,2025,1,2,2,22
12912,1148,8,2025,2,2,2,22
12913,1148,9,2025,1,2,3,22
12914,1148,10,2025,3,1,6,22
12915,1148,11,2025,1,0,2,22
12916,1148,12,2025,4,1,4,22
12917,1149,1,2025,2,0,2,22
12918,1149,2,2025,0,2,2,22
12919,1149,3,2025,2,0,1,22
12920,1149,4,2025,0,0,2,22
12921,1149,6,2025,0,2,1,22
12922,1149,7,2025,0,1,6,22
12923,1149,8,2025,0,0,7,22
12924,1149,9,2025,1,0,3,22
12925,1149,10,2025,2,0,3,22
12926,1149,11,2025,1,0,1,22
12927,1150,1,2025,1,0,2,22
12928,1150,2,2025,2,1,0,22
12929,1150,3,2025,1,0,2,22
12930,1150,4,2025,1,0,3,22
12931,1150,5,2025,3,4,5,22
12932,1150,6,2025,2,1,2,22
12933,1150,7,2025,1,1,2,22
12934,1150,8,2025,2,4,3,22
12935,1150,9,2025,2,3,2,22
12936,1150,10,2025,2,2,4,22
12937,1150,11,2025,0,2,2,22
12938,1150,12,2025,1,0,3,22
12939,1151,1,2025,0,3,2,22
12940,1151,2,2025,2,2,7,22
12941,1151,3,2025,3,3,3,22
12942,1151,4,2025,1,0,4,22
12943,1151,5,2025,2,3,5,22
12944,1151,6,2025,1,2,2,22
12945,1151,7,2025,4,0,3,22
12946,1151,8,2025,0,2,2,22
12947,1151,9,2025,2,0,5,22
12948,1151,10,2025,0,1,2,22
12949,1151,11,2025,0,0,4,22
12950,1151,12,2025,2,0,3,22
12951,1152,1,2025,2,0,1,22
12952,1152,2,2025,2,2,4,22
12953,1152,3,2025,2,2,4,22
12954,1152,4,2025,1,1,3,22
12955,1152,5,2025,2,0,1,22
12956,1152,6,2025,0,0,2,22
12957,1152,7,2025,1,3,3,22
12958,1152,8,2025,3,1,2,22
12959,1152,9,2025,1,0,1,22
12960,1152,10,2025,2,1,2,22
12961,1152,11,2025,5,2,2,22
12962,1152,12,2025,1,2,2,22
12963,1153,1,2025,0,0,5,22
12964,1153,2,2025,4,2,3,22
12965,1153,3,2025,1,0,1,22
12966,1153,4,2025,0,1,4,22
12967,1153,5,2025,4,0,2,22
12968,1153,6,2025,1,1,2,22
12969,1153,7,2025,1,1,3,22
12970,1153,8,2025,1,0,3,22
12971,1153,9,2025,2,2,1,22
12972,1153,10,2025,1,1,3,22
12973,1153,11,2025,3,2,6,22
12974,1153,12,2025,1,1,2,22
12975,1154,1,2025,0,1,5,22
12976,1154,2,2025,4,2,3,22
12977,1154,3,2025,3,0,2,22
12978,1154,4,2025,1,2,2,22
12979,1154,5,2025,1,0,3,22
12980,1154,6,2025,2,0,3,22
12981,1154,7,2025,2,2,2,22
12982,1154,8,2025,1,0,7,22
12983,1154,9,2025,1,0,3,22
12984,1154,10,2025,5,1,7,22
12985,1154,11,2025,3,0,3,22
12986,1154,12,2025,1,0,1,22
12987,1155,1,2025,1,2,5,22
12988,1155,2,2025,1,0,3,22
12989,1155,3,2025,2,1,1,22
12990,1155,4,2025,0,1,4,22
12991,1155,5,2025,2,0,3,22
12992,1155,6,2025,3,1,3,22
12993,1155,7,2025,2,0,2,22
12994,1155,8,2025,1,0,8,22
12995,1155,9,2025,2,1,3,22
12996,1155,10,2025,0,1,5,22
12997,1155,11,2025,2,2,5,22
12998,1155,12,2025,4,0,5,22
12999,1156,1,2025,0,1,4,22
13000,1156,2,2025,3,1,1,22
13001,1156,3,2025,1,0,4,22
13002,1156,4,2025,0,3,2,22
13003,1156,5,2025,2,0,1,22
13004,1156,6,2025,1,1,4,22
13005,1156,7,2025,1,0,2,22
13006,1156,8,2025,1,2,4,22
13007,1156,9,2025,1,1,4,22
13008,1156,10,2025,2,1,5,22
13009,1156,11,2025,0,1,2,22
13010,1156,12,2025,0,2,2,22
13011,1157,1,2025,3,0,2,22
13012,1157,2,2025,0,0,4,22
13013,1157,3,2025,1,0,4,22
13014,1157,4,2025,1,3,1,22
13015,1157,5,2025,0,1,4,22
13016,1157,6,2025,1,0,0,22
13017,1157,7,2025,1,1,1,22
13018,1157,8,2025,0,0,5,22
13019,1157,9,2025,0,0,3,22
13020,1157,10,2025,0,2,3,22
13021,1157,11,2025,2,2,1,22
13022,1157,12,2025,3,0,3,22
13023,1158,1,2025,1,2,2,22
13024,1158,4,2025,2,2,2,22
13025,1158,5,2025,0,0,3,22
13026,1158,6,2025,1,2,2,22
13027,1158,7,2025,2,1,4,22
13028,1158,8,2025,0,0,2,22
13029,1158,9,2025,2,4,4,22
13030,1158,10,2025,2,1,6,22
13031,1158,11,2025,1,1,4,22
13032,1158,12,2025,1,2,7,22
13033,1159,1,2025,0,1,2,22
13034,1159,2,2025,1,2,1,22
13035,1159,3,2025,4,4,3,22
13036,1159,4,2025,1,0,2,22
13037,1159,5,2025,2,1,5,22
13038,1159,6,2025,2,1,2,22
13039,1159,7,2025,0,3,5,22
13040,1159,8,2025,2,1,3,22
13041,1159,9,2025,1,0,1,22
13042,1159,10,2025,1,0,1,22
13043,1159,11,2025,1,0,6,22
13044,1159,12,2025,0,2,4,22
13045,1160,1,2025,1,1,4,22
13046,1160,2,2025,1,0,1,22
13047,1160,3,2025,0,1,3,22
13048,1160,4,2025,2,0,2,22
13049,1160,5,2025,2,0,2,22
13050,1160,6,2025,2,0,1,22
13051,1160,7,2025,1,1,1,22
13052,1160,8,2025,4,0,2,22
13053,1160,9,2025,0,0,2,22
13054,1160,10,2025,0,1,2,22
13055,1160,11,2025,0,0,3,22
13056,1160,12,2025,2,1,2,22
13057,1161,1,2025,2,0,3,22
13058,1161,2,2025,2,1,4,22
13059,1161,3,2025,2,1,2,22
13060,1161,4,2025,0,1,0,22
13061,1161,5,2025,1,1,4,22
13062,1161,6,2025,1,1,4,22
13063,1161,7,2025,2,0,2,22
13064,1161,8,2025,0,3,3,22
13065,1161,9,2025,4,1,1,22
13066,1161,10,2025,1,1,2,22
13067,1161,11,2025,0,0,2,22
13068,1161,12,2025,0,3,5,22
13069,1162,1,2025,2,2,3,22
13070,1162,3,2025,2,1,2,22
13071,1162,4,2025,0,2,1,22
13072,1162,5,2025,3,1,4,22
13073,1162,6,2025,2,1,1,22
13074,1162,7,2025,2,1,4,22
13075,1162,9,2025,0,1,3,22
13076,1162,10,2025,1,1,4,22
13077,1162,11,2025,1,0,4,22
13078,1162,12,2025,0,2,2,22
13079,1163,1,2025,0,1,4,22
13080,1163,2,2025,2,0,2,22
13081,1163,3,2025,0,1,5,22
13082,1163,4,2025,0,0,3,22
13083,1163,5,2025,5,0,2,22
13084,1163,6,2025,3,0,7,22
13085,1163,7,2025,0,1,3,22
13086,1163,8,2025,1,1,1,22
13087,1163,9,2025,2,0,5,22
13088,1163,10,2025,2,0,4,22
13089,1163,11,2025,2,0,2,22
13090,1163,12,2025,2,0,5,22
13091,1164,1,2025,1,3,3,22
13092,1164,2,2025,2,3,1,22
13093,1164,3,2025,4,4,4,22
13094,1164,4,2025,2,0,2,22
13095,1164,5,2025,1,1,5,22
13096,1164,6,2025,1,1,4,22
13097,1164,7,2025,0,1,2,22
13098,1164,8,2025,0,1,4,22
13099,1164,9,2025,2,4,1,22
13100,1164,10,2025,0,2,4,22
13101,1164,11,2025,3,0,3,22
13102,1164,12,2025,0,2,3,22
13103,1165,1,2025,0,3,0,22
13104,1165,2,2025,0,4,2,22
13105,1165,3,2025,4,0,0,22
13106,1165,4,2025,2,3,4,22
13107,1165,5,2025,2,4,3,22
13108,1165,6,2025,3,1,2,22
13109,1165,7,2025,5,0,5,22
13110,1165,8,2025,6,2,5,22
13111,1165,9,2025,3,2,2,22
13112,1165,10,2025,4,0,3,22
13113,1165,11,2025,3,6,5,22
13114,1165,12,2025,2,2,7,22
13115,1166,1,2025,0,1,3,22
13116,1166,2,2025,1,0,1,22
13117,1166,3,2025,3,0,1,22
13118,1166,4,2025,1,1,4,22
13119,1166,5,2025,0,2,4,22
13120,1166,6,2025,0,2,2,22
13121,1166,7,2025,1,1,5,22
13122,1166,8,2025,0,1,2,22
13123,1166,9,2025,0,0,4,22
13124,1166,10,2025,1,2,4,22
13125,1166,11,2025,0,1,0,22
13126,1166,12,2025,0,0,3,22
13127,1167,1,2025,0,0,6,22
13128,1167,2,2025,2,1,5,22
13129,1167,3,2025,1,1,3,22
13130,1167,4,2025,1,0,5,22
13131,1167,5,2025,1,2,3,22
13132,1167,6,2025,0,2,3,22
13133,1167,7,2025,3,0,4,22
13134,1167,8,2025,0,2,0,22
13135,1167,9,2025,2,1,3,22
13136,1167,10,2025,0,0,6,22
13137,1167,11,2025,0,1,3,22
13138,1167,12,2025,2,3,2,22
13139,1168,1,2025,3,4,1,22
13140,1168,2,2025,2,2,3,22
13141,1168,3,2025,3,4,2,22
13142,1168,4,2025,1,3,1,22
13143,1168,5,2025,1,2,1,22
13144,1168,6,2025,3,1,5,22
13145,1168,7,2025,2,0,4,22
13146,1168,8,2025,2,3,2,22
13147,1168,9,2025,2,1,4,22
13148,1168,10,2025,0,2,0,22
13149,1168,11,2025,1,1,4,22
13150,1168,12,2025,2,3,5,22
13151,1169,1,2025,2,1,1,22
13152,1169,2,2025,1,1,3,22
13153,1169,3,2025,1,2,3,22
13154,1169,4,2025,0,1,3,22
13155,1169,5,2025,2,0,10,22
13156,1169,6,2025,2,1,5,22
13157,1169,7,2025,3,2,3,22
13158,1169,8,2025,2,1,7,22
13159,1169,9,2025,3,1,2,22
13160,1169,10,2025,1,2,3,22
13161,1169,11,2025,2,0,4,22
13162,1169,12,2025,2,2,1,22
13163,1170,1,2025,1,4,3,22
13164,1170,2,2025,1,3,6,22
13165,1170,3,2025,1,2,5,22
13166,1170,4,2025,0,1,7,22
13167,1170,5,2025,3,1,2,22
13168,1170,6,2025,2,2,2,22
13169,1170,7,2025,2,1,2,22
13170,1170,8,2025,3,3,4,22
13171,1170,9,2025,3,3,2,22
13172,1170,10,2025,3,3,3,22
13173,1170,11,2025,1,0,2,22
13174,1170,12,2025,2,1,4,22
13175,1171,1,2025,3,0,3,22
13176,1171,2,2025,4,2,5,22
13177,1171,3,2025,1,0,4,22
13178,1171,4,2025,1,1,6,22
13179,1171,5,2025,1,3,2,22
13180,1171,6,2025,0,1,3,22
13181,1171,7,2025,2,2,4,22
13182,1171,8,2025,2,0,5,22
13183,1171,9,2025,2,2,2,22
13184,1171,10,2025,4,2,7,22
13185,1171,11,2025,1,0,7,22
13186,1171,12,2025,1,0,3,22
13187,1172,1,2025,1,1,3,22
13188,1172,2,2025,4,3,3,22
13189,1172,3,2025,2,3,3,22
13190,1172,4,2025,6,3,1,22
13191,1172,5,2025,1,1,1,22
13192,1172,6,2025,1,3,0,22
13193,1172,7,2025,3,2,2,22
13194,1172,8,2025,2,1,0,22
13195,1172,9,2025,1,3,1,22
13196,1172,10,2025,4,2,0,22
13197,1172,11,2025,1,3,2,22
13198,1172,12,2025,4,5,4,22
13199,1173,1,2025,3,0,2,22
13200,1173,2,2025,1,0,5,22
13201,1173,3,2025,2,3,1,22
13202,1173,4,2025,3,1,4,22
13203,1173,5,2025,2,2,6,22
13204,1173,6,2025,2,1,1,22
13205,1173,7,2025,2,1,3,22
13206,1173,8,2025,2,3,1,22
13207,1173,9,2025,3,2,6,22
13208,1173,10,2025,3,0,2,22
13209,1173,11,2025,6,2,5,22
13210,1173,12,2025,3,3,4,22
13211,1174,1,2025,1,1,1,22
13212,1174,2,2025,1,0,2,22
13213,1174,3,2025,3,6,2,22
13214,1174,4,2025,1,0,3,22
13215,1174,5,2025,2,0,1,22
13216,1174,6,2025,2,0,2,22
13217,1174,7,2025,0,1,5,22
13218,1174,8,2025,1,3,1,22
13219,1174,9,2025,1,0,3,22
13220,1174,10,2025,0,1,3,22
13221,1174,11,2025,1,0,3,22
13222,1174,12,2025,0,0,5,22
13223,1175,1,2025,2,0,4,22
13224,1175,2,2025,6,0,3,22
13225,1175,3,2025,1,2,6,22
13226,1175,5,2025,0,0,2,22
13227,1175,6,2025,0,1,1,22
13228,1175,7,2025,2,1,4,22
13229,1175,8,2025,2,0,6,22
13230,1175,9,2025,4,0,2,22
13231,1175,11,2025,1,1,4,22
13232,1175,12,2025,1,0,4,22
13233,1176,1,2025,1,2,4,22
13234,1176,2,2025,1,2,5,22
13235,1176,3,2025,3,1,5,22
13236,1176,4,2025,1,3,5,22
13237,1176,5,2025,1,1,4,22
13238,1176,6,2025,1,0,3,22
13239,1176,7,2025,2,1,0,22
13240,1176,8,2025,1,0,0,22
13241,1176,9,2025,1,2,4,22
13242,1176,10,2025,5,1,5,22
13243,1176,11,2025,0,0,2,22
13244,1176,12,2025,0,0,1,22
13245,1177,1,2025,2,2,4,22
13246,1177,2,2025,0,2,4,22
13247,1177,3,2025,0,0,8,22
13248,1177,4,2025,3,0,0,22
13249,1177,5,2025,1,0,5,22
13250,1177,6,2025,5,1,5,22
13251,1177,7,2025,0,2,5,22
13252,1177,8,2025,0,0,2,22
13253,1177,9,2025,2,1,3,22
13254,1177,10,2025,1,1,2,22
13255,1177,11,2025,1,1,2,22
13256,1177,12,2025,1,0,3,22
13257,1178,2,2025,2,3,1,22
13258,1178,3,2025,3,6,3,22
13259,1178,5,2025,2,2,2,22
13260,1178,6,2025,1,5,3,22
13261,1178,7,2025,0,4,1,22
13262,1178,8,2025,2,0,3,22
13263,1178,9,2025,1,1,2,22
13264,1178,10,2025,4,1,2,22
13265,1178,11,2025,1,2,2,22
13266,1179,1,2025,4,1,1,22
13267,1179,2,2025,4,0,2,22
13268,1179,3,2025,3,0,5,22
13269,1179,4,2025,4,0,3,22
13270,1179,5,2025,1,0,2,22
13271,1179,6,2025,4,2,1,22
13272,1179,7,2025,2,1,2,22
13273,1179,8,2025,2,1,3,22
13274,1179,9,2025,3,1,5,22
13275,1179,10,2025,2,1,3,22
13276,1179,11,2025,0,2,5,22
13277,1179,12,2025,2,0,1,22
13278,1180,1,2025,3,1,0,22
13279,1180,2,2025,4,1,3,22
13280,1180,3,2025,4,4,3,22
13281,1180,4,2025,1,2,4,22
13282,1180,5,2025,2,2,3,22
13283,1180,6,2025,1,1,2,22
13284,1180,7,2025,1,2,0,22
13285,1180,8,2025,3,0,3,22
13286,1180,9,2025,7,3,5,22
13287,1180,10,2025,3,1,2,22
13288,1180,11,2025,3,2,3,22
13289,1180,12,2025,4,1,3,22
13290,1181,1,2025,1,4,3,22
13291,1181,2,2025,2,0,4,22
13292,1181,3,2025,0,2,3,22
13293,1181,4,2025,2,0,3,22
13294,1181,5,2025,4,2,7,22
13295,1181,6,2025,2,1,5,22
13296,1181,7,2025,2,1,3,22
13297,1181,8,2025,3,3,4,22
13298,1181,9,2025,2,0,1,22
13299,1181,10,2025,0,0,2,22
13300,1181,11,2025,0,0,3,22
13301,1181,12,2025,2,2,5,22
13302,1182,1,2025,0,0,1,22
13303,1182,3,2025,0,2,4,22
13304,1182,4,2025,0,1,3,22
13305,1182,5,2025,1,3,6,22
13306,1182,6,2025,0,0,5,22
13307,1182,8,2025,0,1,2,22
13308,1182,9,2025,1,1,4,22
13309,1182,11,2025,2,3,1,22
13310,1183,1,2025,1,0,5,22
13311,1183,2,2025,2,1,4,22
13312,1183,3,2025,3,2,4,22
13313,1183,4,2025,1,0,5,22
13314,1183,5,2025,1,1,1,22
13315,1183,6,2025,0,4,4,22
13316,1183,7,2025,3,2,4,22
13317,1183,8,2025,1,2,0,22
13318,1183,9,2025,0,0,4,22
13319,1183,10,2025,3,0,2,22
13320,1183,11,2025,2,3,2,22
13321,1183,12,2025,1,1,5,22
13322,1184,1,2025,1,0,5,22
13323,1184,2,2025,3,0,3,22
13324,1184,3,2025,0,1,3,22
13325,1184,4,2025,3,0,6,22
13326,1184,5,2025,0,0,2,22
13327,1184,6,2025,2,3,4,22
13328,1184,7,2025,2,2,2,22
13329,1184,8,2025,0,1,5,22
13330,1184,9,2025,0,1,5,22
13331,1184,10,2025,1,0,2,22
13332,1184,11,2025,0,0,5,22
13333,1184,12,2025,2,1,2,22
13334,1185,1,2025,0,0,4,22
13335,1185,2,2025,3,0,3,22
13336,1185,3,2025,2,1,2,22
13337,1185,4,2025,1,3,4,22
13338,1185,5,2025,1,2,2,22
13339,1185,6,2025,2,2,2,22
13340,1185,7,2025,1,2,5,22
13341,1185,8,2025,1,1,3,22
13342,1185,9,2025,1,1,2,22
13343,1185,10,2025,1,1,3,22
13344,1185,11,2025,2,0,3,22
13345,1185,12,2025,1,1,1,22
13346,1186,1,2025,2,2,3,22
13347,1186,2,2025,5,0,2,22
13348,1186,3,2025,5,4,1,22
13349,1186,4,2025,2,0,5,22
13350,1186,5,2025,3,3,3,22
13351,1186,6,2025,1,3,2,22
13352,1186,7,2025,5,1,7,22
13353,1186,8,2025,6,3,2,22
13354,1186,9,2025,3,1,4,22
13355,1186,10,2025,2,4,2,22
13356,1186,11,2025,2,1,4,22
13357,1186,12,2025,4,1,1,22
13358,1187,1,2025,3,1,2,22
13359,1187,2,2025,1,1,4,22
13360,1187,3,2025,3,0,4,22
13361,1187,4,2025,3,1,6,22
13362,1187,5,2025,1,3,2,22
13363,1187,6,2025,2,0,2,22
13364,1187,7,2025,3,1,5,22
13365,1187,8,2025,3,3,3,22
13366,1187,9,2025,2,6,1,22
13367,1187,10,2025,1,4,6,22
13368,1187,11,2025,4,2,1,22
13369,1187,12,2025,2,2,3,22
13370,1188,1,2025,1,3,3,22
13371,1188,2,2025,2,1,2,22
13372,1188,3,2025,4,2,1,22
13373,1188,4,2025,0,1,3,22
13374,1188,5,2025,4,1,3,22
13375,1188,6,2025,2,2,1,22
13376,1188,7,2025,1,0,3,22
13377,1188,8,2025,0,2,1,22
13378,1188,9,2025,2,3,3,22
13379,1188,10,2025,0,1,4,22
13380,1188,11,2025,1,0,0,22
13381,1188,12,2025,1,1,1,22
13382,1189,1,2025,1,0,2,22
13383,1189,2,2025,2,0,2,22
13384,1189,3,2025,1,3,2,22
13385,1189,4,2025,2,3,3,22
13386,1189,5,2025,2,0,2,22
13387,1189,6,2025,2,0,7,22
13388,1189,7,2025,1,1,3,22
13389,1189,8,2025,2,1,2,22
13390,1189,10,2025,0,1,4,22
13391,1189,11,2025,1,0,1,22
13392,1189,12,2025,1,1,1,22
13393,1190,1,2025,1,1,4,22
13394,1190,3,2025,1,1,1,22
13395,1190,4,2025,2,2,1,22
13396,1190,5,2025,2,3,2,22
13397,1190,6,2025,1,0,4,22
13398,1190,7,2025,1,2,1,22
13399,1190,9,2025,1,0,0,22
13400,1190,10,2025,4,1,4,22
13401,1190,11,2025,2,0,5,22
13402,1190,12,2025,3,0,2,22
13403,1191,1,2025,0,0,2,22
13404,1191,2,2025,0,0,5,22
13405,1191,3,2025,1,1,1,22
13406,1191,4,2025,0,1,5,22
13407,1191,5,2025,4,4,4,22
13408,1191,6,2025,2,0,3,22
13409,1191,7,2025,1,0,3,22
13410,1191,8,2025,1,3,0,22
13411,1191,9,2025,1,1,0,22
13412,1191,10,2025,1,0,2,22
13413,1191,11,2025,2,1,4,22
13414,1191,12,2025,3,1,6,22
13415,1192,1,2025,1,0,4,22
13416,1192,2,2025,2,2,4,22
13417,1192,3,2025,0,1,5,22
13418,1192,4,2025,2,3,4,22
13419,1192,5,2025,2,2,2,22
13420,1192,6,2025,0,1,2,22
13421,1192,7,2025,2,1,6,22
13422,1192,8,2025,1,1,3,22
13423,1192,9,2025,1,1,4,22
13424,1192,10,2025,2,0,5,22
13425,1192,11,2025,3,1,2,22
13426,1192,12,2025,3,4,5,22
13427,1193,1,2025,0,1,0,22
13428,1193,2,2025,1,0,4,22
13429,1193,3,2025,2,3,4,22
13430,1193,4,2025,0,0,2,22
13431,1193,5,2025,0,0,4,22
13432,1193,6,2025,0,2,4,22
13433,1193,7,2025,1,1,2,22
13434,1193,8,2025,3,0,0,22
13435,1193,9,2025,1,2,0,22
13436,1193,10,2025,3,2,2,22
13437,1193,11,2025,2,1,2,22
13438,1193,12,2025,1,2,7,22
13439,1194,1,2025,2,1,8,22
13440,1194,2,2025,3,1,4,22
13441,1194,3,2025,2,2,6,22
13442,1194,4,2025,3,0,3,22
13443,1194,5,2025,6,4,2,22
13444,1194,6,2025,3,3,1,22
13445,1194,7,2025,4,1,0,22
13446,1194,8,2025,1,2,3,22
13447,1194,9,2025,2,2,4,22
13448,1194,10,2025,4,1,2,22
13449,1194,11,2025,2,2,1,22
13450,1194,12,2025,3,2,6,22
13451,1195,1,2025,3,1,2,22
13452,1195,2,2025,3,0,2,22
13453,1195,3,2025,0,0,3,22
13454,1195,4,2025,0,1,7,22
13455,1195,5,2025,1,1,3,22
13456,1195,6,2025,2,0,6,22
13457,1195,7,2025,1,1,4,22
13458,1195,8,2025,3,1,5,22
13459,1195,9,2025,0,0,4,22
13460,1195,10,2025,0,0,4,22
13461,1195,11,2025,1,1,1,22
13462,1195,12,2025,2,0,2,22
13463,1196,1,2025,2,2,1,22
13464,1196,2,2025,4,2,6,22
13465,1196,3,2025,1,1,3,22
13466,1196,4,2025,1,1,4,22
13467,1196,5,2025,2,1,2,22
13468,1196,6,2025,1,1,3,22
13469,1196,7,2025,2,1,3,22
13470,1196,8,2025,3,1,3,22
13471,1196,9,2025,1,0,5,22
13472,1196,10,2025,1,1,1,22
13473,1196,11,2025,3,0,2,22
13474,1196,12,2025,0,1,4,22
13475,1197,1,2025,1,0,3,22
13476,1197,2,2025,0,0,1,22
13477,1197,3,2025,1,1,4,22
13478,1197,4,2025,2,0,2,22
13479,1197,5,2025,1,2,0,22
13480,1197,6,2025,2,0,3,22
13481,1197,7,2025,1,0,3,22
13482,1197,8,2025,0,1,1,22
13483,1197,9,2025,0,2,7,22
13484,1197,10,2025,2,2,4,22
13485,1197,11,2025,1,2,0,22
13486,1197,12,2025,0,2,6,22
13487,1198,1,2025,0,0,3,22
13488,1198,2,2025,1,2,3,22
13489,1198,3,2025,1,1,4,22
13490,1198,4,2025,0,0,3,22
13491,1198,5,2025,1,1,4,22
13492,1198,6,2025,3,1,4,22
13493,1198,7,2025,0,2,2,22
13494,1198,8,2025,5,1,4,22
13495,1198,9,2025,1,1,3,22
13496,1198,10,2025,0,1,5,22
13497,1198,11,2025,0,3,4,22
13498,1198,12,2025,1,1,4,22
13499,1199,1,2025,5,3,2,22
13500,1199,2,2025,3,4,5,22
13501,1199,3,2025,0,2,3,22
13502,1199,4,2025,3,2,2,22
13503,1199,5,2025,3,5,3,22
13504,1199,6,2025,1,2,2,22
13505,1199,7,2025,2,0,5,22
13506,1199,8,2025,1,1,1,22
13507,1199,9,2025,1,0,4,22
13508,1199,10,2025,2,2,3,22
13509,1199,11,2025,2,3,0,22
13510,1199,12,2025,2,3,3,22
13511,1200,1,2025,2,3,3,22
13512,1200,2,2025,1,1,4,22
13513,1200,3,2025,2,1,3,22
13514,1200,4,2025,2,0,0,22
13515,1200,5,2025,1,4,2,22
13516,1200,6,2025,1,3,3,22
13517,1200,7,2025,2,3,5,22
13518,1200,8,2025,2,2,4,22
13519,1200,9,2025,5,3,5,22
13520,1200,10,2025,3,2,2,22
13521,1200,11,2025,1,3,5,22
13522,1200,12,2025,3,0,2,22
13523,1201,1,2025,3,2,5,22
13524,1201,2,2025,2,0,4,22
13525,1201,3,2025,2,1,3,22
13526,1201,4,2025,1,1,1,22
13527,1201,5,2025,0,0,3,22
13528,1201,6,2025,0,3,3,22
13529,1201,7,2025,1,0,4,22
13530,1201,8,2025,0,2,2,22
13531,1201,9,2025,0,0,6,22
13532,1201,10,2025,1,2,2,22
13533,1201,11,2025,0,1,3,22
13534,1201,12,2025,2,1,5,22
13535,1202,1,2025,1,1,4,22
13536,1202,2,2025,1,8,4,22
13537,1202,3,2025,5,3,2,22
13538,1202,4,2025,4,3,2,22
13539,1202,5,2025,1,2,3,22
13540,1202,6,2025,3,2,2,22
13541,1202,7,2025,1,0,2,22
13542,1202,8,2025,2,2,2,22
13543,1202,9,2025,2,2,3,22
13544,1202,10,2025,7,0,3,22
13545,1202,11,2025,4,2,2,22
13546,1202,12,2025,0,5,3,22
13547,1203,1,2025,4,2,3,22
13548,1203,2,2025,0,2,2,22
13549,1203,3,2025,2,2,1,22
13550,1203,5,2025,4,1,8,22
13551,1203,7,2025,6,4,4,22
13552,1203,9,2025,2,3,3,22
13553,1203,11,2025,4,2,5,22
13554,1203,12,2025,3,1,3,22
13555,1204,1,2025,2,0,2,22
13556,1204,2,2025,4,1,5,22
13557,1204,3,2025,1,2,4,22
13558,1204,4,2025,3,0,4,22
13559,1204,5,2025,3,1,4,22
13560,1204,6,2025,1,1,2,22
13561,1204,7,2025,0,2,1,22
13562,1204,8,2025,4,1,1,22
13563,1204,9,2025,0,2,4,22
13564,1204,10,2025,6,0,1,22
13565,1204,11,2025,2,0,3,22
13566,1204,12,2025,0,1,1,22
13567,1205,1,2025,0,2,2,22
13568,1205,2,2025,3,0,2,22
13569,1205,3,2025,0,0,3,22
13570,1205,4,2025,0,1,3,22
13571,1205,5,2025,2,0,4,22
13572,1205,6,2025,0,1,0,22
13573,1205,7,2025,3,0,2,22
13574,1205,8,2025,2,0,2,22
13575,1205,9,2025,3,1,3,22
13576,1205,10,2025,5,2,3,22
13577,1205,11,2025,0,3,2,22
13578,1205,12,2025,1,1,2,22
13579,1206,1,2025,1,0,5,22
13580,1206,2,2025,5,1,3,22
13581,1206,3,2025,3,1,3,22
13582,1206,4,2025,3,0,3,22
13583,1206,5,2025,1,0,3,22
13584,1206,6,2025,2,1,2,22
13585,1206,7,2025,2,1,1,22
13586,1206,8,2025,1,1,4,22
13587,1206,9,2025,0,1,1,22
13588,1206,10,2025,1,0,1,22
13589,1206,11,2025,2,1,2,22
13590,1206,12,2025,2,2,3,22
13591,1207,1,2025,5,1,2,22
13592,1207,2,2025,3,3,4,22
13593,1207,3,2025,1,5,2,22
13594,1207,4,2025,0,0,2,22
13595,1207,5,2025,1,0,1,22
13596,1207,6,2025,0,1,2,22
13597,1207,7,2025,5,0,0,22
13598,1207,8,2025,1,2,3,22
13599,1207,9,2025,1,1,0,22
13600,1207,10,2025,1,1,3,22
13601,1207,11,2025,2,1,2,22
13602,1207,12,2025,2,1,4,22
13603,1208,1,2025,1,0,2,22
13604,1208,2,2025,2,3,4,22
13605,1208,3,2025,4,2,0,22
13606,1208,4,2025,1,1,5,22
13607,1208,5,2025,0,2,4,22
13608,1208,6,2025,5,2,4,22
13609,1208,7,2025,2,4,2,22
13610,1208,8,2025,2,2,6,22
13611,1208,9,2025,2,3,5,22
13612,1208,10,2025,3,2,2,22
13613,1208,11,2025,1,4,1,22
13614,1208,12,2025,4,0,4,22
13615,1209,1,2025,0,1,0,22
13616,1209,2,2025,3,3,6,22
13617,1209,3,2025,3,0,6,22
13618,1209,4,2025,1,3,4,22
13619,1209,5,2025,4,3,2,22
13620,1209,6,2025,0,1,8,22
13621,1209,7,2025,6,3,1,22
13622,1209,8,2025,0,0,0,22
13623,1209,9,2025,1,1,1,22
13624,1209,10,2025,1,5,1,22
13625,1209,11,2025,1,0,2,22
13626,1209,12,2025,7,3,2,22
13627,1210,3,2025,0,3,1,22
13628,1210,4,2025,1,0,0,22
13629,1210,5,2025,1,2,1,22
13630,1210,6,2025,5,2,3,22
13631,1210,8,2025,2,5,3,22
13632,1210,9,2025,4,2,4,22
13633,1210,11,2025,0,3,4,22
13634,1211,1,2025,2,2,0,22
13635,1211,2,2025,4,0,3,22
13636,1211,3,2025,4,3,4,22
13637,1211,4,2025,0,0,1,22
13638,1211,5,2025,3,2,5,22
13639,1211,6,2025,0,2,3,22
13640,1211,7,2025,3,2,4,22
13641,1211,8,2025,4,2,2,22
13642,1211,9,2025,4,2,3,22
13643,1211,10,2025,2,5,1,22
13644,1211,11,2025,3,2,2,22
13645,1211,12,2025,3,5,1,22
13646,1212,1,2025,0,1,3,22
13647,1212,2,2025,4,0,7,22
13648,1212,3,2025,1,0,3,22
13649,1212,4,2025,2,1,1,22
13650,1212,5,2025,1,1,2,22
13651,1212,6,2025,3,4,3,22
13652,1212,7,2025,2,0,1,22
13653,1212,8,2025,0,4,1,22
13654,1212,9,2025,0,1,1,22
13655,1212,10,2025,1,1,0,22
13656,1212,11,2025,2,2,6,22
13657,1212,12,2025,3,2,2,22
13658,1213,1,2025,2,2,0,22
13659,1213,2,2025,5,4,3,22
13660,1213,3,2025,6,0,4,22
13661,1213,4,2025,2,4,6,22
13662,1213,5,2025,3,3,5,22
13663,1213,6,2025,5,1,3,22
13664,1213,7,2025,3,2,4,22
13665,1213,8,2025,3,2,2,22
13666,1213,9,2025,4,4,1,22
13667,1213,10,2025,2,0,5,22
13668,1213,11,2025,3,3,4,22
13669,1213,12,2025,3,2,4,22
13670,1214,1,2025,1,1,1,22
13671,1214,2,2025,2,0,3,22
13672,1214,3,2025,1,0,4,22
13673,1214,4,2025,1,1,2,22
13674,1214,5,2025,2,0,5,22
13675,1214,6,2025,1,1,1,22
13676,1214,7,2025,3,2,3,22
13677,1214,8,2025,1,1,2,22
13678,1214,9,2025,4,1,2,22
13679,1214,10,2025,1,2,4,22
13680,1214,11,2025,4,0,3,22
13681,1214,12,2025,0,2,2,22
13682,1215,1,2025,3,0,3,22
13683,1215,2,2025,3,0,1,22
13684,1215,3,2025,2,1,4,22
13685,1215,4,2025,3,1,1,22
13686,1215,5,2025,3,0,3,22
13687,1215,6,2025,2,1,3,22
13688,1215,7,2025,3,0,5,22
13689,1215,8,2025,2,2,1,22
13690,1215,9,2025,2,2,7,22
13691,1215,10,2025,2,0,3,22
13692,1215,11,2025,1,3,1,22
13693,1215,12,2025,1,1,2,22
13694,1216,1,2025,3,1,3,22
13695,1216,2,2025,0,0,2,22
13696,1216,3,2025,1,3,4,22
13697,1216,4,2025,0,1,2,22
13698,1216,5,2025,0,3,3,22
13699,1216,6,2025,2,3,2,22
13700,1216,7,2025,1,1,2,22
13701,1216,8,2025,1,1,1,22
13702,1216,9,2025,2,1,2,22
13703,1216,10,2025,1,1,1,22
13704,1216,11,2025,1,0,4,22
13705,1216,12,2025,4,2,0,22
13706,1217,1,2025,4,3,0,22
13707,1217,2,2025,2,4,4,22
13708,1217,6,2025,2,5,8,22
13709,1217,8,2025,2,2,5,22
13710,1217,10,2025,2,0,4,22
13711,1217,12,2025,2,3,2,22
13712,1218,1,2025,2,1,2,22
13713,1218,2,2025,0,1,1,22
13714,1218,4,2025,1,0,3,22
13715,1218,6,2025,2,0,4,22
13716,1218,7,2025,4,0,2,22
13717,1218,8,2025,4,0,3,22
13718,1218,9,2025,0,2,0,22
13719,1218,11,2025,1,0,3,22
13720,1218,12,2025,0,0,2,22
13721,1219,1,2025,3,1,2,22
13722,1219,2,2025,5,2,5,22
13723,1219,3,2025,0,1,4,22
13724,1219,6,2025,2,0,4,22
13725,1219,7,2025,1,3,2,22
13726,1219,9,2025,0,2,3,22
13727,1219,11,2025,1,2,0,22
13728,1219,12,2025,1,1,4,22
13729,1220,1,2025,0,2,3,22
13730,1220,2,2025,3,0,3,22
13731,1220,3,2025,2,0,2,22
13732,1220,4,2025,1,0,1,22
13733,1220,5,2025,1,0,2,22
13734,1220,6,2025,4,1,5,22
13735,1220,7,2025,1,1,2,22
13736,1220,8,2025,1,1,5,22
13737,1220,9,2025,3,0,5,22
13738,1220,10,2025,0,1,2,22
13739,1220,11,2025,2,4,1,22
13740,1220,12,2025,2,0,5,22
13741,1221,1,2025,2,1,2,22
13742,1221,2,2025,3,1,1,22
13743,1221,3,2025,4,1,4,22
13744,1221,4,2025,3,1,4,22
13745,1221,5,2025,5,1,4,22
13746,1221,6,2025,7,3,4,22
13747,1221,7,2025,2,2,2,22
13748,1221,8,2025,1,2,7,22
13749,1221,9,2025,0,4,4,22
13750,1221,10,2025,1,4,2,22
13751,1221,11,2025,2,4,4,22
13752,1221,12,2025,1,3,2,22
13753,1222,1,2025,2,2,3,22
13754,1222,2,2025,4,0,2,22
13755,1222,3,2025,0,0,4,22
13756,1222,4,2025,2,1,1,22
13757,1222,5,2025,4,0,3,22
13758,1222,6,2025,1,1,2,22
13759,1222,7,2025,2,0,2,22
13760,1222,8,2025,1,1,1,22
13761,1222,9,2025,2,3,3,22
13762,1222,10,2025,0,0,1,22
13763,1222,11,2025,4,0,4,22
13764,1222,12,2025,0,3,5,22
13765,1223,1,2025,3,1,3,22
13766,1223,2,2025,2,1,3,22
13767,1223,3,2025,1,1,1,22
13768,1223,4,2025,3,1,7,22
13769,1223,5,2025,1,1,2,22
13770,1223,6,2025,2,0,1,22
13771,1223,7,2025,2,1,3,22
13772,1223,8,2025,1,0,2,22
13773,1223,9,2025,1,0,8,22
13774,1223,10,2025,1,0,4,22
13775,1223,11,2025,2,2,0,22
13776,1223,12,2025,3,1,1,22
13777,1224,1,2025,4,0,3,22
13778,1224,2,2025,1,2,3,22
13779,1224,3,2025,1,1,2,22
13780,1224,4,2025,0,0,4,22
13781,1224,5,2025,0,3,1,22
13782,1224,6,2025,1,0,1,22
13783,1224,7,2025,2,1,1,22
13784,1224,8,2025,4,0,4,22
13785,1224,9,2025,1,1,2,22
13786,1224,10,2025,0,0,3,22
13787,1224,11,2025,0,0,2,22
13788,1224,12,2025,3,2,4,22
13789,1225,1,2025,1,0,4,22
13790,1225,2,2025,1,0,2,22
13791,1225,3,2025,0,1,4,22
13792,1225,4,2025,1,1,6,22
13793,1225,5,2025,1,1,4,22
13794,1225,6,2025,2,0,2,22
13795,1225,7,2025,1,1,4,22
13796,1225,8,2025,2,1,3,22
13797,1225,9,2025,3,1,2,22
13798,1225,10,2025,1,1,3,22
13799,1225,11,2025,2,1,1,22
13800,1225,12,2025,2,1,4,22
13801,1226,1,2025,2,1,2,22
13802,1226,2,2025,0,1,1,22
13803,1226,3,2025,1,0,3,22
13804,1226,4,2025,2,1,3,22
13805,1226,5,2025,3,2,4,22
13806,1226,6,2025,2,2,5,22
13807,1226,7,2025,2,0,3,22
13808,1226,8,2025,2,2,2,22
13809,1226,9,2025,4,1,0,22
13810,1226,10,2025,1,0,2,22
13811,1226,11,2025,0,0,5,22
13812,1226,12,2025,1,1,5,22
13813,1227,1,2025,6,2,6,22
13814,1227,2,2025,4,3,3,22
13815,1227,3,2025,3,1,2,22
13816,1227,4,2025,4,2,0,22
13817,1227,5,2025,2,0,5,22
13818,1227,6,2025,3,4,1,22
13819,1227,7,2025,3,2,1,22
13820,1227,8,2025,3,1,1,22
13821,1227,9,2025,1,4,2,22
13822,1227,10,2025,1,1,2,22
13823,1227,11,2025,1,0,1,22
13824,1227,12,2025,0,1,3,22
13825,1228,1,2025,1,3,3,22
13826,1228,2,2025,3,2,3,22
13827,1228,3,2025,1,1,4,22
13828,1228,4,2025,2,2,3,22
13829,1228,5,2025,1,4,3,22
13830,1228,6,2025,2,1,2,22
13831,1228,7,2025,1,1,3,22
13832,1228,8,2025,5,2,2,22
13833,1228,9,2025,3,1,3,22
13834,1228,10,2025,2,2,2,22
13835,1228,11,2025,5,1,4,22
13836,1228,12,2025,0,3,6,22
13837,1229,3,2025,1,1,3,22
13838,1229,4,2025,0,1,2,22
13839,1229,5,2025,0,1,2,22
13840,1229,7,2025,4,2,2,22
13841,1230,1,2025,0,2,2,22
13842,1230,2,2025,1,4,0,22
13843,1230,3,2025,1,1,2,22
13844,1230,4,2025,0,4,6,22
13845,1230,5,2025,2,1,2,22
13846,1230,6,2025,2,4,4,22
13847,1230,7,2025,2,0,1,22
13848,1230,8,2025,1,0,2,22
13849,1230,9,2025,2,1,0,22
13850,1230,10,2025,2,2,1,22
13851,1230,11,2025,4,2,3,22
13852,1230,12,2025,3,0,3,22
13853,1231,1,2025,3,2,3,22
13854,1231,2,2025,2,2,3,22
13855,1231,3,2025,4,2,3,22
13856,1231,4,2025,3,2,1,22
13857,1231,5,2025,3,4,3,22
13858,1231,6,2025,3,3,3,22
13859,1231,7,2025,2,3,3,22
13860,1231,8,2025,2,2,4,22
13861,1231,9,2025,1,1,4,22
13862,1231,10,2025,5,3,9,22
13863,1231,11,2025,3,1,3,22
13864,1231,12,2025,6,3,1,22
13865,1232,2,2025,0,1,1,22
13866,1232,4,2025,2,1,1,22
13867,1232,6,2025,0,1,7,22
13868,1232,7,2025,2,0,6,22
13869,1232,9,2025,0,2,3,22
13870,1232,11,2025,2,1,3,22
13871,1232,12,2025,3,0,3,22
13872,1233,1,2025,1,2,3,22
13873,1233,2,2025,1,1,4,22
13874,1233,3,2025,2,2,1,22
13875,1233,4,2025,3,0,2,22
13876,1233,5,2025,4,0,1,22
13877,1233,6,2025,1,0,2,22
13878,1233,7,2025,0,0,2,22
13879,1233,8,2025,1,3,5,22
13880,1233,9,2025,0,1,4,22
13881,1233,10,2025,0,0,1,22
13882,1233,11,2025,3,1,4,22
13883,1233,12,2025,0,0,3,22
13884,1234,1,2025,0,1,3,22
13885,1234,2,2025,1,1,2,22
13886,1234,3,2025,0,0,1,22
13887,1234,4,2025,2,3,2,22
13888,1234,5,2025,2,0,4,22
13889,1234,6,2025,0,1,3,22
13890,1234,7,2025,0,0,4,22
13891,1234,8,2025,3,1,3,22
13892,1234,9,2025,0,2,10,22
13893,1234,10,2025,3,2,1,22
13894,1234,11,2025,1,0,3,22
13895,1234,12,2025,2,2,2,22
13896,1235,1,2025,1,0,2,22
13897,1235,2,2025,0,2,2,22
13898,1235,3,2025,2,1,2,22
13899,1235,4,2025,1,1,3,22
13900,1235,5,2025,0,0,3,22
13901,1235,6,2025,1,1,3,22
13902,1235,7,2025,0,0,3,22
13903,1235,8,2025,2,1,6,22
13904,1235,9,2025,2,2,1,22
13905,1235,10,2025,4,3,5,22
13906,1235,11,2025,2,0,6,22
13907,1235,12,2025,1,0,6,22
13908,1236,1,2025,3,3,4,22
13909,1236,2,2025,1,1,2,22
13910,1236,3,2025,1,1,4,22
13911,1236,4,2025,2,1,3,22
13912,1236,5,2025,0,0,2,22
13913,1236,6,2025,1,0,3,22
13914,1236,7,2025,3,1,3,22
13915,1236,8,2025,0,4,3,22
13916,1236,9,2025,1,2,5,22
13917,1236,10,2025,1,0,0,22
13918,1236,11,2025,2,0,4,22
13919,1236,12,2025,3,0,4,22
13920,1237,1,2025,3,0,5,22
13921,1237,2,2025,2,0,3,22
13922,1237,3,2025,1,0,5,22
13923,1237,4,2025,3,1,2,22
13924,1237,5,2025,3,0,2,22
13925,1237,6,2025,1,1,4,22
13926,1237,7,2025,0,3,3,22
13927,1237,8,2025,4,0,7,22
13928,1237,9,2025,1,0,1,22
13929,1237,10,2025,1,1,6,22
13930,1237,12,2025,1,2,1,22
13931,1238,1,2025,2,1,2,22
13932,1238,2,2025,2,4,0,22
13933,1238,3,2025,3,2,1,22
13934,1238,4,2025,5,1,4,22
13935,1238,5,2025,1,1,3,22
13936,1238,6,2025,1,1,1,22
13937,1238,7,2025,2,1,3,22
13938,1238,8,2025,3,3,1,22
13939,1238,9,2025,5,1,3,22
13940,1238,10,2025,4,1,2,22
13941,1238,11,2025,1,0,7,22
13942,1238,12,2025,1,2,4,22
13943,1239,1,2025,1,2,2,22
13944,1239,2,2025,3,0,5,22
13945,1239,3,2025,2,1,4,22
13946,1239,4,2025,1,1,3,22
13947,1239,5,2025,2,1,1,22
13948,1239,6,2025,2,0,4,22
13949,1239,7,2025,0,0,1,22
13950,1239,8,2025,3,1,3,22
13951,1239,9,2025,4,1,1,22
13952,1239,10,2025,3,2,5,22
13953,1239,11,2025,4,1,6,22
13954,1239,12,2025,1,1,2,22
13955,1240,1,2025,5,5,3,22
13956,1240,2,2025,2,4,3,22
13957,1240,3,2025,3,3,1,22
13958,1240,4,2025,2,2,5,22
13959,1240,5,2025,0,3,1,22
13960,1240,6,2025,4,2,2,22
13961,1240,7,2025,3,0,1,22
13962,1240,8,2025,4,1,4,22
13963,1240,9,2025,2,3,2,22
13964,1240,10,2025,2,1,7,22
13965,1240,11,2025,2,1,2,22
13966,1240,12,2025,3,1,3,22
13967,1241,1,2025,0,4,4,22
13968,1241,2,2025,5,2,4,22
13969,1241,3,2025,3,0,6,22
13970,1241,4,2025,4,6,2,22
13971,1241,5,2025,3,4,1,22
13972,1241,6,2025,4,1,2,22
13973,1241,7,2025,5,5,5,22
13974,1241,8,2025,1,3,4,22
13975,1241,9,2025,3,0,2,22
13976,1241,10,2025,3,0,4,22
13977,1241,11,2025,2,1,4,22
13978,1241,12,2025,2,1,3,22
13979,1242,1,2025,2,2,5,22
13980,1242,2,2025,2,0,4,22
13981,1242,3,2025,0,2,4,22
13982,1242,4,2025,1,0,5,22
13983,1242,5,2025,2,0,4,22
13984,1242,6,2025,2,1,5,22
13985,1242,7,2025,2,2,8,22
13986,1242,8,2025,1,0,1,22
13987,1242,9,2025,1,0,1,22
13988,1242,10,2025,0,1,0,22
13989,1242,11,2025,0,2,3,22
13990,1242,12,2025,2,1,4,22
13991,1243,1,2025,0,1,4,22
13992,1243,2,2025,0,1,2,22
13993,1243,3,2025,0,2,4,22
13994,1243,4,2025,0,1,1,22
13995,1243,5,2025,1,2,2,22
13996,1243,6,2025,0,2,5,22
13997,1243,7,2025,3,0,4,22
13998,1243,8,2025,1,1,4,22
13999,1243,9,2025,3,0,1,22
14000,1243,10,2025,0,0,2,22
14001,1243,11,2025,2,1,2,22
14002,1243,12,2025,0,1,3,22
14003,1244,1,2025,2,1,0,22
14004,1244,2,2025,2,3,8,22
14005,1244,3,2025,3,4,5,22
14006,1244,4,2025,4,1,0,22
14007,1244,5,2025,6,4,0,22
14008,1244,6,2025,4,0,2,22
14009,1244,7,2025,4,3,1,22
14010,1244,8,2025,3,0,2,22
14011,1244,9,2025,2,2,2,22
14012,1244,10,2025,3,1,0,22
14013,1244,11,2025,4,3,4,22
14014,1244,12,2025,5,1,2,22
14015,1245,1,2025,3,1,1,22
14016,1245,2,2025,1,1,6,22
14017,1245,3,2025,0,5,1,22
14018,1245,4,2025,1,1,2,22
14019,1245,5,2025,1,0,2,22
14020,1245,6,2025,4,2,4,22
14021,1245,7,2025,2,1,4,22
14022,1245,8,2025,2,0,4,22
14023,1245,9,2025,2,1,2,22
14024,1245,10,2025,1,1,4,22
14025,1245,11,2025,3,1,4,22
14026,1245,12,2025,0,2,2,22
14027,1246,3,2025,1,3,4,22
14028,1246,4,2025,1,2,4,22
14029,1246,5,2025,1,1,3,22
14030,1246,6,2025,0,0,5,22
14031,1246,7,2025,2,2,5,22
14032,1246,10,2025,0,2,1,22
14033,1246,11,2025,4,2,1,22
14034,1246,12,2025,3,1,4,22
14035,1247,1,2025,0,1,5,22
14036,1247,2,2025,0,0,4,22
14037,1247,3,2025,1,3,4,22
14038,1247,4,2025,0,3,1,22
14039,1247,5,2025,0,1,1,22
14040,1247,6,2025,1,1,3,22
14041,1247,7,2025,1,3,1,22
14042,1247,8,2025,4,0,3,22
14043,1247,9,2025,2,2,1,22
14044,1247,10,2025,3,2,5,22
14045,1247,11,2025,3,1,4,22
14046,1247,12,2025,1,1,3,22
14047,1248,1,2025,0,0,4,22
14048,1248,2,2025,2,1,1,22
14049,1248,3,2025,0,1,3,22
14050,1248,4,2025,1,1,0,22
14051,1248,5,2025,1,1,3,22
14052,1248,6,2025,1,1,1,22
14053,1248,7,2025,4,2,5,22
14054,1248,9,2025,1,2,3,22
14055,1248,10,2025,2,0,1,22
14056,1248,11,2025,1,1,1,22
14057,1249,1,2025,1,0,4,22
14058,1249,2,2025,0,1,1,22
14059,1249,3,2025,2,1,3,22
14060,1249,4,2025,2,2,5,22
14061,1249,5,2025,4,0,5,22
14062,1249,6,2025,2,1,1,22
14063,1249,7,2025,2,2,3,22
14064,1249,8,2025,1,2,5,22
14065,1249,9,2025,5,3,2,22
14066,1249,10,2025,3,0,2,22
14067,1249,11,2025,1,1,4,22
14068,1249,12,2025,2,3,1,22
14069,1250,1,2025,1,1,4,22
14070,1250,2,2025,2,0,3,22
14071,1250,3,2025,4,0,2,22
14072,1250,4,2025,1,1,3,22
14073,1250,5,2025,1,2,3,22
14074,1250,6,2025,2,2,2,22
14075,1250,7,2025,2,2,5,22
14076,1250,8,2025,1,1,5,22
14077,1250,9,2025,2,1,3,22
14078,1250,10,2025,1,1,3,22
14079,1250,11,2025,1,1,6,22
14080,1250,12,2025,2,0,5,22
14081,1251,1,2025,4,0,4,22
14082,1251,2,2025,1,1,7,22
14083,1251,3,2025,2,1,4,22
14084,1251,4,2025,1,1,1,22
14085,1251,5,2025,2,3,5,22
14086,1251,6,2025,2,0,1,22
14087,1251,7,2025,2,1,2,22
14088,1251,8,2025,0,2,3,22
14089,1251,9,2025,1,2,0,22
14090,1251,10,2025,2,0,4,22
14091,1251,11,2025,1,1,5,22
14092,1251,12,2025,2,0,5,22
14093,1252,1,2025,2,3,3,22
14094,1252,2,2025,3,2,2,22
14095,1252,3,2025,1,1,4,22
14096,1252,4,2025,2,3,2,22
14097,1252,5,2025,5,1,5,22
14098,1252,6,2025,6,4,3,22
14099,1252,7,2025,4,1,0,22
14100,1252,8,2025,2,1,8,22
14101,1252,9,2025,4,1,2,22
14102,1252,10,2025,5,3,1,22
14103,1252,11,2025,5,1,5,22
14104,1252,12,2025,2,1,1,22
14105,1253,1,2025,2,2,6,22
14106,1253,2,2025,1,1,3,22
14107,1253,3,2025,1,1,4,22
14108,1253,4,2025,3,0,8,22
14109,1253,5,2025,0,1,0,22
14110,1253,6,2025,2,0,4,22
14111,1253,7,2025,1,1,5,22
14112,1253,8,2025,2,3,3,22
14113,1253,9,2025,2,1,2,22
14114,1253,10,2025,1,1,5,22
14115,1253,11,2025,2,0,2,22
14116,1253,12,2025,2,0,5,22
14117,1254,1,2025,0,1,3,22
14118,1254,2,2025,1,1,8,22
14119,1254,3,2025,3,1,3,22
14120,1254,4,2025,5,0,1,22
14121,1254,5,2025,1,0,2,22
14122,1254,6,2025,0,0,3,22
14123,1254,7,2025,3,1,5,22
14124,1254,8,2025,4,0,5,22
14125,1254,9,2025,2,2,2,22
14126,1254,10,2025,1,1,2,22
14127,1254,11,2025,2,2,1,22
14128,1254,12,2025,0,0,7,22
14129,1255,1,2025,1,3,4,22
14130,1255,2,2025,2,2,3,22
14131,1255,3,2025,2,6,3,22
14132,1255,5,2025,3,1,6,22
14133,1255,6,2025,1,0,4,22
14134,1255,7,2025,0,1,2,22
14135,1255,11,2025,3,4,4,22
14136,1256,1,2025,3,1,2,22
14137,1256,2,2025,2,2,2,22
14138,1256,4,2025,1,0,1,22
14139,1256,5,2025,0,0,2,22
14140,1256,9,2025,1,1,3,22
14141,1256,10,2025,1,2,2,22
14142,1256,11,2025,3,0,5,22
14143,1256,12,2025,1,1,1,22
14144,1257,1,2025,2,0,3,22
14145,1257,2,2025,2,1,3,22
14146,1257,3,2025,3,0,3,22
14147,1257,4,2025,2,0,2,22
14148,1257,5,2025,3,0,2,22
14149,1257,6,2025,0,3,1,22
14150,1257,7,2025,1,0,6,22
14151,1257,8,2025,0,0,4,22
14152,1257,9,2025,1,1,5,22
14153,1257,10,2025,1,1,4,22
14154,1257,11,2025,0,0,3,22
14155,1257,12,2025,2,2,3,22
14156,1258,1,2025,1,3,2,22
14157,1258,2,2025,6,4,4,22
14158,1258,3,2025,2,1,2,22
14159,1258,4,2025,4,3,3,22
14160,1258,5,2025,2,3,1,22
14161,1258,6,2025,1,1,4,22
14162,1258,7,2025,0,3,3,22
14163,1258,8,2025,0,2,5,22
14164,1258,9,2025,1,1,3,22
14165,1258,10,2025,3,2,1,22
14166,1258,11,2025,1,2,3,22
14167,1258,12,2025,1,1,3,22
14168,1259,1,2025,1,4,4,22
14169,1259,2,2025,0,3,4,22
14170,1259,3,2025,3,1,4,22
14171,1259,4,2025,3,0,4,22
14172,1259,7,2025,0,1,0,22
14173,1259,8,2025,3,1,0,22
14174,1259,9,2025,1,1,0,22
14175,1259,10,2025,1,1,5,22
14176,1260,1,2025,2,0,1,22
14177,1260,2,2025,0,1,6,22
14178,1260,3,2025,2,1,2,22
14179,1260,4,2025,0,1,2,22
14180,1260,5,2025,5,0,2,22
14181,1260,6,2025,1,1,2,22
14182,1260,7,2025,0,1,2,22
14183,1260,8,2025,2,0,7,22
14184,1260,9,2025,1,1,5,22
14185,1260,10,2025,0,1,3,22
14186,1260,11,2025,3,0,0,22
14187,1260,12,2025,0,2,6,22
14188,1261,1,2025,1,0,6,22
14189,1261,2,2025,1,0,3,22
14190,1261,3,2025,2,1,1,22
14191,1261,4,2025,1,2,6,22
14192,1261,6,2025,2,0,4,22
14193,1261,7,2025,1,0,4,22
14194,1261,8,2025,0,1,1,22
14195,1261,9,2025,0,2,2,22
14196,1261,10,2025,1,1,5,22
14197,1261,11,2025,1,2,3,22
14198,1261,12,2025,2,0,2,22
14199,1262,1,2025,1,3,2,22
14200,1262,2,2025,0,2,2,22
14201,1262,3,2025,0,1,3,22
14202,1262,4,2025,2,1,1,22
14203,1262,5,2025,2,0,6,22
14204,1262,6,2025,0,2,1,22
14205,1262,7,2025,0,1,5,22
14206,1262,8,2025,0,0,5,22
14207,1262,9,2025,6,0,4,22
14208,1262,10,2025,2,2,4,22
14209,1262,11,2025,0,1,2,22
14210,1262,12,2025,0,0,9,22
14211,1263,1,2025,2,0,3,22
14212,1263,2,2025,1,0,3,22
14213,1263,3,2025,0,1,4,22
14214,1263,4,2025,1,1,1,22
14215,1263,5,2025,2,0,2,22
14216,1263,6,2025,1,2,2,22
14217,1263,7,2025,2,1,6,22
14218,1263,8,2025,2,2,4,22
14219,1263,9,2025,3,1,3,22
14220,1263,10,2025,1,0,4,22
14221,1263,11,2025,0,2,3,22
14222,1263,12,2025,2,2,0,22
14223,1264,1,2025,1,1,3,22
14224,1264,2,2025,1,2,1,22
14225,1264,3,2025,1,1,2,22
14226,1264,4,2025,2,1,1,22
14227,1264,5,2025,1,1,3,22
14228,1264,6,2025,3,1,2,22
14229,1264,7,2025,0,2,1,22
14230,1264,8,2025,0,0,3,22
14231,1264,9,2025,0,1,5,22
14232,1264,10,2025,1,0,3,22
14233,1264,11,2025,2,1,4,22
14234,1264,12,2025,2,1,1,22
14235,1265,1,2025,1,0,3,22
14236,1265,2,2025,2,4,4,22
14237,1265,3,2025,1,3,3,22
14238,1265,4,2025,4,0,2,22
14239,1265,5,2025,0,0,2,22
14240,1265,6,2025,1,0,6,22
14241,1265,7,2025,0,0,3,22
14242,1265,8,2025,2,1,0,22
14243,1265,9,2025,1,1,2,22
14244,1265,10,2025,0,2,3,22
14245,1265,11,2025,0,3,4,22
14246,1265,12,2025,1,0,2,22
14247,1266,1,2025,2,1,5,22
14248,1266,2,2025,0,1,2,22
14249,1266,3,2025,0,1,0,22
14250,1266,4,2025,4,0,4,22
14251,1266,5,2025,1,0,4,22
14252,1266,6,2025,3,2,2,22
14253,1266,7,2025,1,0,3,22
14254,1266,8,2025,2,0,1,22
14255,1266,9,2025,3,1,2,22
14256,1266,10,2025,1,0,8,22
14257,1266,11,2025,5,1,5,22
14258,1266,12,2025,2,0,2,22
14259,1267,1,2025,4,0,3,22
14260,1267,2,2025,4,2,1,22
14261,1267,3,2025,7,3,4,22
14262,1267,4,2025,2,2,5,22
14263,1267,5,2025,3,2,6,22
14264,1267,6,2025,3,1,4,22
14265,1267,7,2025,3,1,4,22
14266,1267,8,2025,3,2,0,22
14267,1267,9,2025,0,1,5,22
14268,1267,10,2025,2,3,2,22
14269,1267,11,2025,1,4,1,22
14270,1267,12,2025,2,0,2,22
14271,1268,1,2025,1,0,4,22
14272,1268,2,2025,0,2,2,22
14273,1268,3,2025,2,1,4,22
14274,1268,4,2025,0,0,5,22
14275,1268,5,2025,2,0,2,22
14276,1268,6,2025,1,2,5,22
14277,1268,7,2025,3,0,4,22
14278,1268,8,2025,1,0,3,22
14279,1268,9,2025,3,3,6,22
14280,1268,10,2025,0,0,5,22
14281,1268,11,2025,1,0,3,22
14282,1268,12,2025,2,1,3,22
14283,1269,1,2025,0,2,4,22
14284,1269,2,2025,3,0,5,22
14285,1269,3,2025,4,0,2,22
14286,1269,4,2025,3,3,2,22
14287,1269,5,2025,0,0,2,22
14288,1269,6,2025,2,1,3,22
14289,1269,7,2025,1,2,3,22
14290,1269,8,2025,1,2,1,22
14291,1269,9,2025,2,2,1,22
14292,1269,10,2025,2,0,6,22
14293,1269,11,2025,2,0,3,22
14294,1269,12,2025,1,2,4,22
14295,1270,1,2025,1,2,3,22
14296,1270,2,2025,2,1,1,22
14297,1270,3,2025,2,2,2,22
14298,1270,4,2025,3,1,4,22
14299,1270,5,2025,0,1,1,22
14300,1270,6,2025,2,1,1,22
14301,1270,7,2025,1,1,5,22
14302,1270,8,2025,2,0,3,22
14303,1270,9,2025,3,1,3,22
14304,1270,10,2025,3,2,5,22
14305,1270,11,2025,0,1,2,22
14306,1270,12,2025,5,1,2,22
14307,1271,1,2025,3,1,5,22
14308,1271,2,2025,1,0,5,22
14309,1271,3,2025,1,1,2,22
14310,1271,4,2025,0,2,1,22
14311,1271,5,2025,1,0,4,22
14312,1271,6,2025,0,2,2,22
14313,1271,7,2025,1,0,1,22
14314,1271,8,2025,3,1,1,22
14315,1271,9,2025,2,0,5,22
14316,1271,10,2025,3,0,4,22
14317,1271,11,2025,2,0,4,22
14318,1271,12,2025,0,0,1,22
14319,1272,1,2025,0,1,1,22
14320,1272,2,2025,1,0,3,22
14321,1272,3,2025,3,0,3,22
14322,1272,4,2025,0,0,1,22
14323,1272,5,2025,4,0,5,22
14324,1272,6,2025,2,0,3,22
14325,1272,7,2025,0,2,2,22
14326,1272,8,2025,0,0,5,22
14327,1272,9,2025,1,1,2,22
14328,1272,10,2025,3,0,2,22
14329,1272,11,2025,1,1,3,22
14330,1272,12,2025,1,1,2,22
14331,1273,1,2025,2,1,3,22
14332,1273,2,2025,0,0,3,22
14333,1273,3,2025,1,0,4,22
14334,1273,4,2025,3,0,1,22
14335,1273,5,2025,2,0,3,22
14336,1273,6,2025,2,1,3,22
14337,1273,7,2025,1,1,4,22
14338,1273,8,2025,0,3,2,22
14339,1273,9,2025,0,1,0,22
14340,1273,10,2025,2,1,1,22
14341,1273,11,2025,2,2,3,22
14342,1273,12,2025,1,3,0,22
14343,1274,1,2025,2,0,2,22
14344,1274,2,2025,2,2,2,22
14345,1274,3,2025,5,2,2,22
14346,1274,4,2025,3,2,5,22
14347,1274,6,2025,3,1,5,22
14348,1274,7,2025,1,0,2,22
14349,1274,8,2025,3,4,3,22
14350,1274,10,2025,5,1,3,22
14351,1274,11,2025,2,3,2,22
14352,1274,12,2025,0,3,3,22
14353,1275,1,2025,4,3,4,22
14354,1275,2,2025,2,2,0,22
14355,1275,3,2025,2,0,2,22
14356,1275,4,2025,2,4,2,22
14357,1275,5,2025,1,4,4,22
14358,1275,6,2025,3,3,5,22
14359,1275,7,2025,2,0,1,22
14360,1275,8,2025,2,2,1,22
14361,1275,9,2025,2,3,3,22
14362,1275,10,2025,2,0,4,22
14363,1275,11,2025,1,2,4,22
14364,1275,12,2025,0,3,1,22
14365,1276,1,2025,1,4,5,22
14366,1276,2,2025,1,1,6,22
14367,1276,3,2025,1,1,1,22
14368,1276,4,2025,3,6,3,22
14369,1276,5,2025,3,1,2,22
14370,1276,6,2025,4,5,7,22
14371,1276,7,2025,3,2,3,22
14372,1276,8,2025,1,4,3,22
14373,1276,9,2025,3,1,2,22
14374,1276,10,2025,3,3,2,22
14375,1276,11,2025,5,1,3,22
14376,1276,12,2025,2,4,0,22
14377,1277,1,2025,1,1,6,22
14378,1277,2,2025,1,1,2,22
14379,1277,3,2025,0,0,5,22
14380,1277,4,2025,2,0,3,22
14381,1277,5,2025,1,1,0,22
14382,1277,6,2025,3,1,1,22
14383,1277,7,2025,2,1,3,22
14384,1277,8,2025,1,1,5,22
14385,1277,9,2025,1,0,2,22
14386,1277,10,2025,3,0,2,22
14387,1277,11,2025,2,0,2,22
14388,1277,12,2025,2,0,2,22
14389,1278,1,2025,2,2,2,22
14390,1278,2,2025,1,5,2,22
14391,1278,3,2025,3,2,3,22
14392,1278,4,2025,4,1,1,22
14393,1278,5,2025,0,3,3,22
14394,1278,6,2025,5,0,5,22
14395,1278,7,2025,1,3,4,22
14396,1278,8,2025,4,1,1,22
14397,1278,9,2025,8,4,2,22
14398,1278,10,2025,3,1,4,22
14399,1278,11,2025,3,3,2,22
14400,1278,12,2025,5,3,1,22
14401,1279,1,2025,3,1,4,22
14402,1279,2,2025,2,2,2,22
14403,1279,3,2025,3,1,3,22
14404,1279,4,2025,3,5,3,22
14405,1279,5,2025,0,3,3,22
14406,1279,6,2025,4,0,2,22
14407,1279,7,2025,2,1,4,22
14408,1279,8,2025,5,2,1,22
14409,1279,9,2025,4,1,6,22
14410,1279,10,2025,8,2,2,22
14411,1279,11,2025,1,0,4,22
14412,1279,12,2025,2,2,3,22
14413,1280,1,2025,0,1,2,22
14414,1280,2,2025,1,1,1,22
14415,1280,3,2025,3,0,2,22
14416,1280,5,2025,2,3,1,22
14417,1280,6,2025,0,0,3,22
14418,1280,8,2025,0,0,4,22
14419,1280,9,2025,1,0,2,22
14420,1280,10,2025,1,1,3,22
14421,1280,12,2025,1,2,2,22
14422,1281,1,2025,1,4,0,22
14423,1281,2,2025,2,3,3,22
14424,1281,3,2025,7,2,2,22
14425,1281,4,2025,1,3,2,22
14426,1281,5,2025,4,1,2,22
14427,1281,6,2025,2,4,3,22
14428,1281,7,2025,2,3,3,22
14429,1281,8,2025,5,3,3,22
14430,1281,9,2025,3,2,3,22
14431,1281,10,2025,1,1,1,22
14432,1281,11,2025,3,1,3,22
14433,1281,12,2025,3,1,3,22
14434,1282,1,2025,2,1,6,22
14435,1282,2,2025,5,4,8,22
14436,1282,3,2025,0,5,2,22
14437,1282,4,2025,1,1,3,22
14438,1282,5,2025,2,1,1,22
14439,1282,6,2025,1,4,1,22
14440,1282,7,2025,1,2,6,22
14441,1282,8,2025,1,1,4,22
14442,1282,9,2025,3,0,6,22
14443,1282,10,2025,1,1,1,22
14444,1282,11,2025,2,1,3,22
14445,1282,12,2025,2,1,3,22
14446,1283,1,2025,1,0,1,22
14447,1283,2,2025,3,1,1,22
14448,1283,3,2025,0,1,1,22
14449,1283,4,2025,3,1,1,22
14450,1283,5,2025,3,1,4,22
14451,1283,6,2025,0,1,2,22
14452,1283,7,2025,0,3,3,22
14453,1283,8,2025,1,0,4,22
14454,1283,9,2025,1,3,4,22
14455,1283,10,2025,1,2,2,22
14456,1283,11,2025,0,0,6,22
14457,1283,12,2025,1,1,4,22
14458,1284,1,2025,4,3,3,22
14459,1284,2,2025,2,4,3,22
14460,1284,3,2025,3,3,5,22
14461,1284,4,2025,5,4,1,22
14462,1284,5,2025,4,2,6,22
14463,1284,6,2025,1,1,1,22
14464,1284,7,2025,2,2,1,22
14465,1284,8,2025,3,4,0,22
14466,1284,9,2025,4,0,4,22
14467,1284,10,2025,2,2,3,22
14468,1284,11,2025,5,1,1,22
14469,1284,12,2025,1,2,4,22
14470,1285,1,2025,2,2,3,22
14471,1285,2,2025,1,2,1,22
14472,1285,3,2025,1,1,4,22
14473,1285,4,2025,1,1,5,22
14474,1285,5,2025,4,0,6,22
14475,1285,6,2025,1,2,4,22
14476,1285,7,2025,1,1,4,22
14477,1285,8,2025,1,0,2,22
14478,1285,9,2025,1,2,2,22
14479,1285,10,2025,1,1,3,22
14480,1285,11,2025,3,1,2,22
14481,1285,12,2025,0,2,7,22
14482,1286,1,2025,2,1,1,22
14483,1286,2,2025,3,2,3,22
14484,1286,4,2025,2,1,0,22
14485,1286,5,2025,5,1,1,22
14486,1286,7,2025,1,1,3,22
14487,1286,8,2025,2,1,2,22
14488,1286,9,2025,2,1,6,22
14489,1286,12,2025,4,3,3,22
14490,1287,2,2025,2,0,4,22
14491,1287,3,2025,1,5,1,22
14492,1287,5,2025,2,2,4,22
14493,1287,6,2025,0,2,2,22
14494,1287,7,2025,2,2,2,22
14495,1287,8,2025,1,1,1,22
14496,1287,9,2025,3,2,1,22
14497,1287,10,2025,1,4,3,22
14498,1287,11,2025,2,3,3,22
14499,1288,1,2025,6,1,3,22
14500,1288,2,2025,1,4,2,22
14501,1288,3,2025,4,3,0,22
14502,1288,4,2025,4,3,3,22
14503,1288,5,2025,3,0,4,22
14504,1288,6,2025,0,2,3,22
14505,1288,7,2025,2,2,5,22
14506,1288,8,2025,0,2,3,22
14507,1288,9,2025,5,0,3,22
14508,1288,10,2025,0,3,3,22
14509,1288,11,2025,1,1,0,22
14510,1288,12,2025,2,0,2,22
14511,1289,1,2025,2,0,2,22
14512,1289,2,2025,3,1,3,22
14513,1289,4,2025,0,0,5,22
14514,1289,5,2025,1,0,1,22
14515,1289,6,2025,2,1,2,22
14516,1289,7,2025,1,1,8,22
14517,1289,8,2025,1,1,6,22
14518,1289,9,2025,1,2,4,22
14519,1289,10,2025,2,0,1,22
14520,1289,11,2025,5,3,3,22
14521,1289,12,2025,2,0,2,22
14522,1290,1,2025,1,1,3,22
14523,1290,2,2025,1,3,2,22
14524,1290,3,2025,2,0,5,22
14525,1290,4,2025,1,0,5,22
14526,1290,5,2025,0,1,4,22
14527,1290,6,2025,2,0,1,22
14528,1290,7,2025,2,0,2,22
14529,1290,8,2025,2,2,3,22
14530,1290,9,2025,0,0,2,22
14531,1290,10,2025,4,1,5,22
14532,1290,11,2025,2,0,6,22
14533,1290,12,2025,1,2,5,22
14534,1291,1,2025,1,1,2,22
14535,1291,2,2025,2,2,2,22
14536,1291,3,2025,2,0,1,22
14537,1291,4,2025,0,0,5,22
14538,1291,5,2025,1,0,1,22
14539,1291,6,2025,2,1,2,22
14540,1291,7,2025,2,2,0,22
14541,1291,8,2025,2,2,3,22
14542,1291,9,2025,3,0,5,22
14543,1291,10,2025,3,1,3,22
14544,1291,11,2025,0,0,3,22
14545,1291,12,2025,3,0,4,22
14546,1292,2,2025,0,2,1,22
14547,1292,3,2025,1,1,3,22
14548,1292,6,2025,1,1,4,22
14549,1292,7,2025,0,0,2,22
14550,1292,8,2025,2,2,3,22
14551,1292,9,2025,4,1,2,22
14552,1292,10,2025,5,2,4,22
14553,1292,11,2025,4,2,2,22
14554,1292,12,2025,4,1,1,22
14555,1293,1,2025,0,0,7,22
14556,1293,2,2025,1,1,4,22
14557,1293,3,2025,1,0,3,22
14558,1293,4,2025,1,1,4,22
14559,1293,5,2025,1,2,3,22
14560,1293,6,2025,5,0,4,22
14561,1293,7,2025,1,1,6,22
14562,1293,8,2025,1,3,3,22
14563,1293,9,2025,0,1,3,22
14564,1293,10,2025,0,0,1,22
14565,1293,11,2025,3,0,2,22
14566,1293,12,2025,2,1,1,22
14567,1294,1,2025,3,6,1,22
14568,1294,2,2025,2,4,3,22
14569,1294,3,2025,3,3,3,22
14570,1294,4,2025,1,1,6,22
14571,1294,5,2025,1,2,2,22
14572,1294,6,2025,5,3,7,22
14573,1294,7,2025,1,1,0,22
14574,1294,8,2025,4,2,5,22
14575,1294,9,2025,3,2,1,22
14576,1294,10,2025,2,2,6,22
14577,1294,11,2025,1,1,3,22
14578,1294,12,2025,3,2,2,22
14579,1295,1,2025,1,0,3,22
14580,1295,2,2025,1,0,6,22
14581,1295,3,2025,1,0,4,22
14582,1295,4,2025,2,2,2,22
14583,1295,5,2025,4,0,3,22
14584,1295,6,2025,0,2,3,22
14585,1295,7,2025,7,0,2,22
14586,1295,8,2025,0,2,3,22
14587,1295,9,2025,4,1,8,22
14588,1295,10,2025,1,2,3,22
14589,1295,11,2025,3,0,5,22
14590,1295,12,2025,0,1,3,22
14591,1296,1,2025,4,2,4,22
14592,1296,2,2025,5,2,3,22
14593,1296,3,2025,0,2,2,22
14594,1296,4,2025,1,1,3,22
14595,1296,5,2025,2,1,4,22
14596,1296,6,2025,4,2,4,22
14597,1296,7,2025,3,3,2,22
14598,1296,8,2025,6,2,3,22
14599,1296,9,2025,2,2,7,22
14600,1296,10,2025,2,2,3,22
14601,1296,11,2025,2,2,7,22
14602,1296,12,2025,3,3,3,22
14603,1297,1,2025,0,1,1,22
14604,1297,2,2025,2,0,4,22
14605,1297,3,2025,0,1,3,22
14606,1297,4,2025,1,1,6,22
14607,1297,5,2025,0,0,2,22
14608,1297,6,2025,0,1,1,22
14609,1297,7,2025,0,0,2,22
14610,1297,8,2025,0,2,2,22
14611,1297,9,2025,5,1,0,22
14612,1297,10,2025,0,0,6,22
14613,1297,11,2025,1,1,3,22
14614,1297,12,2025,2,0,5,22
14615,1298,1,2025,1,0,3,22
14616,1298,2,2025,1,2,4,22
14617,1298,3,2025,0,0,1,22
14618,1298,4,2025,2,0,7,22
14619,1298,5,2025,3,0,6,22
14620,1298,6,2025,3,0,4,22
14621,1298,7,2025,1,2,1,22
14622,1298,8,2025,0,3,4,22
14623,1298,9,2025,3,1,5,22
14624,1298,10,2025,2,0,2,22
14625,1298,11,2025,0,4,6,22
14626,1298,12,2025,2,1,4,22
14627,1299,1,2025,0,2,0,22
14628,1299,2,2025,0,1,6,22
14629,1299,3,2025,2,3,3,22
14630,1299,4,2025,0,2,4,22
14631,1299,5,2025,1,1,4,22
14632,1299,6,2025,2,1,3,22
14633,1299,7,2025,2,0,3,22
14634,1299,8,2025,0,0,4,22
14635,1299,9,2025,3,1,5,22
14636,1299,10,2025,2,1,3,22
14637,1299,11,2025,1,2,6,22
14638,1299,12,2025,0,4,2,22
14639,1300,1,2025,2,0,5,22
14640,1300,2,2025,0,0,2,22
14641,1300,3,2025,1,0,3,22
14642,1300,4,2025,4,0,4,22
14643,1300,5,2025,1,1,0,22
14644,1300,6,2025,1,2,5,22
14645,1300,7,2025,1,0,1,22
14646,1300,8,2025,2,1,0,22
14647,1300,9,2025,2,0,4,22
14648,1300,10,2025,1,1,4,22
14649,1300,11,2025,3,0,4,22
14650,1300,12,2025,4,1,3,22
14651,1301,1,2025,1,0,2,22
14652,1301,2,2025,3,2,1,22
14653,1301,3,2025,1,1,4,22
14654,1301,4,2025,0,2,3,22
14655,1301,5,2025,1,1,4,22
14656,1301,6,2025,0,2,4,22
14657,1301,7,2025,0,0,4,22
14658,1301,8,2025,2,1,5,22
14659,1301,9,2025,1,1,3,22
14660,1301,10,2025,2,0,1,22
14661,1301,11,2025,0,0,2,22
14662,1301,12,2025,1,1,4,22
14663,1302,1,2025,2,1,4,22
14664,1302,2,2025,2,3,6,22
14665,1302,3,2025,0,2,5,22
14666,1302,4,2025,2,2,1,22
14667,1302,5,2025,0,2,3,22
14668,1302,6,2025,1,2,2,22
14669,1302,7,2025,2,3,1,22
14670,1302,8,2025,3,2,4,22
14671,1302,9,2025,5,0,2,22
14672,1302,10,2025,3,1,4,22
14673,1302,11,2025,2,1,0,22
14674,1302,12,2025,5,3,4,22
14675,1303,1,2025,1,0,2,22
14676,1303,2,2025,4,1,1,22
14677,1303,3,2025,4,1,4,22
14678,1303,4,2025,4,0,1,22
14679,1303,5,2025,1,0,1,22
14680,1303,6,2025,1,1,1,22
14681,1303,7,2025,0,0,0,22
14682,1303,8,2025,3,0,2,22
14683,1303,9,2025,1,1,4,22
14684,1303,10,2025,2,3,2,22
14685,1303,11,2025,1,1,1,22
14686,1303,12,2025,1,0,3,22
14687,1304,1,2025,3,0,2,22
14688,1304,2,2025,0,2,6,22
14689,1304,3,2025,1,4,4,22
14690,1304,4,2025,1,0,1,22
14691,1304,5,2025,1,0,4,22
14692,1304,6,2025,4,1,3,22
14693,1304,7,2025,0,1,2,22
14694,1304,8,2025,0,0,3,22
14695,1304,9,2025,3,0,2,22
14696,1304,10,2025,0,1,2,22
14697,1304,11,2025,2,0,1,22
14698,1304,12,2025,0,2,2,22
14699,1305,1,2025,2,2,4,22
14700,1305,2,2025,1,1,4,22
14701,1305,3,2025,1,2,1,22
14702,1305,4,2025,1,0,0,22
14703,1305,5,2025,2,2,3,22
14704,1305,6,2025,1,0,2,22
14705,1305,7,2025,1,1,5,22
14706,1305,8,2025,2,1,6,22
14707,1305,9,2025,3,1,1,22
14708,1305,10,2025,1,0,5,22
14709,1305,11,2025,1,1,3,22
14710,1305,12,2025,1,1,4,22
14711,1306,1,2025,3,3,3,22
14712,1306,2,2025,1,1,6,22
14713,1306,3,2025,3,3,3,22
14714,1306,4,2025,2,4,2,22
14715,1306,5,2025,1,2,2,22
14716,1306,6,2025,0,0,1,22
14717,1306,7,2025,2,3,1,22
14718,1306,8,2025,2,1,3,22
14719,1306,9,2025,3,5,2,22
14720,1306,10,2025,2,2,2,22
14721,1306,11,2025,4,4,2,22
14722,1306,12,2025,1,3,5,22
14723,1307,1,2025,2,1,1,22
14724,1307,2,2025,0,1,7,22
14725,1307,3,2025,4,1,1,22
14726,1307,4,2025,2,0,7,22
14727,1307,5,2025,3,2,1,22
14728,1307,6,2025,1,1,4,22
14729,1307,7,2025,6,1,5,22
14730,1307,8,2025,1,0,1,22
14731,1307,9,2025,1,2,3,22
14732,1307,10,2025,6,1,1,22
14733,1307,11,2025,1,2,3,22
14734,1307,12,2025,2,1,2,22
14735,1308,1,2025,1,2,3,22
14736,1308,2,2025,1,0,6,22
14737,1308,3,2025,3,0,1,22
14738,1308,4,2025,1,2,5,22
14739,1308,5,2025,0,0,2,22
14740,1308,6,2025,3,1,2,22
14741,1308,9,2025,1,0,3,22
14742,1308,10,2025,3,3,5,22
14743,1308,11,2025,1,1,1,22
14744,1308,12,2025,2,1,0,22
14745,1309,1,2025,1,0,2,22
14746,1309,2,2025,2,2,6,22
14747,1309,3,2025,1,1,1,22
14748,1309,4,2025,0,0,1,22
14749,1309,5,2025,3,1,5,22
14750,1309,6,2025,0,0,1,22
14751,1309,7,2025,4,2,5,22
14752,1309,8,2025,6,0,4,22
14753,1309,9,2025,1,1,5,22
14754,1309,10,2025,0,0,6,22
14755,1309,11,2025,2,0,2,22
14756,1309,12,2025,0,2,7,22
14757,1310,1,2025,2,0,5,22
14758,1310,2,2025,2,0,4,22
14759,1310,3,2025,3,0,4,22
14760,1310,4,2025,0,1,3,22
14761,1310,5,2025,2,0,2,22
14762,1310,6,2025,0,0,3,22
14763,1310,7,2025,2,1,1,22
14764,1310,8,2025,0,1,3,22
14765,1310,9,2025,1,2,2,22
14766,1310,11,2025,0,1,4,22
14767,1310,12,2025,2,2,2,22
14768,1311,1,2025,3,3,3,22
14769,1311,2,2025,1,3,1,22
14770,1311,3,2025,2,0,1,22
14771,1311,4,2025,1,1,3,22
14772,1311,5,2025,1,4,4,22
14773,1311,6,2025,0,1,2,22
14774,1311,7,2025,0,1,4,22
14775,1311,8,2025,0,1,4,22
14776,1311,9,2025,1,1,3,22
14777,1311,10,2025,1,0,3,22
14778,1311,11,2025,2,0,4,22
14779,1311,12,2025,2,1,2,22
14780,1312,1,2025,2,3,3,22
14781,1312,2,2025,0,0,3,22
14782,1312,3,2025,2,1,9,22
14783,1312,4,2025,1,0,1,22
14784,1312,5,2025,3,1,2,22
14785,1312,6,2025,0,0,1,22
14786,1312,7,2025,1,1,2,22
14787,1312,8,2025,1,1,3,22
14788,1312,9,2025,1,1,4,22
14789,1312,10,2025,0,0,3,22
14790,1312,11,2025,0,3,7,22
14791,1312,12,2025,3,1,4,22
14792,1313,1,2025,3,2,0,22
14793,1313,2,2025,1,4,2,22
14794,1313,3,2025,1,0,5,22
14795,1313,4,2025,1,1,2,22
14796,1313,5,2025,0,0,4,22
14797,1313,6,2025,3,0,2,22
14798,1313,7,2025,0,2,7,22
14799,1313,8,2025,0,1,2,22
14800,1313,9,2025,0,1,1,22
14801,1313,10,2025,1,1,1,22
14802,1313,11,2025,1,1,0,22
14803,1313,12,2025,3,1,1,22
14804,1314,1,2025,1,2,3,22
14805,1314,2,2025,1,3,4,22
14806,1314,3,2025,3,0,2,22
14807,1314,4,2025,1,1,4,22
14808,1314,5,2025,1,1,1,22
14809,1314,6,2025,2,1,1,22
14810,1314,7,2025,2,1,4,22
14811,1314,8,2025,2,2,3,22
14812,1314,9,2025,1,1,5,22
14813,1314,10,2025,2,0,1,22
14814,1314,11,2025,0,0,3,22
14815,1314,12,2025,1,0,2,22
14816,1315,1,2025,1,2,3,22
14817,1315,2,2025,3,0,4,22
14818,1315,3,2025,3,1,5,22
14819,1315,4,2025,3,2,5,22
14820,1315,5,2025,6,1,3,22
14821,1315,6,2025,3,2,5,22
14822,1315,7,2025,4,2,3,22
14823,1315,8,2025,0,4,1,22
14824,1316,1,2025,1,0,4,22
14825,1316,2,2025,2,5,1,22
14826,1316,3,2025,3,1,1,22
14827,1316,4,2025,0,0,2,22
14828,1316,5,2025,1,0,5,22
14829,1316,6,2025,0,0,0,22
14830,1316,7,2025,5,2,1,22
14831,1316,8,2025,2,0,3,22
14832,1316,9,2025,4,0,2,22
14833,1316,10,2025,0,0,2,22
14834,1316,11,2025,4,0,2,22
14835,1316,12,2025,0,1,2,22
14836,1317,1,2025,1,1,2,22
14837,1317,2,2025,3,0,2,22
14838,1317,3,2025,1,3,6,22
14839,1317,4,2025,0,0,1,22
14840,1317,5,2025,2,0,3,22
14841,1317,6,2025,1,4,3,22
14842,1317,7,2025,4,2,1,22
14843,1317,8,2025,2,1,2,22
14844,1317,9,2025,2,2,2,22
14845,1317,10,2025,3,3,3,22
14846,1317,11,2025,1,2,4,22
14847,1317,12,2025,4,0,4,22
14848,1318,1,2025,2,1,5,22
14849,1318,2,2025,0,2,5,22
14850,1318,3,2025,3,1,0,22
14851,1318,4,2025,2,0,6,22
14852,1318,5,2025,2,1,3,22
14853,1318,6,2025,1,2,7,22
14854,1318,7,2025,2,1,3,22
14855,1318,8,2025,2,1,7,22
14856,1318,9,2025,3,1,3,22
14857,1318,10,2025,2,0,1,22
14858,1318,11,2025,1,1,4,22
14859,1318,12,2025,1,0,2,22
14860,1319,1,2025,0,0,2,22
14861,1319,2,2025,3,0,1,22
14862,1319,3,2025,2,6,1,22
14863,1319,4,2025,3,0,6,22
14864,1319,5,2025,2,1,5,22
14865,1319,6,2025,0,5,6,22
14866,1319,7,2025,2,3,4,22
14867,1319,8,2025,3,2,3,22
14868,1319,9,2025,2,3,4,22
14869,1319,10,2025,3,0,2,22
14870,1319,11,2025,2,0,2,22
14871,1319,12,2025,2,1,4,22
14872,1320,1,2025,1,1,3,22
14873,1320,2,2025,1,2,4,22
14874,1320,3,2025,2,3,3,22
14875,1320,4,2025,0,1,3,22
14876,1320,5,2025,2,2,3,22
14877,1320,6,2025,3,4,1,22
14878,1320,7,2025,2,1,4,22
14879,1320,8,2025,3,0,2,22
14880,1320,9,2025,4,0,2,22
14881,1320,10,2025,4,1,5,22
14882,1320,11,2025,3,2,4,22
14883,1320,12,2025,4,1,4,22
14884,1321,1,2025,2,2,2,22
14885,1321,2,2025,1,1,2,22
14886,1321,3,2025,1,2,4,22
14887,1321,4,2025,2,1,6,22
14888,1321,5,2025,1,1,2,22
14889,1321,6,2025,2,2,0,22
14890,1321,7,2025,0,0,3,22
14891,1321,8,2025,1,0,5,22
14892,1321,9,2025,5,2,2,22
14893,1321,10,2025,2,2,0,22
14894,1321,11,2025,5,1,5,22
14895,1321,12,2025,1,0,2,22
14896,1322,1,2025,1,0,1,22
14897,1322,2,2025,2,1,2,22
14898,1322,3,2025,1,1,0,22
14899,1322,4,2025,2,0,3,22
14900,1322,5,2025,5,2,4,22
14901,1322,6,2025,1,0,6,22
14902,1322,7,2025,3,2,3,22
14903,1322,8,2025,3,0,3,22
14904,1322,9,2025,1,0,1,22
14905,1322,10,2025,1,2,2,22
14906,1322,11,2025,3,0,2,22
14907,1322,12,2025,2,2,3,22
14908,1323,1,2025,3,1,3,22
14909,1323,2,2025,0,1,3,22
14910,1323,3,2025,0,1,0,22
14911,1323,4,2025,2,1,3,22
14912,1323,5,2025,1,1,4,22
14913,1323,6,2025,1,1,3,22
14914,1323,7,2025,1,1,1,22
14915,1323,8,2025,2,1,5,22
14916,1323,9,2025,0,0,1,22
14917,1323,10,2025,1,2,2,22
14918,1323,11,2025,2,0,2,22
14919,1323,12,2025,0,0,0,22
14920,1324,1,2025,2,0,5,22
14921,1324,2,2025,5,0,4,22
14922,1324,3,2025,1,1,3,22
14923,1324,4,2025,1,1,2,22
14924,1324,5,2025,3,2,5,22
14925,1324,6,2025,2,0,0,22
14926,1324,7,2025,4,2,2,22
14927,1324,8,2025,1,0,2,22
14928,1324,9,2025,3,0,3,22
14929,1324,10,2025,1,0,2,22
14930,1324,11,2025,0,1,4,22
14931,1324,12,2025,0,1,3,22
14932,1325,1,2025,0,0,2,22
14933,1325,2,2025,0,0,3,22
14934,1325,3,2025,1,0,3,22
14935,1325,4,2025,2,1,1,22
14936,1325,5,2025,1,1,4,22
14937,1325,6,2025,4,1,6,22
14938,1325,7,2025,1,4,1,22
14939,1325,8,2025,1,1,5,22
14940,1325,9,2025,1,2,2,22
14941,1325,10,2025,1,0,3,22
14942,1325,11,2025,1,0,2,22
14943,1325,12,2025,0,1,2,22
14944,1326,1,2025,1,1,4,22
14945,1326,2,2025,1,3,4,22
14946,1326,3,2025,0,3,3,22
14947,1326,4,2025,2,0,5,22
14948,1326,5,2025,1,0,3,22
14949,1326,6,2025,1,1,1,22
14950,1326,7,2025,1,1,4,22
14951,1326,8,2025,1,3,6,22
14952,1326,9,2025,2,1,2,22
14953,1326,10,2025,0,0,2,22
14954,1326,11,2025,0,1,4,22
14955,1326,12,2025,0,1,3,22
14956,1327,1,2025,2,2,0,22
14957,1327,2,2025,3,1,2,22
14958,1327,3,2025,1,0,3,22
14959,1327,4,2025,3,4,4,22
14960,1327,5,2025,1,3,3,22
14961,1327,6,2025,2,2,2,22
14962,1327,7,2025,0,2,7,22
14963,1327,8,2025,0,0,5,22
14964,1327,9,2025,2,1,1,22
14965,1327,10,2025,1,0,2,22
14966,1327,11,2025,1,0,4,22
14967,1327,12,2025,0,2,3,22
14968,1328,1,2025,1,1,1,22
14969,1328,2,2025,2,2,2,22
14970,1328,3,2025,2,2,5,22
14971,1328,4,2025,0,1,1,22
14972,1328,5,2025,1,0,1,22
14973,1328,6,2025,0,1,2,22
14974,1328,7,2025,2,3,6,22
14975,1328,8,2025,1,1,5,22
14976,1328,9,2025,2,1,0,22
14977,1328,10,2025,1,0,7,22
14978,1328,11,2025,3,2,4,22
14979,1328,12,2025,0,0,4,22
14980,1329,1,2025,1,1,5,22
14981,1329,2,2025,0,0,0,22
14982,1329,4,2025,1,0,3,22
14983,1329,5,2025,3,2,0,22
14984,1329,6,2025,2,1,2,22
14985,1329,7,2025,2,0,5,22
14986,1329,8,2025,1,2,1,22
14987,1329,9,2025,1,0,2,22
14988,1329,10,2025,0,0,1,22
14989,1329,11,2025,1,3,5,22
14990,1329,12,2025,2,0,5,22
14991,1330,1,2025,4,2,3,22
14992,1330,2,2025,1,1,6,22
14993,1330,5,2025,4,3,2,22
14994,1330,7,2025,5,4,2,22
14995,1330,10,2025,1,2,6,22
14996,1331,3,2025,4,2,1,22
14997,1331,4,2025,1,2,1,22
14998,1331,5,2025,4,3,2,22
14999,1331,6,2025,1,0,1,22
15000,1331,7,2025,1,1,0,22
15001,1331,8,2025,0,0,4,22
15002,1331,9,2025,2,1,1,22
15003,1331,10,2025,2,6,5,22
15004,1331,11,2025,7,6,2,22
15005,1331,12,2025,0,4,2,22
15006,1332,1,2025,1,0,2,22
15007,1332,4,2025,3,2,7,22
15008,1332,5,2025,1,1,0,22
15009,1332,6,2025,0,0,3,22
15010,1332,7,2025,3,4,2,22
15011,1332,8,2025,1,0,2,22
15012,1332,10,2025,2,0,1,22
15013,1332,12,2025,3,3,2,22
15014,1333,2,2025,3,1,3,22
15015,1333,3,2025,2,2,4,22
15016,1333,4,2025,1,2,2,22
15017,1333,7,2025,3,4,5,22
15018,1333,8,2025,5,3,1,22
15019,1333,9,2025,2,0,6,22
15020,1333,10,2025,2,0,6,22
15021,1333,11,2025,2,3,2,22
15022,1333,12,2025,3,0,5,22
15023,1334,1,2025,5,3,2,22
15024,1334,2,2025,5,4,4,22
15025,1334,3,2025,2,0,2,22
15026,1334,4,2025,2,2,1,22
15027,1334,5,2025,1,4,3,22
15028,1334,6,2025,1,2,3,22
15029,1334,7,2025,2,4,2,22
15030,1334,8,2025,1,4,5,22
15031,1334,9,2025,3,2,2,22
15032,1334,10,2025,0,0,7,22
15033,1334,11,2025,5,2,4,22
15034,1334,12,2025,1,0,2,22
15035,1335,1,2025,2,1,3,22
15036,1335,2,2025,0,3,3,22
15037,1335,3,2025,1,2,4,22
15038,1335,4,2025,5,7,1,22
15039,1335,5,2025,2,4,3,22
15040,1335,6,2025,3,0,2,22
15041,1335,7,2025,3,4,2,22
15042,1335,8,2025,4,1,2,22
15043,1335,9,2025,1,4,3,22
15044,1335,10,2025,4,2,4,22
15045,1335,11,2025,1,1,4,22
15046,1335,12,2025,3,0,1,22
15047,1336,1,2025,2,2,2,22
15048,1336,2,2025,1,0,3,22
15049,1336,3,2025,1,3,3,22
15050,1336,4,2025,3,1,2,22
15051,1336,5,2025,2,0,3,22
15052,1336,6,2025,3,1,1,22
15053,1336,7,2025,4,1,1,22
15054,1336,8,2025,1,0,1,22
15055,1336,9,2025,2,2,5,22
15056,1336,10,2025,1,2,3,22
15057,1336,11,2025,2,0,6,22
15058,1336,12,2025,1,0,2,22
15059,1337,1,2025,2,1,6,22
15060,1337,2,2025,1,1,3,22
15061,1337,3,2025,4,4,2,22
15062,1337,4,2025,2,4,4,22
15063,1337,5,2025,4,2,1,22
15064,1337,6,2025,5,7,5,22
15065,1337,7,2025,7,0,3,22
15066,1337,8,2025,3,2,2,22
15067,1337,9,2025,2,0,4,22
15068,1337,10,2025,1,2,1,22
15069,1337,11,2025,1,3,4,22
15070,1337,12,2025,5,0,3,22
15071,1338,1,2025,2,3,3,22
15072,1338,2,2025,3,2,3,22
15073,1338,3,2025,3,0,3,22
15074,1338,4,2025,1,0,3,22
15075,1338,5,2025,3,1,2,22
15076,1338,6,2025,3,0,8,22
15077,1338,7,2025,0,2,3,22
15078,1338,8,2025,0,1,3,22
15079,1338,9,2025,1,1,2,22
15080,1338,10,2025,1,0,2,22
15081,1338,11,2025,2,1,3,22
15082,1338,12,2025,0,2,5,22
15083,1339,1,2025,2,0,5,22
15084,1339,2,2025,1,1,5,22
15085,1339,3,2025,3,2,3,22
15086,1339,4,2025,1,0,1,22
15087,1339,5,2025,2,0,5,22
15088,1339,6,2025,1,1,2,22
15089,1339,7,2025,2,0,6,22
15090,1339,8,2025,2,1,2,22
15091,1339,9,2025,3,0,1,22
15092,1339,10,2025,1,2,2,22
15093,1339,11,2025,2,0,5,22
15094,1339,12,2025,1,0,0,22
15095,1340,1,2025,1,4,6,22
15096,1340,5,2025,2,2,3,22
15097,1340,6,2025,3,3,1,22
15098,1340,7,2025,1,1,3,22
15099,1340,8,2025,1,1,3,22
15100,1340,9,2025,0,0,4,22
15101,1340,10,2025,0,0,7,22
15102,1340,11,2025,0,0,4,22
15103,1340,12,2025,1,1,3,22
15104,1341,1,2025,2,0,3,22
15105,1341,2,2025,1,1,3,22
15106,1341,3,2025,2,1,2,22
15107,1341,4,2025,1,1,2,22
15108,1341,5,2025,2,2,3,22
15109,1341,6,2025,1,0,2,22
15110,1341,7,2025,1,1,0,22
15111,1341,8,2025,1,1,5,22
15112,1341,9,2025,3,0,2,22
15113,1341,10,2025,2,2,3,22
15114,1341,11,2025,0,2,4,22
15115,1341,12,2025,0,0,1,22
15116,1342,1,2025,3,0,5,22
15117,1342,2,2025,0,5,5,22
15118,1342,3,2025,5,0,1,22
15119,1342,4,2025,4,1,1,22
15120,1342,5,2025,0,1,4,22
15121,1342,6,2025,5,1,6,22
15122,1342,7,2025,2,6,2,22
15123,1342,8,2025,1,3,3,22
15124,1342,9,2025,6,3,4,22
15125,1342,10,2025,1,2,2,22
15126,1342,11,2025,2,1,1,22
15127,1342,12,2025,1,1,4,22
15128,1343,1,2025,1,1,2,22
15129,1343,2,2025,1,2,3,22
15130,1343,3,2025,1,0,2,22
15131,1343,4,2025,1,0,2,22
15132,1343,5,2025,2,2,4,22
15133,1343,6,2025,2,0,6,22
15134,1343,7,2025,0,0,3,22
15135,1343,8,2025,4,1,1,22
15136,1343,9,2025,1,3,1,22
15137,1343,10,2025,2,0,4,22
15138,1343,11,2025,0,1,6,22
15139,1343,12,2025,1,0,6,22
15140,1344,1,2025,3,1,7,22
15141,1344,2,2025,2,4,4,22
15142,1344,3,2025,0,1,1,22
15143,1344,4,2025,2,2,3,22
15144,1344,5,2025,2,1,7,22
15145,1344,6,2025,2,1,3,22
15146,1344,7,2025,0,1,7,22
15147,1344,8,2025,2,2,1,22
15148,1344,9,2025,0,0,5,22
15149,1344,10,2025,0,2,3,22
15150,1344,11,2025,1,5,3,22
15151,1344,12,2025,0,1,1,22
15152,1345,1,2025,3,1,8,22
15153,1345,2,2025,4,0,7,22
15154,1345,3,2025,2,0,2,22
15155,1345,4,2025,1,1,2,22
15156,1345,5,2025,2,1,1,22
15157,1345,6,2025,1,2,3,22
15158,1345,8,2025,0,1,3,22
15159,1345,10,2025,2,0,3,22
15160,1346,1,2025,0,1,4,22
15161,1346,2,2025,0,2,5,22
15162,1346,3,2025,1,2,2,22
15163,1346,4,2025,0,2,3,22
15164,1346,5,2025,2,0,4,22
15165,1346,6,2025,3,2,4,22
15166,1346,7,2025,0,0,1,22
15167,1346,8,2025,3,0,5,22
15168,1346,9,2025,0,2,1,22
15169,1346,10,2025,0,3,2,22
15170,1346,11,2025,3,0,1,22
15171,1346,12,2025,0,2,6,22
15172,1347,1,2025,3,2,7,22
15173,1347,2,2025,4,3,1,22
15174,1347,3,2025,2,1,2,22
15175,1347,4,2025,1,4,3,22
15176,1347,5,2025,2,3,3,22
15177,1347,6,2025,2,3,3,22
15178,1347,7,2025,1,4,4,22
15179,1347,8,2025,2,0,1,22
15180,1347,9,2025,4,3,4,22
15181,1347,10,2025,2,2,3,22
15182,1347,11,2025,3,0,3,22
15183,1347,12,2025,3,2,2,22
15184,1348,1,2025,2,0,3,22
15185,1348,2,2025,1,1,3,22
15186,1348,3,2025,3,1,4,22
15187,1348,4,2025,1,3,3,22
15188,1348,5,2025,1,1,0,22
15189,1348,6,2025,0,3,4,22
15190,1348,7,2025,2,2,4,22
15191,1348,8,2025,1,0,3,22
15192,1348,9,2025,4,1,1,22
15193,1348,10,2025,1,1,5,22
15194,1348,11,2025,2,0,2,22
15195,1348,12,2025,1,2,5,22
15196,1349,1,2025,1,0,2,22
15197,1349,3,2025,1,1,1,22
15198,1349,4,2025,0,1,1,22
15199,1349,6,2025,1,1,0,22
15200,1349,8,2025,2,1,4,22
15201,1349,10,2025,4,0,5,22
15202,1349,11,2025,3,2,4,22
15203,1350,1,2025,4,1,4,22
15204,1350,2,2025,0,2,0,22
15205,1350,5,2025,1,0,0,22
15206,1350,8,2025,2,1,6,22
15207,1350,9,2025,2,0,1,22
15208,1350,10,2025,1,1,3,22
15209,1350,11,2025,2,1,5,22
15210,1351,1,2025,3,2,3,22
15211,1351,2,2025,4,1,1,22
15212,1351,3,2025,0,1,1,22
15213,1351,4,2025,2,1,3,22
15214,1351,5,2025,3,0,3,22
15215,1351,6,2025,3,2,6,22
15216,1351,7,2025,0,0,1,22
15217,1351,8,2025,1,1,2,22
15218,1351,9,2025,1,3,7,22
15219,1351,10,2025,1,0,2,22
15220,1351,11,2025,1,0,2,22
15221,1351,12,2025,1,1,3,22
15222,1352,1,2025,3,2,5,22
15223,1352,2,2025,4,2,3,22
15224,1352,4,2025,8,1,4,22
15225,1352,5,2025,4,2,4,22
15226,1352,6,2025,2,2,2,22
15227,1352,7,2025,1,3,1,22
15228,1352,8,2025,6,1,2,22
15229,1352,9,2025,2,1,6,22
15230,1352,11,2025,2,1,3,22
15231,1352,12,2025,3,0,3,22
15232,1353,1,2025,1,1,4,22
15233,1353,3,2025,4,1,2,22
15234,1353,6,2025,4,1,0,22
15235,1353,7,2025,2,3,2,22
15236,1353,10,2025,3,1,1,22
15237,1353,12,2025,1,1,5,22
15238,1354,1,2025,2,2,5,22
15239,1354,2,2025,0,1,1,22
15240,1354,3,2025,4,3,1,22
15241,1354,4,2025,2,1,3,22
15242,1354,5,2025,2,2,4,22
15243,1354,6,2025,1,3,3,22
15244,1354,7,2025,2,1,2,22
15245,1354,8,2025,2,0,3,22
15246,1354,9,2025,5,2,0,22
15247,1354,10,2025,0,2,2,22
15248,1354,11,2025,5,0,6,22
15249,1354,12,2025,2,2,2,22
15250,1355,1,2025,2,1,2,22
15251,1355,2,2025,3,1,3,22
15252,1355,3,2025,1,2,2,22
15253,1355,4,2025,3,1,1,22
15254,1355,6,2025,1,0,3,22
15255,1355,7,2025,1,2,2,22
15256,1355,8,2025,1,0,3,22
15257,1355,9,2025,2,1,2,22
15258,1355,11,2025,2,2,5,22
15259,1355,12,2025,1,2,5,22
15260,1356,1,2025,0,2,2,22
15261,1356,2,2025,1,2,3,22
15262,1356,3,2025,5,1,3,22
15263,1356,4,2025,1,0,3,22
15264,1356,5,2025,1,3,2,22
15265,1356,6,2025,4,0,2,22
15266,1356,7,2025,2,1,4,22
15267,1356,8,2025,1,0,2,22
15268,1356,9,2025,0,1,4,22
15269,1356,10,2025,2,1,0,22
15270,1356,11,2025,2,0,3,22
15271,1356,12,2025,2,1,3,22
15272,1357,1,2025,1,0,0,22
15273,1357,2,2025,2,1,8,22
15274,1357,3,2025,0,1,3,22
15275,1357,4,2025,0,2,2,22
15276,1357,5,2025,2,0,3,22
15277,1357,6,2025,1,1,4,22
15278,1357,7,2025,2,0,0,22
15279,1357,8,2025,1,0,3,22
15280,1357,9,2025,1,2,4,22
15281,1357,10,2025,0,1,2,22
15282,1357,11,2025,2,0,5,22
15283,1357,12,2025,1,0,6,22
15284,1358,1,2025,2,3,7,22
15285,1358,2,2025,1,1,2,22
15286,1358,3,2025,0,4,2,22
15287,1358,4,2025,3,2,1,22
15288,1358,5,2025,0,2,2,22
15289,1358,6,2025,1,1,0,22
15290,1358,7,2025,1,3,2,22
15291,1358,8,2025,1,2,4,22
15292,1358,9,2025,0,3,6,22
15293,1358,10,2025,2,1,4,22
15294,1358,11,2025,2,3,0,22
15295,1358,12,2025,0,1,3,22
15296,1359,1,2025,0,1,3,22
15297,1359,2,2025,3,2,4,22
15298,1359,3,2025,1,1,4,22
15299,1359,4,2025,3,1,3,22
15300,1359,5,2025,1,2,4,22
15301,1359,6,2025,0,3,3,22
15302,1359,7,2025,2,2,2,22
15303,1359,8,2025,1,0,3,22
15304,1359,9,2025,5,1,2,22
15305,1359,10,2025,3,0,1,22
15306,1359,11,2025,3,0,5,22
15307,1359,12,2025,1,1,4,22
15308,1360,1,2025,2,1,2,22
15309,1360,2,2025,1,0,5,22
15310,1360,3,2025,0,0,2,22
15311,1360,4,2025,1,2,2,22
15312,1360,5,2025,2,2,4,22
15313,1360,6,2025,2,1,5,22
15314,1360,7,2025,2,1,1,22
15315,1360,8,2025,1,0,3,22
15316,1360,9,2025,0,2,3,22
15317,1360,10,2025,1,1,3,22
15318,1360,11,2025,4,2,1,22
15319,1360,12,2025,2,2,2,22
15320,1361,1,2025,0,2,3,22
15321,1361,2,2025,2,5,1,22
15322,1361,3,2025,1,1,4,22
15323,1361,4,2025,0,0,2,22
15324,1361,5,2025,2,0,2,22
15325,1361,6,2025,1,0,2,22
15326,1361,7,2025,0,0,5,22
15327,1361,8,2025,3,4,1,22
15328,1361,9,2025,0,1,5,22
15329,1361,10,2025,0,0,4,22
15330,1361,11,2025,0,1,0,22
15331,1361,12,2025,3,1,4,22
15332,1362,1,2025,3,1,3,22
15333,1362,2,2025,1,2,3,22
15334,1362,3,2025,0,0,7,22
15335,1362,4,2025,1,0,1,22
15336,1362,5,2025,2,0,5,22
15337,1362,6,2025,4,1,1,22
15338,1362,7,2025,3,0,6,22
15339,1362,8,2025,2,4,2,22
15340,1362,9,2025,1,0,2,22
15341,1362,10,2025,3,0,6,22
15342,1362,11,2025,0,2,5,22
15343,1362,12,2025,1,0,3,22
15344,1363,2,2025,1,4,9,22
15345,1363,3,2025,2,2,1,22
15346,1363,4,2025,3,0,0,22
15347,1363,5,2025,5,0,3,22
15348,1363,7,2025,1,3,4,22
15349,1363,9,2025,1,1,3,22
15350,1363,10,2025,2,1,8,22
15351,1363,12,2025,4,4,5,22
15352,1364,1,2025,0,1,2,22
15353,1364,2,2025,1,1,3,22
15354,1364,3,2025,3,0,4,22
15355,1364,4,2025,2,1,1,22
15356,1364,5,2025,2,2,3,22
15357,1364,6,2025,1,2,2,22
15358,1364,7,2025,3,2,3,22
15359,1364,8,2025,0,0,4,22
15360,1364,9,2025,3,1,5,22
15361,1364,10,2025,0,3,3,22
15362,1364,11,2025,0,2,2,22
15363,1364,12,2025,4,1,0,22
15364,1365,1,2025,0,1,1,22
15365,1365,2,2025,0,0,7,22
15366,1365,3,2025,1,1,3,22
15367,1365,4,2025,1,0,3,22
15368,1365,5,2025,0,0,4,22
15369,1365,6,2025,1,1,1,22
15370,1365,7,2025,4,1,5,22
15371,1365,8,2025,0,0,4,22
15372,1365,9,2025,2,0,1,22
15373,1365,10,2025,3,1,3,22
15374,1365,11,2025,2,0,3,22
15375,1365,12,2025,2,0,5,22
15376,1366,1,2025,1,0,3,22
15377,1366,2,2025,3,2,2,22
15378,1366,3,2025,0,1,3,22
15379,1366,4,2025,1,0,4,22
15380,1366,5,2025,2,1,1,22
15381,1366,6,2025,1,0,5,22
15382,1366,7,2025,3,1,3,22
15383,1366,8,2025,3,0,4,22
15384,1366,9,2025,0,1,4,22
15385,1366,10,2025,0,1,3,22
15386,1366,11,2025,0,0,6,22
15387,1366,12,2025,0,1,3,22
15388,1367,1,2025,5,2,5,22
15389,1367,2,2025,2,2,1,22
15390,1367,3,2025,4,2,4,22
15391,1367,4,2025,5,0,1,22
15392,1367,5,2025,2,1,1,22
15393,1367,6,2025,1,1,9,22
15394,1367,7,2025,1,5,1,22
15395,1367,8,2025,2,2,1,22
15396,1367,9,2025,2,3,3,22
15397,1367,10,2025,3,2,3,22
15398,1367,11,2025,2,2,4,22
15399,1367,12,2025,1,1,3,22
15400,1368,1,2025,1,1,4,22
15401,1368,2,2025,1,2,2,22
15402,1368,3,2025,0,1,6,22
15403,1368,4,2025,0,1,4,22
15404,1368,5,2025,0,3,2,22
15405,1368,6,2025,1,2,1,22
15406,1368,7,2025,1,2,3,22
15407,1368,8,2025,0,2,3,22
15408,1368,9,2025,4,1,2,22
15409,1368,10,2025,1,0,2,22
15410,1368,11,2025,1,1,2,22
15411,1368,12,2025,1,1,5,22
15412,1369,1,2025,0,5,0,22
15413,1369,2,2025,1,2,4,22
15414,1369,3,2025,1,3,2,22
15415,1369,4,2025,2,2,3,22
15416,1369,5,2025,2,4,5,22
15417,1369,6,2025,1,0,2,22
15418,1369,7,2025,2,2,4,22
15419,1369,8,2025,2,3,1,22
15420,1369,9,2025,5,3,1,22
15421,1369,10,2025,1,1,3,22
15422,1369,11,2025,2,0,1,22
15423,1369,12,2025,3,2,1,22
15424,1370,2,2025,1,5,1,22
15425,1370,3,2025,1,1,2,22
15426,1370,4,2025,5,3,3,22
15427,1370,5,2025,3,1,5,22
15428,1370,7,2025,1,1,1,22
15429,1370,8,2025,5,4,0,22
15430,1370,9,2025,2,0,2,22
15431,1370,10,2025,7,2,5,22
15432,1370,11,2025,3,2,1,22
15433,1370,12,2025,3,1,6,22
15434,1371,1,2025,2,1,3,22
15435,1371,2,2025,1,0,5,22
15436,1371,3,2025,1,3,1,22
15437,1371,4,2025,1,2,3,22
15438,1371,5,2025,5,0,3,22
15439,1371,6,2025,3,2,2,22
15440,1371,7,2025,3,3,2,22
15441,1371,8,2025,2,5,3,22
15442,1371,9,2025,0,4,4,22
15443,1371,10,2025,1,2,4,22
15444,1371,11,2025,2,0,2,22
15445,1371,12,2025,2,0,5,22
15446,1372,3,2025,2,1,3,22
15447,1372,4,2025,1,0,1,22
15448,1372,7,2025,1,2,3,22
15449,1372,8,2025,0,0,2,22
15450,1372,9,2025,2,0,6,22
15451,1372,11,2025,0,1,2,22
15452,1373,1,2025,0,0,3,22
15453,1373,2,2025,2,2,2,22
15454,1373,3,2025,0,1,2,22
15455,1373,4,2025,2,1,2,22
15456,1373,5,2025,3,0,4,22
15457,1373,6,2025,0,1,4,22
15458,1373,7,2025,2,0,1,22
15459,1373,8,2025,1,2,5,22
15460,1373,9,2025,0,1,2,22
15461,1373,10,2025,3,3,4,22
15462,1373,11,2025,0,0,0,22
15463,1373,12,2025,2,0,4,22
15464,1374,1,2025,1,1,3,22
15465,1374,2,2025,4,4,2,22
15466,1374,3,2025,4,3,3,22
15467,1374,4,2025,2,4,0,22
15468,1374,5,2025,3,4,2,22
15469,1374,6,2025,1,1,3,22
15470,1374,7,2025,4,3,2,22
15471,1374,8,2025,2,3,3,22
15472,1374,9,2025,2,0,2,22
15473,1374,10,2025,1,1,1,22
15474,1374,11,2025,2,3,2,22
15475,1374,12,2025,1,0,2,22
15476,1375,1,2025,1,2,2,22
15477,1375,2,2025,2,2,4,22
15478,1375,3,2025,0,2,3,22
15479,1375,4,2025,0,5,3,22
15480,1375,5,2025,4,1,3,22
15481,1375,6,2025,1,1,3,22
15482,1375,7,2025,2,1,3,22
15483,1375,8,2025,2,2,3,22
15484,1375,9,2025,2,2,4,22
15485,1375,10,2025,5,1,0,22
15486,1375,11,2025,3,0,1,22
15487,1375,12,2025,3,4,3,22
15488,1376,3,2025,2,2,4,22
15489,1376,4,2025,3,1,2,22
15490,1376,5,2025,6,1,3,22
15491,1376,6,2025,4,3,1,22
15492,1376,7,2025,4,1,2,22
15493,1376,8,2025,4,1,3,22
15494,1376,9,2025,0,4,3,22
15495,1376,11,2025,0,1,0,22
15496,1376,12,2025,4,1,4,22
15497,1377,1,2025,7,2,2,22
15498,1377,2,2025,4,0,3,22
15499,1377,3,2025,3,3,1,22
15500,1377,4,2025,2,1,3,22
15501,1377,5,2025,1,4,0,22
15502,1377,6,2025,0,2,3,22
15503,1377,7,2025,2,0,4,22
15504,1377,8,2025,1,1,4,22
15505,1377,9,2025,5,3,4,22
15506,1377,10,2025,4,2,2,22
15507,1377,11,2025,1,3,4,22
15508,1377,12,2025,2,1,1,22
15509,1378,1,2025,1,1,3,22
15510,1378,2,2025,2,1,6,22
15511,1378,3,2025,1,1,0,22
15512,1378,4,2025,2,2,2,22
15513,1378,5,2025,2,2,2,22
15514,1378,6,2025,3,0,1,22
15515,1378,7,2025,1,1,2,22
15516,1378,8,2025,0,1,2,22
15517,1378,9,2025,0,0,4,22
15518,1378,10,2025,0,1,2,22
15519,1378,11,2025,3,1,7,22
15520,1378,12,2025,3,1,0,22
15521,1379,2,2025,4,2,2,22
15522,1379,4,2025,1,2,6,22
15523,1379,5,2025,3,0,0,22
15524,1379,6,2025,6,3,1,22
15525,1379,7,2025,1,1,3,22
15526,1379,8,2025,1,1,2,22
15527,1379,11,2025,1,2,4,22
15528,1379,12,2025,4,0,1,22
15529,1380,1,2025,2,0,7,22
15530,1380,2,2025,1,0,3,22
15531,1380,3,2025,2,0,6,22
15532,1380,4,2025,2,0,1,22
15533,1380,5,2025,4,2,3,22
15534,1380,6,2025,0,1,3,22
15535,1380,7,2025,2,2,6,22
15536,1380,8,2025,3,1,5,22
15537,1380,9,2025,1,1,2,22
15538,1380,10,2025,4,0,3,22
15539,1380,11,2025,1,0,3,22
15540,1380,12,2025,3,0,7,22
15541,1381,1,2025,2,3,3,22
15542,1381,2,2025,1,2,3,22
15543,1381,3,2025,2,2,5,22
15544,1381,4,2025,1,1,4,22
15545,1381,5,2025,3,1,3,22
15546,1381,6,2025,3,1,3,22
15547,1381,7,2025,2,2,4,22
15548,1381,8,2025,4,1,4,22
15549,1381,9,2025,1,1,2,22
15550,1381,10,2025,5,4,5,22
15551,1381,11,2025,1,5,4,22
15552,1381,12,2025,1,1,4,22
15553,1382,1,2025,1,0,3,22
15554,1382,2,2025,3,2,6,22
15555,1382,3,2025,2,3,4,22
15556,1382,4,2025,0,1,4,22
15557,1382,5,2025,2,0,5,22
15558,1382,6,2025,1,1,4,22
15559,1382,7,2025,8,3,1,22
15560,1382,8,2025,4,4,5,22
15561,1382,9,2025,2,1,3,22
15562,1382,10,2025,1,1,6,22
15563,1382,11,2025,4,0,2,22
15564,1382,12,2025,0,2,3,22
15565,1383,1,2025,0,0,1,22
15566,1383,2,2025,2,1,3,22
15567,1383,3,2025,1,5,5,22
15568,1383,4,2025,3,1,1,22
15569,1383,5,2025,4,4,3,22
15570,1383,6,2025,0,4,3,22
15571,1383,7,2025,4,2,2,22
15572,1383,8,2025,5,1,1,22
15573,1383,9,2025,5,0,4,22
15574,1383,10,2025,0,1,6,22
15575,1383,11,2025,1,2,4,22
15576,1383,12,2025,2,3,2,22
15577,1384,1,2025,1,1,3,22
15578,1384,2,2025,3,0,4,22
15579,1384,3,2025,4,2,3,22
15580,1384,4,2025,0,2,1,22
15581,1384,5,2025,1,0,7,22
15582,1384,6,2025,0,1,6,22
15583,1384,7,2025,2,1,2,22
15584,1384,8,2025,2,1,3,22
15585,1384,9,2025,1,2,0,22
15586,1384,10,2025,2,1,1,22
15587,1384,11,2025,2,1,3,22
15588,1384,12,2025,3,0,3,22
15589,1385,1,2025,1,2,3,22
15590,1385,4,2025,0,4,3,22
15591,1385,5,2025,1,2,1,22
15592,1385,8,2025,5,4,2,22
15593,1385,9,2025,3,0,5,22
15594,1385,10,2025,2,4,3,22
15595,1385,11,2025,1,5,0,22
15596,1386,1,2025,3,0,2,22
15597,1386,2,2025,2,0,5,22
15598,1386,3,2025,3,2,4,22
15599,1386,4,2025,5,2,3,22
15600,1386,5,2025,0,1,3,22
15601,1386,6,2025,2,0,0,22
15602,1386,7,2025,1,1,2,22
15603,1386,8,2025,0,0,3,22
15604,1386,9,2025,3,0,1,22
15605,1386,10,2025,2,1,3,22
15606,1386,11,2025,0,0,2,22
15607,1386,12,2025,1,0,4,22
15608,1387,1,2025,4,3,0,22
15609,1387,2,2025,2,4,2,22
15610,1387,3,2025,3,3,3,22
15611,1387,4,2025,3,3,1,22
15612,1387,5,2025,0,2,2,22
15613,1387,6,2025,2,1,5,22
15614,1387,7,2025,0,3,3,22
15615,1387,8,2025,2,1,5,22
15616,1387,9,2025,2,2,6,22
15617,1387,10,2025,2,3,4,22
15618,1387,11,2025,0,0,4,22
15619,1387,12,2025,3,1,3,22
15620,1388,1,2025,1,1,4,22
15621,1388,2,2025,1,0,5,22
15622,1388,3,2025,1,2,2,22
15623,1388,4,2025,1,0,4,22
15624,1388,5,2025,2,0,2,22
15625,1388,6,2025,1,1,2,22
15626,1388,7,2025,1,0,2,22
15627,1388,8,2025,3,0,1,22
15628,1388,9,2025,1,1,4,22
15629,1388,10,2025,2,0,5,22
15630,1388,11,2025,2,3,4,22
15631,1388,12,2025,0,0,3,22
15632,1389,1,2025,5,1,2,22
15633,1389,2,2025,2,2,1,22
15634,1389,3,2025,2,2,2,22
15635,1389,4,2025,6,1,3,22
15636,1389,5,2025,4,1,2,22
15637,1389,6,2025,0,2,4,22
15638,1389,7,2025,1,2,2,22
15639,1389,8,2025,2,2,3,22
15640,1389,9,2025,2,2,1,22
15641,1389,10,2025,1,0,5,22
15642,1389,11,2025,4,2,1,22
15643,1389,12,2025,4,3,2,22
15644,1390,1,2025,0,2,0,22
15645,1390,2,2025,3,1,3,22
15646,1390,3,2025,1,0,1,22
15647,1390,4,2025,1,0,3,22
15648,1390,5,2025,0,0,2,22
15649,1390,6,2025,2,2,0,22
15650,1390,7,2025,2,1,3,22
15651,1390,8,2025,1,0,2,22
15652,1390,9,2025,5,1,4,22
15653,1390,10,2025,1,2,2,22
15654,1390,11,2025,1,1,5,22
15655,1390,12,2025,1,2,4,22
15656,1391,1,2025,6,2,4,22
15657,1391,2,2025,1,0,0,22
15658,1391,3,2025,1,0,1,22
15659,1391,4,2025,3,1,4,22
15660,1391,5,2025,0,4,5,22
15661,1391,6,2025,0,2,1,22
15662,1391,7,2025,1,3,3,22
15663,1391,8,2025,0,0,5,22
15664,1391,9,2025,0,2,3,22
15665,1391,10,2025,2,0,3,22
15666,1391,11,2025,1,0,1,22
15667,1391,12,2025,3,2,5,22
15668,1392,1,2025,3,2,3,22
15669,1392,2,2025,3,0,1,22
15670,1392,5,2025,1,0,2,22
15671,1392,6,2025,2,1,4,22
15672,1392,7,2025,0,2,2,22
15673,1392,8,2025,2,0,1,22
15674,1392,10,2025,2,0,4,22
15675,1392,12,2025,1,1,1,22
15676,1393,1,2025,2,1,4,22
15677,1393,2,2025,2,0,1,22
15678,1393,3,2025,3,0,6,22
15679,1393,4,2025,1,1,5,22
15680,1393,5,2025,2,1,3,22
15681,1393,6,2025,3,1,1,22
15682,1393,7,2025,0,0,5,22
15683,1393,8,2025,1,0,2,22
15684,1393,9,2025,1,1,2,22
15685,1393,10,2025,1,2,1,22
15686,1393,11,2025,1,2,6,22
15687,1393,12,2025,0,1,8,22
15688,1394,1,2025,4,4,1,22
15689,1394,2,2025,2,2,3,22
15690,1394,3,2025,2,2,4,22
15691,1394,4,2025,1,2,3,22
15692,1394,5,2025,2,1,0,22
15693,1394,6,2025,2,2,6,22
15694,1394,7,2025,3,2,1,22
15695,1394,8,2025,3,3,3,22
15696,1394,9,2025,4,3,3,22
15697,1394,10,2025,4,2,3,22
15698,1394,11,2025,1,1,1,22
15699,1394,12,2025,3,3,3,22
15700,1395,2,2025,4,0,0,22
15701,1395,3,2025,2,1,3,22
15702,1395,4,2025,5,2,3,22
15703,1395,5,2025,0,2,2,22
15704,1395,6,2025,1,0,5,22
15705,1395,8,2025,3,1,0,22
15706,1395,9,2025,2,2,1,22
15707,1395,10,2025,0,3,4,22
15708,1396,1,2025,3,1,0,22
15709,1396,2,2025,6,0,5,22
15710,1396,3,2025,1,3,3,22
15711,1396,4,2025,2,4,5,22
15712,1396,5,2025,3,2,3,22
15713,1396,6,2025,2,3,1,22
15714,1396,7,2025,2,0,4,22
15715,1396,8,2025,2,3,5,22
15716,1396,9,2025,2,2,2,22
15717,1396,10,2025,1,0,3,22
15718,1396,11,2025,3,2,4,22
15719,1396,12,2025,2,1,0,22
15720,1397,1,2025,1,0,4,22
15721,1397,2,2025,1,0,2,22
15722,1397,3,2025,5,2,2,22
15723,1397,4,2025,2,3,1,22
15724,1397,5,2025,3,0,4,22
15725,1397,6,2025,2,1,1,22
15726,1397,7,2025,1,2,3,22
15727,1397,8,2025,2,0,5,22
15728,1397,9,2025,3,1,1,22
15729,1397,10,2025,1,1,2,22
15730,1397,11,2025,2,0,4,22
15731,1397,12,2025,3,3,2,22
15732,1398,1,2025,4,0,5,22
15733,1398,2,2025,2,2,2,22
15734,1398,3,2025,7,2,3,22
15735,1398,4,2025,3,2,2,22
15736,1398,5,2025,2,2,2,22
15737,1398,6,2025,3,1,0,22
15738,1398,7,2025,4,1,3,22
15739,1398,8,2025,1,2,1,22
15740,1398,9,2025,3,1,4,22
15741,1398,10,2025,2,2,5,22
15742,1398,11,2025,4,4,1,22
15743,1398,12,2025,3,2,5,22
15744,1399,1,2025,0,0,7,22
15745,1399,2,2025,1,2,4,22
15746,1399,3,2025,0,1,2,22
15747,1399,4,2025,1,1,3,22
15748,1399,5,2025,0,0,7,22
15749,1399,6,2025,1,1,2,22
15750,1399,7,2025,2,1,3,22
15751,1399,8,2025,1,3,3,22
15752,1399,9,2025,0,3,2,22
15753,1399,10,2025,1,2,1,22
15754,1399,11,2025,5,1,3,22
15755,1399,12,2025,3,0,3,22
15756,1400,1,2025,3,3,3,22
15757,1400,3,2025,0,2,4,22
15758,1400,5,2025,1,1,4,22
15759,1400,6,2025,1,2,2,22
15760,1400,8,2025,0,1,0,22
15761,1400,11,2025,3,0,3,22
15762,1400,12,2025,2,0,5,22
15763,1401,1,2025,3,2,5,22
15764,1401,2,2025,1,1,2,22
15765,1401,3,2025,1,2,4,22
15766,1401,4,2025,4,1,3,22
15767,1401,5,2025,1,1,2,22
15768,1401,6,2025,1,0,3,22
15769,1401,7,2025,2,1,2,22
15770,1401,8,2025,0,0,2,22
15771,1401,9,2025,1,0,5,22
15772,1401,10,2025,0,2,2,22
15773,1402,1,2025,1,1,3,22
15774,1402,2,2025,0,0,4,22
15775,1402,3,2025,2,1,3,22
15776,1402,4,2025,0,3,4,22
15777,1402,5,2025,0,1,7,22
15778,1402,6,2025,1,1,5,22
15779,1402,7,2025,0,1,4,22
15780,1402,8,2025,3,2,2,22
15781,1402,9,2025,2,1,1,22
15782,1402,10,2025,3,0,1,22
15783,1402,11,2025,0,0,1,22
15784,1402,12,2025,1,2,3,22
15785,1403,1,2025,1,2,1,22
15786,1403,2,2025,3,3,8,22
15787,1403,3,2025,1,1,2,22
15788,1403,4,2025,5,2,4,22
15789,1403,5,2025,3,2,4,22
15790,1403,6,2025,0,2,4,22
15791,1403,7,2025,2,2,1,22
15792,1403,8,2025,3,2,6,22
15793,1403,9,2025,3,1,0,22
15794,1403,10,2025,2,2,5,22
15795,1403,11,2025,3,2,2,22
15796,1403,12,2025,3,1,6,22
15797,1404,1,2025,5,2,5,22
15798,1404,2,2025,3,2,5,22
15799,1404,3,2025,4,1,9,22
15800,1404,4,2025,5,1,1,22
15801,1404,5,2025,5,2,2,22
15802,1404,6,2025,0,1,1,22
15803,1404,7,2025,6,1,4,22
15804,1404,8,2025,1,2,2,22
15805,1404,10,2025,2,5,3,22
15806,1404,11,2025,5,1,6,22
15807,1404,12,2025,4,1,3,22
15808,1405,1,2025,4,2,3,22
15809,1405,2,2025,1,1,3,22
15810,1405,3,2025,2,0,4,22
15811,1405,4,2025,4,2,1,22
15812,1405,5,2025,1,1,2,22
15813,1405,6,2025,0,1,5,22
15814,1405,7,2025,0,1,4,22
15815,1405,8,2025,1,1,1,22
15816,1405,9,2025,1,1,3,22
15817,1405,10,2025,2,2,1,22
15818,1405,11,2025,0,2,1,22
15819,1405,12,2025,1,2,6,22
15820,1406,1,2025,3,4,2,22
15821,1406,2,2025,2,1,2,22
15822,1406,3,2025,3,0,1,22
15823,1406,4,2025,1,1,1,22
15824,1406,5,2025,1,1,6,22
15825,1406,6,2025,3,3,2,22
15826,1406,7,2025,2,0,7,22
15827,1406,8,2025,3,1,3,22
15828,1406,9,2025,0,4,3,22
15829,1406,10,2025,1,0,4,22
15830,1406,11,2025,5,0,4,22
15831,1406,12,2025,0,1,3,22
15832,1407,1,2025,1,1,3,22
15833,1407,2,2025,1,4,4,22
15834,1407,3,2025,1,0,1,22
15835,1407,4,2025,2,0,4,22
15836,1407,5,2025,0,0,1,22
15837,1407,6,2025,3,0,1,22
15838,1407,7,2025,4,0,2,22
15839,1407,8,2025,0,2,2,22
15840,1407,9,2025,4,1,4,22
15841,1407,10,2025,1,1,2,22
15842,1407,11,2025,4,1,3,22
15843,1407,12,2025,2,1,1,22
15844,1408,1,2025,2,1,3,22
15845,1408,2,2025,2,1,5,22
15846,1408,3,2025,2,0,5,22
15847,1408,4,2025,2,0,1,22
15848,1408,5,2025,0,0,5,22
15849,1408,6,2025,1,3,1,22
15850,1408,7,2025,3,3,3,22
15851,1408,8,2025,1,1,4,22
15852,1408,9,2025,0,1,0,22
15853,1408,10,2025,2,0,4,22
15854,1408,11,2025,1,2,1,22
15855,1408,12,2025,0,0,0,22
15856,1409,1,2025,2,0,5,22
15857,1409,2,2025,5,0,1,22
15858,1409,6,2025,1,0,1,22
15859,1409,7,2025,2,0,3,22
15860,1409,10,2025,4,1,4,22
15861,1409,11,2025,3,0,3,22
15862,1409,12,2025,1,0,0,22
15863,1410,1,2025,0,1,3,22
15864,1410,2,2025,3,2,3,22
15865,1410,3,2025,4,1,3,22
15866,1410,4,2025,1,0,1,22
15867,1410,5,2025,0,0,5,22
15868,1410,6,2025,1,1,0,22
15869,1410,7,2025,4,0,5,22
15870,1410,8,2025,2,1,4,22
15871,1410,9,2025,1,4,2,22
15872,1410,10,2025,0,2,1,22
15873,1410,11,2025,1,1,2,22
15874,1410,12,2025,4,0,2,22
15875,1411,1,2025,0,1,9,22
15876,1411,2,2025,1,1,2,22
15877,1411,3,2025,2,0,0,22
15878,1411,4,2025,1,1,3,22
15879,1411,5,2025,2,0,1,22
15880,1411,6,2025,2,0,2,22
15881,1411,7,2025,0,2,3,22
15882,1411,8,2025,2,1,4,22
15883,1411,9,2025,1,0,3,22
15884,1411,10,2025,3,3,2,22
15885,1411,11,2025,2,4,5,22
15886,1411,12,2025,2,0,4,22
15887,1412,1,2025,0,0,3,22
15888,1412,4,2025,4,1,2,22
15889,1412,7,2025,1,4,3,22
15890,1412,8,2025,5,2,2,22
15891,1412,9,2025,4,5,1,22
15892,1412,10,2025,3,2,3,22
15893,1412,12,2025,1,3,0,22
15894,1413,1,2025,1,2,3,22
15895,1413,2,2025,3,1,2,22
15896,1413,3,2025,6,1,3,22
15897,1413,4,2025,1,2,2,22
15898,1413,5,2025,2,2,2,22
15899,1413,6,2025,2,3,2,22
15900,1413,7,2025,2,2,2,22
15901,1413,8,2025,3,1,2,22
15902,1413,9,2025,5,2,2,22
15903,1413,10,2025,2,1,5,22
15904,1413,11,2025,4,4,4,22
15905,1413,12,2025,1,4,4,22
15906,1414,1,2025,2,2,5,22
15907,1414,2,2025,4,2,6,22
15908,1414,3,2025,4,2,5,22
15909,1414,4,2025,2,5,2,22
15910,1414,5,2025,5,1,1,22
15911,1414,6,2025,5,0,2,22
15912,1414,7,2025,3,1,3,22
15913,1414,8,2025,0,2,1,22
15914,1414,9,2025,8,4,5,22
15915,1414,10,2025,3,1,2,22
15916,1414,11,2025,1,4,4,22
15917,1414,12,2025,5,0,2,22
15918,1415,2,2025,1,3,3,22
15919,1415,3,2025,1,2,0,22
15920,1415,4,2025,3,0,6,22
15921,1415,5,2025,0,1,2,22
15922,1415,6,2025,1,2,3,22
15923,1415,7,2025,1,2,3,22
15924,1415,8,2025,2,1,3,22
15925,1415,12,2025,1,4,4,22
15926,1416,1,2025,1,1,3,22
15927,1416,2,2025,1,0,3,22
15928,1416,3,2025,2,0,2,22
15929,1416,5,2025,2,2,2,22
15930,1416,6,2025,0,1,3,22
15931,1416,9,2025,1,1,3,22
15932,1416,12,2025,1,1,4,22
15933,1417,1,2025,0,1,5,22
15934,1417,2,2025,0,1,1,22
15935,1417,3,2025,2,0,2,22
15936,1417,4,2025,2,3,2,22
15937,1417,5,2025,0,1,1,22
15938,1417,7,2025,2,0,1,22
15939,1417,8,2025,2,0,1,22
15940,1417,9,2025,2,0,2,22
15941,1417,11,2025,1,1,9,22
15942,1417,12,2025,4,1,4,22
15943,1418,1,2025,0,0,5,22
15944,1418,2,2025,1,2,1,22
15945,1418,3,2025,0,1,0,22
15946,1418,4,2025,2,0,2,22
15947,1418,5,2025,1,1,2,22
15948,1418,6,2025,4,2,4,22
15949,1418,7,2025,0,1,2,22
15950,1418,8,2025,2,0,3,22
15951,1418,9,2025,2,3,2,22
15952,1418,10,2025,1,0,4,22
15953,1418,11,2025,0,0,4,22
15954,1418,12,2025,3,0,3,22
15955,1419,1,2025,3,3,1,22
15956,1419,2,2025,3,2,3,22
15957,1419,3,2025,2,2,3,22
15958,1419,4,2025,5,0,2,22
15959,1419,5,2025,2,4,4,22
15960,1419,6,2025,2,3,6,22
15961,1419,7,2025,2,3,0,22
15962,1419,8,2025,2,1,3,22
15963,1419,9,2025,0,1,4,22
15964,1419,10,2025,2,2,5,22
15965,1419,11,2025,4,2,4,22
15966,1419,12,2025,1,1,3,22
15967,1420,1,2025,3,2,4,22
15968,1420,2,2025,0,0,1,22
15969,1420,3,2025,2,0,3,22
15970,1420,4,2025,1,3,2,22
15971,1420,5,2025,0,0,5,22
15972,1420,6,2025,2,1,1,22
15973,1420,7,2025,4,2,2,22
15974,1420,8,2025,1,2,0,22
15975,1420,9,2025,2,2,3,22
15976,1420,10,2025,1,0,2,22
15977,1420,11,2025,2,2,0,22
15978,1420,12,2025,3,0,1,22
15979,1421,1,2025,1,1,1,22
15980,1421,2,2025,2,3,1,22
15981,1421,3,2025,2,0,6,22
15982,1421,4,2025,2,1,2,22
15983,1421,5,2025,1,1,3,22
15984,1421,6,2025,1,2,3,22
15985,1421,7,2025,1,1,2,22
15986,1421,8,2025,0,2,6,22
15987,1421,9,2025,3,0,2,22
15988,1421,10,2025,2,1,3,22
15989,1421,11,2025,1,1,0,22
15990,1421,12,2025,3,0,1,22
15991,1422,1,2025,4,4,2,22
15992,1422,3,2025,4,1,1,22
15993,1422,5,2025,1,5,0,22
15994,1422,6,2025,3,1,2,22
15995,1422,8,2025,0,1,1,22
15996,1422,10,2025,2,3,2,22
15997,1422,11,2025,1,2,2,22
15998,1422,12,2025,2,6,2,22
15999,1423,1,2025,3,2,1,22
16000,1423,2,2025,3,1,1,22
16001,1423,3,2025,3,3,3,22
16002,1423,4,2025,3,2,2,22
16003,1423,5,2025,0,3,3,22
16004,1423,6,2025,4,0,2,22
16005,1423,7,2025,4,0,2,22
16006,1423,8,2025,3,1,2,22
16007,1423,9,2025,1,1,3,22
16008,1423,10,2025,2,1,3,22
16009,1423,11,2025,4,1,2,22
16010,1423,12,2025,4,2,4,22
16011,1424,1,2025,0,2,3,22
16012,1424,2,2025,5,0,6,22
16013,1424,3,2025,0,3,3,22
16014,1424,4,2025,1,1,3,22
16015,1424,5,2025,0,3,3,22
16016,1424,6,2025,1,0,2,22
16017,1424,7,2025,2,0,3,22
16018,1424,8,2025,3,2,3,22
16019,1424,9,2025,4,1,2,22
16020,1424,10,2025,2,0,3,22
16021,1424,11,2025,2,0,2,22
16022,1424,12,2025,0,2,1,22
16023,1425,1,2025,3,3,2,22
16024,1425,2,2025,6,2,4,22
16025,1425,3,2025,4,3,3,22
16026,1425,4,2025,5,2,3,22
16027,1425,7,2025,2,6,1,22
16028,1425,8,2025,3,1,2,22
16029,1425,12,2025,5,0,5,22
16030,1426,1,2025,0,2,4,22
16031,1426,2,2025,2,0,3,22
16032,1426,3,2025,3,0,4,22
16033,1426,4,2025,1,1,3,22
16034,1426,5,2025,0,3,2,22
16035,1426,6,2025,5,0,4,22
16036,1426,7,2025,2,0,2,22
16037,1426,8,2025,2,2,2,22
16038,1426,9,2025,1,1,2,22
16039,1426,10,2025,1,3,5,22
16040,1426,11,2025,3,1,3,22
16041,1426,12,2025,1,1,5,22
16042,1427,1,2025,3,0,3,22
16043,1427,2,2025,1,1,1,22
16044,1427,3,2025,5,2,2,22
16045,1427,4,2025,1,1,5,22
16046,1427,5,2025,2,0,5,22
16047,1427,6,2025,4,1,7,22
16048,1427,7,2025,1,0,1,22
16049,1427,8,2025,0,0,0,22
16050,1427,9,2025,1,4,5,22
16051,1427,10,2025,1,0,4,22
16052,1427,11,2025,3,1,1,22
16053,1427,12,2025,2,2,1,22
16054,1428,1,2025,2,1,4,22
16055,1428,2,2025,1,2,2,22
16056,1428,3,2025,2,1,2,22
16057,1428,4,2025,1,1,2,22
16058,1428,5,2025,0,0,5,22
16059,1428,6,2025,1,1,2,22
16060,1428,7,2025,1,1,0,22
16061,1428,8,2025,3,1,2,22
16062,1428,9,2025,1,1,1,22
16063,1428,10,2025,2,2,0,22
16064,1428,11,2025,1,0,1,22
16065,1428,12,2025,4,2,4,22
16066,1429,2,2025,4,1,2,22
16067,1429,6,2025,2,2,6,22
16068,1429,7,2025,0,0,2,22
16069,1429,8,2025,2,1,0,22
16070,1429,9,2025,1,2,5,22
16071,1429,10,2025,2,3,1,22
16072,1429,11,2025,3,4,3,22
16073,1429,12,2025,2,2,2,22
16074,1430,1,2025,2,0,4,22
16075,1430,4,2025,4,2,2,22
16076,1430,5,2025,1,1,5,22
16077,1430,6,2025,5,4,2,22
16078,1430,9,2025,2,1,2,22
16079,1430,10,2025,3,3,4,22
16080,1430,12,2025,2,2,3,22
16081,1431,1,2025,4,4,2,22
16082,1431,2,2025,4,1,4,22
16083,1431,3,2025,2,2,2,22
16084,1431,4,2025,3,0,2,22
16085,1431,5,2025,3,1,2,22
16086,1431,6,2025,3,4,5,22
16087,1431,7,2025,2,0,4,22
16088,1431,8,2025,1,2,3,22
16089,1431,9,2025,0,2,2,22
16090,1431,10,2025,6,1,1,22
16091,1431,11,2025,4,1,2,22
16092,1431,12,2025,0,1,1,22
16093,1432,1,2025,2,2,2,22
16094,1432,2,2025,0,2,4,22
16095,1432,3,2025,1,2,3,22
16096,1432,4,2025,3,1,4,22
16097,1432,5,2025,0,2,1,22
16098,1432,6,2025,2,3,2,22
16099,1432,7,2025,0,2,5,22
16100,1432,8,2025,3,0,3,22
16101,1432,9,2025,4,1,1,22
16102,1432,10,2025,2,2,3,22
16103,1432,11,2025,2,3,0,22
16104,1432,12,2025,1,3,2,22
16105,1433,1,2025,7,2,3,22
16106,1433,2,2025,3,4,3,22
16107,1433,3,2025,1,2,0,22
16108,1433,4,2025,3,1,2,22
16109,1433,5,2025,2,3,2,22
16110,1433,6,2025,2,3,5,22
16111,1433,7,2025,2,3,5,22
16112,1433,8,2025,2,0,1,22
16113,1433,9,2025,4,3,2,22
16114,1433,10,2025,3,2,5,22
16115,1433,11,2025,0,0,3,22
16116,1433,12,2025,1,5,3,22
16117,1434,1,2025,5,1,2,22
16118,1434,2,2025,5,1,4,22
16119,1434,3,2025,2,3,1,22
16120,1434,4,2025,2,0,4,22
16121,1434,5,2025,3,2,4,22
16122,1434,6,2025,2,3,5,22
16123,1434,7,2025,1,3,5,22
16124,1434,8,2025,3,4,3,22
16125,1434,9,2025,1,4,3,22
16126,1434,10,2025,2,2,3,22
16127,1434,11,2025,3,1,4,22
16128,1434,12,2025,4,1,6,22
16129,1435,1,2025,0,1,7,22
16130,1435,2,2025,0,0,4,22
16131,1435,3,2025,2,0,8,22
16132,1435,4,2025,3,0,6,22
16133,1435,5,2025,2,0,3,22
16134,1435,6,2025,4,1,3,22
16135,1435,7,2025,1,2,4,22
16136,1435,8,2025,2,2,2,22
16137,1435,9,2025,1,1,3,22
16138,1435,10,2025,0,1,4,22
16139,1435,11,2025,0,0,2,22
16140,1435,12,2025,2,0,1,22
16141,1436,2,2025,1,0,2,22
16142,1436,3,2025,0,2,5,22
16143,1436,5,2025,3,2,3,22
16144,1436,6,2025,0,0,4,22
16145,1436,7,2025,1,1,1,22
16146,1436,8,2025,3,1,6,22
16147,1436,12,2025,0,1,5,22
16148,1437,1,2025,1,4,2,22
16149,1437,4,2025,2,4,4,22
16150,1437,6,2025,3,0,2,22
16151,1437,8,2025,3,0,4,22
16152,1437,9,2025,3,1,3,22
16153,1437,12,2025,4,0,0,22
16154,1438,1,2025,4,1,5,22
16155,1438,2,2025,1,1,1,22
16156,1438,3,2025,4,2,3,22
16157,1438,4,2025,2,1,6,22
16158,1438,5,2025,2,4,2,22
16159,1438,6,2025,1,2,2,22
16160,1438,7,2025,1,2,0,22
16161,1438,8,2025,2,3,2,22
16162,1438,9,2025,1,5,4,22
16163,1438,10,2025,3,3,5,22
16164,1438,11,2025,2,1,1,22
16165,1438,12,2025,1,3,1,22
16166,1439,1,2025,2,0,0,22
16167,1439,2,2025,1,0,4,22
16168,1439,3,2025,1,2,4,22
16169,1439,4,2025,3,4,4,22
16170,1439,5,2025,2,4,4,22
16171,1439,6,2025,2,2,1,22
16172,1439,7,2025,1,3,3,22
16173,1439,8,2025,2,1,3,22
16174,1439,9,2025,1,1,4,22
16175,1439,10,2025,8,2,2,22
16176,1439,11,2025,8,3,1,22
16177,1439,12,2025,2,0,2,22
16178,1440,1,2025,1,1,2,22
16179,1440,2,2025,1,0,2,22
16180,1440,3,2025,1,2,2,22
16181,1440,4,2025,1,0,5,22
16182,1440,5,2025,2,2,4,22
16183,1440,6,2025,1,3,3,22
16184,1440,7,2025,0,2,2,22
16185,1440,8,2025,2,3,2,22
16186,1440,9,2025,2,1,0,22
16187,1440,10,2025,0,1,5,22
16188,1440,11,2025,0,1,4,22
16189,1440,12,2025,2,2,6,22
16190,1441,1,2025,1,0,5,22
16191,1441,2,2025,1,1,1,22
16192,1441,4,2025,4,1,1,22
16193,1441,5,2025,2,1,5,22
16194,1441,7,2025,2,0,3,22
16195,1441,8,2025,1,1,2,22
16196,1441,9,2025,0,2,0,22
16197,1441,10,2025,1,0,1,22
16198,1441,12,2025,4,2,3,22
16199,1442,1,2025,1,0,5,22
16200,1442,2,2025,3,0,3,22
16201,1442,3,2025,1,0,2,22
16202,1442,4,2025,1,2,5,22
16203,1442,5,2025,0,0,2,22
16204,1442,6,2025,3,2,6,22
16205,1442,7,2025,4,1,5,22
16206,1442,8,2025,0,1,4,22
16207,1442,9,2025,1,0,5,22
16208,1442,10,2025,3,2,2,22
16209,1442,11,2025,1,0,1,22
16210,1442,12,2025,2,0,4,22
16211,1443,1,2025,1,0,1,22
16212,1443,2,2025,0,0,2,22
16213,1443,3,2025,0,0,3,22
16214,1443,4,2025,0,2,1,22
16215,1443,5,2025,1,2,4,22
16216,1443,6,2025,1,1,3,22
16217,1443,7,2025,2,2,3,22
16218,1443,8,2025,1,0,4,22
16219,1443,9,2025,0,0,3,22
16220,1443,10,2025,1,2,2,22
16221,1443,11,2025,1,0,3,22
16222,1443,12,2025,2,0,6,22
16223,1444,1,2025,1,0,4,22
16224,1444,2,2025,1,2,1,22
16225,1444,3,2025,2,1,4,22
16226,1444,4,2025,0,2,0,22
16227,1444,5,2025,1,0,0,22
16228,1444,6,2025,4,1,5,22
16229,1444,7,2025,1,0,4,22
16230,1444,8,2025,0,0,1,22
16231,1444,9,2025,1,0,3,22
16232,1444,10,2025,2,1,3,22
16233,1444,11,2025,1,2,3,22
16234,1444,12,2025,1,2,2,22
16235,1445,1,2025,5,1,2,22
16236,1445,2,2025,0,0,1,22
16237,1445,3,2025,1,0,2,22
16238,1445,4,2025,3,4,5,22
16239,1445,5,2025,5,0,5,22
16240,1445,6,2025,2,3,3,22
16241,1445,7,2025,1,1,2,22
16242,1445,8,2025,3,0,2,22
16243,1445,9,2025,0,1,5,22
16244,1445,10,2025,0,2,5,22
16245,1445,11,2025,1,0,5,22
16246,1445,12,2025,0,1,1,22
16247,1446,1,2025,1,2,0,22
16248,1446,2,2025,3,2,3,22
16249,1446,3,2025,0,1,2,22
16250,1446,4,2025,1,0,1,22
16251,1446,5,2025,4,0,2,22
16252,1446,6,2025,1,0,8,22
16253,1446,7,2025,1,1,3,22
16254,1446,8,2025,2,1,2,22
16255,1446,9,2025,2,0,1,22
16256,1446,10,2025,2,1,2,22
16257,1446,11,2025,5,1,3,22
16258,1446,12,2025,1,1,7,22
16259,1447,2,2025,5,0,1,22
16260,1447,3,2025,2,2,4,22
16261,1447,4,2025,2,5,0,22
16262,1447,5,2025,3,6,2,22
16263,1447,8,2025,4,3,7,22
16264,1447,9,2025,0,0,3,22
16265,1447,10,2025,2,2,0,22
16266,1447,11,2025,4,1,2,22
16267,1447,12,2025,1,5,3,22
16268,1448,1,2025,3,2,1,22
16269,1448,2,2025,1,2,4,22
16270,1448,3,2025,2,3,1,22
16271,1448,4,2025,5,1,2,22
16272,1448,5,2025,4,2,3,22
16273,1448,6,2025,3,1,4,22
16274,1448,7,2025,3,2,4,22
16275,1448,8,2025,0,1,1,22
16276,1448,9,2025,2,1,7,22
16277,1448,10,2025,2,1,3,22
16278,1448,11,2025,1,3,4,22
16279,1448,12,2025,4,3,5,22
16280,1449,1,2025,1,4,3,22
16281,1449,2,2025,2,3,2,22
16282,1449,3,2025,0,1,2,22
16283,1449,4,2025,2,1,2,22
16284,1449,5,2025,0,1,3,22
16285,1449,6,2025,3,2,3,22
16286,1449,7,2025,3,2,4,22
16287,1449,8,2025,2,1,6,22
16288,1449,9,2025,0,0,2,22
16289,1449,10,2025,0,0,3,22
16290,1449,11,2025,1,3,5,22
16291,1449,12,2025,1,0,2,22
16292,1450,1,2025,1,1,2,22
16293,1450,2,2025,1,0,5,22
16294,1450,3,2025,3,1,3,22
16295,1450,4,2025,0,1,1,22
16296,1450,5,2025,1,0,4,22
16297,1450,6,2025,1,4,3,22
16298,1450,7,2025,0,0,3,22
16299,1450,8,2025,3,0,2,22
16300,1450,9,2025,3,0,4,22
16301,1450,10,2025,2,0,3,22
16302,1450,11,2025,0,0,4,22
16303,1450,12,2025,3,1,5,22
16304,1451,1,2025,0,0,2,22
16305,1451,2,2025,3,0,4,22
16306,1451,3,2025,0,1,1,22
16307,1451,4,2025,0,0,5,22
16308,1451,5,2025,1,0,4,22
16309,1451,6,2025,2,0,3,22
16310,1451,7,2025,2,0,3,22
16311,1451,8,2025,0,1,4,22
16312,1451,9,2025,2,0,4,22
16313,1451,10,2025,0,1,2,22
16314,1451,11,2025,2,0,8,22
16315,1452,1,2025,3,0,3,22
16316,1452,2,2025,0,1,5,22
16317,1452,3,2025,2,1,2,22
16318,1452,4,2025,0,0,1,22
16319,1452,5,2025,1,1,4,22
16320,1452,6,2025,1,0,0,22
16321,1452,7,2025,1,0,4,22
16322,1452,8,2025,2,2,3,22
16323,1452,9,2025,2,3,1,22
16324,1452,10,2025,1,1,5,22
16325,1452,11,2025,2,4,5,22
16326,1452,12,2025,0,1,2,22
16327,1453,2,2025,0,2,4,22
16328,1453,3,2025,3,2,6,22
16329,1453,5,2025,4,0,3,22
16330,1453,6,2025,0,4,1,22
16331,1453,7,2025,2,1,4,22
16332,1453,8,2025,3,3,3,22
16333,1453,9,2025,1,2,5,22
16334,1453,10,2025,0,2,1,22
16335,1453,12,2025,1,1,4,22
16336,1454,1,2025,1,2,5,22
16337,1454,2,2025,1,2,0,22
16338,1454,3,2025,2,1,2,22
16339,1454,4,2025,0,3,3,22
16340,1454,5,2025,3,2,4,22
16341,1454,6,2025,3,0,4,22
16342,1454,7,2025,3,4,1,22
16343,1454,8,2025,1,7,6,22
16344,1454,9,2025,4,3,2,22
16345,1454,10,2025,0,1,5,22
16346,1454,11,2025,4,3,3,22
16347,1454,12,2025,3,2,1,22
16348,1455,1,2025,2,2,1,22
16349,1455,2,2025,1,0,4,22
16350,1455,3,2025,1,0,2,22
16351,1455,4,2025,1,2,0,22
16352,1455,5,2025,2,3,3,22
16353,1455,6,2025,0,0,2,22
16354,1455,7,2025,0,0,3,22
16355,1455,8,2025,0,0,1,22
16356,1455,9,2025,1,1,1,22
16357,1455,10,2025,2,2,4,22
16358,1455,11,2025,2,0,0,22
16359,1455,12,2025,2,4,3,22
16360,1456,1,2025,2,1,6,22
16361,1456,2,2025,3,0,1,22
16362,1456,3,2025,0,1,3,22
16363,1456,4,2025,1,2,1,22
16364,1456,5,2025,1,2,2,22
16365,1456,6,2025,2,1,3,22
16366,1456,7,2025,1,2,5,22
16367,1456,8,2025,1,1,0,22
16368,1456,9,2025,1,0,0,22
16369,1456,10,2025,0,2,0,22
16370,1456,11,2025,0,0,3,22
16371,1456,12,2025,2,2,0,22
16372,1457,1,2025,0,2,5,22
16373,1457,2,2025,0,1,2,22
16374,1457,3,2025,1,2,3,22
16375,1457,4,2025,0,3,10,22
16376,1457,5,2025,5,1,4,22
16377,1457,6,2025,2,1,1,22
16378,1457,7,2025,1,0,3,22
16379,1457,8,2025,1,1,4,22
16380,1457,9,2025,3,0,1,22
16381,1457,10,2025,3,0,3,22
16382,1457,11,2025,0,0,2,22
16383,1457,12,2025,3,2,4,22
16384,1458,1,2025,1,0,4,22
16385,1458,2,2025,0,1,1,22
16386,1458,3,2025,1,0,2,22
16387,1458,4,2025,1,1,1,22
16388,1458,5,2025,1,1,3,22
16389,1458,6,2025,1,0,3,22
16390,1458,7,2025,4,1,6,22
16391,1458,8,2025,2,1,6,22
16392,1458,9,2025,0,0,6,22
16393,1458,10,2025,3,0,1,22
16394,1458,11,2025,1,0,1,22
16395,1458,12,2025,3,1,3,22
16396,1459,1,2025,2,2,4,22
16397,1459,2,2025,1,1,2,22
16398,1459,3,2025,2,2,0,22
16399,1459,4,2025,2,2,2,22
16400,1459,5,2025,2,0,2,22
16401,1459,6,2025,2,0,5,22
16402,1459,7,2025,2,2,3,22
16403,1459,8,2025,3,0,4,22
16404,1459,9,2025,3,0,7,22
16405,1459,10,2025,0,0,1,22
16406,1459,11,2025,0,0,4,22
16407,1459,12,2025,5,1,3,22
16408,1460,1,2025,1,0,1,22
16409,1460,2,2025,0,2,2,22
16410,1460,3,2025,1,1,2,22
16411,1460,6,2025,2,0,1,22
16412,1460,7,2025,0,0,2,22
16413,1460,8,2025,2,2,4,22
16414,1460,9,2025,2,0,3,22
16415,1460,12,2025,0,1,2,22
16416,1461,1,2025,0,2,3,22
16417,1461,2,2025,1,0,4,22
16418,1461,3,2025,1,1,4,22
16419,1461,4,2025,3,0,1,22
16420,1461,5,2025,2,3,4,22
16421,1461,6,2025,0,0,1,22
16422,1461,7,2025,1,0,0,22
16423,1461,8,2025,2,2,2,22
16424,1461,9,2025,2,0,5,22
16425,1461,10,2025,1,1,1,22
16426,1461,11,2025,4,1,0,22
16427,1461,12,2025,2,0,3,22
16428,1462,2,2025,0,0,5,22
16429,1462,3,2025,5,0,3,22
16430,1462,5,2025,1,1,5,22
16431,1462,6,2025,1,1,1,22
16432,1462,7,2025,0,0,3,22
16433,1462,9,2025,2,1,5,22
16434,1462,10,2025,1,1,1,22
16435,1462,11,2025,2,2,4,22
16436,1463,1,2025,3,2,3,22
16437,1463,2,2025,2,1,2,22
16438,1463,3,2025,1,1,0,22
16439,1463,4,2025,2,1,4,22
16440,1463,5,2025,3,2,2,22
16441,1463,6,2025,4,3,3,22
16442,1463,7,2025,3,3,5,22
16443,1463,8,2025,4,4,5,22
16444,1463,9,2025,3,2,3,22
16445,1463,10,2025,6,2,3,22
16446,1463,11,2025,1,1,2,22
16447,1463,12,2025,2,2,5,22
16448,1464,1,2025,3,2,2,22
16449,1464,2,2025,3,5,4,22
16450,1464,3,2025,1,2,2,22
16451,1464,4,2025,1,2,3,22
16452,1464,5,2025,4,0,1,22
16453,1464,6,2025,0,2,3,22
16454,1464,7,2025,1,2,2,22
16455,1464,8,2025,2,4,3,22
16456,1464,9,2025,0,1,3,22
16457,1464,10,2025,1,2,3,22
16458,1464,11,2025,2,1,3,22
16459,1464,12,2025,3,6,3,22
16460,1465,1,2025,1,1,3,22
16461,1465,2,2025,1,0,3,22
16462,1465,3,2025,2,0,1,22
16463,1465,4,2025,1,0,3,22
16464,1465,5,2025,0,0,3,22
16465,1465,6,2025,1,1,3,22
16466,1465,7,2025,3,1,5,22
16467,1465,8,2025,1,1,0,22
16468,1465,9,2025,1,2,1,22
16469,1465,10,2025,1,0,6,22
16470,1465,11,2025,1,1,6,22
16471,1465,12,2025,0,1,4,22
16472,1466,1,2025,2,4,3,22
16473,1466,2,2025,5,4,3,22
16474,1466,3,2025,1,2,3,22
16475,1466,4,2025,3,1,2,22
16476,1466,5,2025,1,2,7,22
16477,1466,6,2025,4,3,2,22
16478,1466,7,2025,4,2,4,22
16479,1466,8,2025,3,5,3,22
16480,1466,9,2025,0,2,5,22
16481,1466,10,2025,2,3,3,22
16482,1466,11,2025,2,1,5,22
16483,1466,12,2025,2,4,1,22
16484,1467,1,2025,2,1,3,22
16485,1467,2,2025,5,3,5,22
16486,1467,3,2025,2,4,3,22
16487,1467,4,2025,3,2,6,22
16488,1467,5,2025,3,0,4,22
16489,1467,7,2025,3,3,4,22
16490,1467,8,2025,1,1,6,22
16491,1467,10,2025,5,2,2,22
16492,1467,11,2025,2,2,3,22
16493,1467,12,2025,2,2,2,22
16494,1468,1,2025,0,0,3,22
16495,1468,2,2025,1,2,2,22
16496,1468,3,2025,0,2,3,22
16497,1468,4,2025,3,1,0,22
16498,1468,5,2025,0,1,4,22
16499,1468,6,2025,2,1,4,22
16500,1468,7,2025,2,1,4,22
16501,1468,8,2025,1,3,1,22
16502,1468,9,2025,2,4,3,22
16503,1468,10,2025,2,2,5,22
16504,1468,11,2025,2,0,2,22
16505,1468,12,2025,2,1,3,22
16506,1469,1,2025,1,0,3,22
16507,1469,2,2025,3,2,3,22
16508,1469,3,2025,2,2,0,22
16509,1469,4,2025,2,0,4,22
16510,1469,5,2025,0,0,2,22
16511,1469,6,2025,0,0,2,22
16512,1469,7,2025,2,0,3,22
16513,1469,8,2025,0,0,7,22
16514,1469,9,2025,5,1,0,22
16515,1469,10,2025,2,0,2,22
16516,1469,11,2025,0,0,4,22
16517,1469,12,2025,2,0,2,22
16518,1470,1,2025,1,0,4,22
16519,1470,2,2025,1,1,3,22
16520,1470,3,2025,2,2,2,22
16521,1470,5,2025,0,0,8,22
16522,1470,7,2025,0,0,3,22
16523,1470,8,2025,0,0,7,22
16524,1471,1,2025,1,1,3,22
16525,1471,2,2025,1,1,5,22
16526,1471,3,2025,3,0,3,22
16527,1471,4,2025,5,2,2,22
16528,1471,5,2025,2,0,3,22
16529,1471,6,2025,4,1,1,22
16530,1471,7,2025,5,3,2,22
16531,1471,8,2025,3,2,5,22
16532,1471,9,2025,4,2,4,22
16533,1471,10,2025,2,1,6,22
16534,1471,11,2025,1,1,6,22
16535,1471,12,2025,1,1,3,22
16536,1472,1,2025,2,1,3,22
16537,1472,2,2025,1,1,5,22
16538,1472,3,2025,3,0,6,22
16539,1472,4,2025,1,0,6,22
16540,1472,5,2025,1,1,3,22
16541,1472,6,2025,3,0,4,22
16542,1472,7,2025,1,2,3,22
16543,1472,8,2025,1,1,6,22
16544,1472,9,2025,1,2,1,22
16545,1472,10,2025,1,1,1,22
16546,1472,11,2025,1,1,2,22
16547,1472,12,2025,2,2,4,22
16548,1473,1,2025,1,2,0,22
16549,1473,2,2025,0,2,1,22
16550,1473,3,2025,2,0,2,22
16551,1473,4,2025,1,0,5,22
16552,1473,5,2025,3,0,3,22
16553,1473,6,2025,0,4,4,22
16554,1473,7,2025,4,1,2,22
16555,1473,8,2025,3,1,1,22
16556,1473,9,2025,0,0,5,22
16557,1473,10,2025,1,1,0,22
16558,1473,11,2025,3,2,6,22
16559,1473,12,2025,2,1,3,22
16560,1474,1,2025,1,1,6,22
16561,1474,2,2025,2,1,2,22
16562,1474,3,2025,0,1,1,22
16563,1474,4,2025,1,1,2,22
16564,1474,5,2025,1,0,0,22
16565,1474,6,2025,0,1,3,22
16566,1474,7,2025,1,3,5,22
16567,1474,8,2025,0,1,5,22
16568,1474,12,2025,1,0,1,22
16569,1475,1,2025,3,1,3,22
16570,1475,2,2025,1,1,1,22
16571,1475,3,2025,4,2,6,22
16572,1475,4,2025,3,2,6,22
16573,1475,5,2025,1,5,6,22
16574,1475,6,2025,1,1,7,22
16575,1475,7,2025,1,2,4,22
16576,1475,8,2025,1,2,3,22
16577,1475,9,2025,0,4,9,22
16578,1475,10,2025,0,5,4,22
16579,1475,11,2025,1,5,1,22
16580,1475,12,2025,6,0,4,22
16581,1476,1,2025,3,3,2,22
16582,1476,2,2025,1,1,2,22
16583,1476,3,2025,3,3,3,22
16584,1476,4,2025,0,1,8,22
16585,1476,5,2025,3,2,3,22
16586,1476,6,2025,2,0,2,22
16587,1476,7,2025,3,0,2,22
16588,1476,8,2025,5,0,3,22
16589,1476,9,2025,2,1,3,22
16590,1476,10,2025,3,1,1,22
16591,1476,11,2025,3,1,3,22
16592,1476,12,2025,3,0,1,22
16593,1477,1,2025,2,1,2,22
16594,1477,2,2025,2,0,1,22
16595,1477,3,2025,1,0,4,22
16596,1477,4,2025,0,2,1,22
16597,1477,5,2025,1,1,4,22
16598,1477,6,2025,2,3,3,22
16599,1477,7,2025,0,1,4,22
16600,1477,8,2025,0,0,3,22
16601,1477,9,2025,1,1,3,22
16602,1477,10,2025,2,0,7,22
16603,1477,11,2025,2,1,0,22
16604,1477,12,2025,1,3,6,22
16605,1478,1,2025,2,2,2,22
16606,1478,2,2025,1,2,9,22
16607,1478,3,2025,1,1,4,22
16608,1478,4,2025,1,1,2,22
16609,1478,5,2025,1,0,3,22
16610,1478,6,2025,1,3,3,22
16611,1478,7,2025,0,0,3,22
16612,1478,8,2025,0,5,4,22
16613,1478,9,2025,2,0,5,22
16614,1478,10,2025,4,3,4,22
16615,1478,11,2025,1,1,3,22
16616,1478,12,2025,1,0,3,22
16617,1479,1,2025,0,1,2,22
16618,1479,2,2025,0,1,2,22
16619,1479,3,2025,3,2,5,22
16620,1479,4,2025,0,0,3,22
16621,1479,5,2025,0,0,4,22
16622,1479,6,2025,2,1,1,22
16623,1479,7,2025,0,4,2,22
16624,1479,8,2025,0,0,6,22
16625,1479,9,2025,1,1,2,22
16626,1479,10,2025,0,0,0,22
16627,1479,11,2025,3,3,2,22
16628,1479,12,2025,0,2,2,22
16629,1480,3,2025,0,1,0,22
16630,1480,4,2025,0,1,6,22
16631,1480,6,2025,4,1,4,22
16632,1480,7,2025,2,0,1,22
16633,1480,9,2025,1,2,4,22
16634,1480,10,2025,3,0,0,22
16635,1480,11,2025,1,1,2,22
16636,1481,1,2025,0,0,3,22
16637,1481,2,2025,2,0,3,22
16638,1481,3,2025,0,1,3,22
16639,1481,4,2025,1,2,4,22
16640,1481,5,2025,0,0,3,22
16641,1481,6,2025,2,0,5,22
16642,1481,7,2025,1,0,5,22
16643,1481,8,2025,1,3,4,22
16644,1481,9,2025,2,1,3,22
16645,1481,10,2025,0,2,4,22
16646,1481,11,2025,3,1,3,22
16647,1481,12,2025,2,3,1,22
16648,1482,1,2025,1,1,2,22
16649,1482,2,2025,1,2,3,22
16650,1482,3,2025,2,1,2,22
16651,1482,4,2025,2,1,4,22
16652,1482,5,2025,0,1,4,22
16653,1482,6,2025,2,2,3,22
16654,1482,7,2025,1,0,1,22
16655,1482,8,2025,1,0,2,22
16656,1482,9,2025,1,0,8,22
16657,1482,10,2025,1,0,2,22
16658,1482,11,2025,2,1,3,22
16659,1482,12,2025,0,2,3,22
16660,1483,2,2025,1,0,4,22
16661,1483,3,2025,3,3,3,22
16662,1483,4,2025,4,1,5,22
16663,1483,5,2025,3,2,4,22
16664,1483,6,2025,0,0,1,22
16665,1483,7,2025,1,4,2,22
16666,1483,9,2025,3,1,3,22
16667,1483,10,2025,2,2,2,22
16668,1483,11,2025,1,1,4,22
16669,1483,12,2025,0,2,4,22
16670,1484,1,2025,1,0,5,22
16671,1484,2,2025,0,0,2,22
16672,1484,3,2025,0,1,1,22
16673,1484,4,2025,1,0,5,22
16674,1484,5,2025,1,0,4,22
16675,1484,6,2025,2,2,1,22
16676,1484,7,2025,0,1,3,22
16677,1484,8,2025,4,1,2,22
16678,1484,9,2025,2,2,4,22
16679,1484,10,2025,1,0,2,22
16680,1484,11,2025,0,1,6,22
16681,1484,12,2025,2,0,4,22
16682,1485,1,2025,3,1,3,22
16683,1485,2,2025,0,0,5,22
16684,1485,3,2025,2,1,1,22
16685,1485,4,2025,1,0,3,22
16686,1485,5,2025,1,2,3,22
16687,1485,6,2025,0,0,3,22
16688,1485,7,2025,2,1,2,22
16689,1485,8,2025,3,0,3,22
16690,1485,9,2025,1,1,7,22
16691,1485,10,2025,0,0,3,22
16692,1485,11,2025,1,2,3,22
16693,1485,12,2025,1,0,4,22
16694,1486,2,2025,3,0,1,22
16695,1486,3,2025,0,3,8,22
16696,1486,4,2025,1,2,6,22
16697,1486,5,2025,4,0,2,22
16698,1486,6,2025,3,1,1,22
16699,1486,7,2025,3,0,3,22
16700,1486,8,2025,1,4,1,22
16701,1486,9,2025,2,0,1,22
16702,1486,10,2025,1,3,6,22
16703,1486,11,2025,0,1,3,22
16704,1486,12,2025,0,0,2,22
16705,1487,1,2025,1,4,4,22
16706,1487,2,2025,0,2,3,22
16707,1487,3,2025,1,1,1,22
16708,1487,4,2025,1,2,6,22
16709,1487,5,2025,1,2,3,22
16710,1487,6,2025,1,2,2,22
16711,1487,7,2025,1,2,5,22
16712,1487,8,2025,1,2,3,22
16713,1487,9,2025,3,1,4,22
16714,1487,10,2025,1,0,4,22
16715,1487,11,2025,0,0,1,22
16716,1487,12,2025,2,1,4,22
16717,1488,1,2025,0,1,2,22
16718,1488,2,2025,3,2,7,22
16719,1488,3,2025,3,1,0,22
16720,1488,4,2025,1,0,5,22
16721,1488,5,2025,2,1,1,22
16722,1488,6,2025,2,1,3,22
16723,1488,7,2025,1,2,4,22
16724,1488,8,2025,1,2,7,22
16725,1488,9,2025,3,1,4,22
16726,1488,10,2025,1,1,5,22
16727,1488,11,2025,1,1,3,22
16728,1488,12,2025,2,0,4,22
16729,1489,1,2025,1,2,4,22
16730,1489,2,2025,0,0,6,22
16731,1489,4,2025,3,0,2,22
16732,1489,5,2025,2,2,1,22
16733,1489,7,2025,3,1,5,22
16734,1489,8,2025,2,1,4,22
16735,1489,9,2025,1,1,1,22
16736,1489,10,2025,2,3,2,22
16737,1489,11,2025,1,1,2,22
16738,1489,12,2025,2,1,1,22
16739,1490,1,2025,1,1,9,22
16740,1490,2,2025,0,1,7,22
16741,1490,3,2025,3,0,4,22
16742,1490,4,2025,1,1,3,22
16743,1490,5,2025,2,0,3,22
16744,1490,6,2025,0,1,2,22
16745,1490,7,2025,3,2,4,22
16746,1490,8,2025,0,2,3,22
16747,1490,9,2025,5,3,1,22
16748,1490,10,2025,0,1,1,22
16749,1490,11,2025,1,0,3,22
16750,1490,12,2025,1,1,1,22
16751,1491,1,2025,0,1,0,22
16752,1491,2,2025,3,1,4,22
16753,1491,3,2025,2,0,4,22
16754,1491,4,2025,5,1,5,22
16755,1491,5,2025,2,2,0,22
16756,1491,6,2025,4,3,1,22
16757,1491,7,2025,4,1,3,22
16758,1491,8,2025,2,1,3,22
16759,1491,9,2025,2,2,4,22
16760,1491,10,2025,4,0,2,22
16761,1491,11,2025,3,3,4,22
16762,1491,12,2025,3,3,2,22
16763,1492,1,2025,3,1,4,22
16764,1492,2,2025,1,0,3,22
16765,1492,3,2025,0,0,4,22
16766,1492,4,2025,0,0,6,22
16767,1492,5,2025,2,2,3,22
16768,1492,6,2025,0,1,2,22
16769,1492,7,2025,1,2,7,22
16770,1492,8,2025,2,1,3,22
16771,1492,9,2025,4,0,4,22
16772,1492,10,2025,0,0,5,22
16773,1492,11,2025,1,1,5,22
16774,1492,12,2025,1,1,4,22
16775,1493,1,2025,1,2,1,22
16776,1493,2,2025,4,2,2,22
16777,1493,3,2025,1,1,2,22
16778,1493,4,2025,2,1,2,22
16779,1493,5,2025,3,3,4,22
16780,1493,6,2025,0,2,4,22
16781,1493,7,2025,3,1,3,22
16782,1493,8,2025,2,0,4,22
16783,1493,9,2025,2,1,4,22
16784,1493,10,2025,1,1,4,22
16785,1493,11,2025,2,4,4,22
16786,1493,12,2025,3,2,4,22
16787,1494,1,2025,2,3,3,22
16788,1494,2,2025,4,0,6,22
16789,1494,3,2025,2,1,2,22
16790,1494,4,2025,0,0,2,22
16791,1494,5,2025,2,0,4,22
16792,1494,6,2025,1,0,2,22
16793,1494,7,2025,1,0,9,22
16794,1494,8,2025,2,3,5,22
16795,1494,9,2025,2,1,1,22
16796,1494,10,2025,2,1,1,22
16797,1494,11,2025,3,0,4,22
16798,1494,12,2025,1,3,3,22
16799,1495,1,2025,1,1,1,22
16800,1495,2,2025,1,4,1,22
16801,1495,3,2025,1,0,3,22
16802,1495,4,2025,0,1,1,22
16803,1495,5,2025,1,0,3,22
16804,1495,6,2025,2,2,2,22
16805,1495,7,2025,0,0,1,22
16806,1495,8,2025,3,1,4,22
16807,1495,9,2025,0,1,2,22
16808,1495,10,2025,0,1,6,22
16809,1495,11,2025,1,3,3,22
16810,1495,12,2025,0,1,3,22
16811,1496,1,2025,3,0,3,22
16812,1496,2,2025,2,0,1,22
16813,1496,3,2025,1,2,6,22
16814,1496,4,2025,1,3,2,22
16815,1496,5,2025,1,0,2,22
16816,1496,6,2025,2,0,0,22
16817,1496,7,2025,1,2,6,22
16818,1496,8,2025,1,0,3,22
16819,1496,9,2025,2,0,1,22
16820,1496,10,2025,0,1,2,22
16821,1496,11,2025,6,1,3,22
16822,1496,12,2025,2,0,1,22
16823,1497,1,2025,1,0,2,22
16824,1497,2,2025,0,1,1,22
16825,1497,3,2025,2,0,5,22
16826,1497,4,2025,1,2,3,22
16827,1497,5,2025,0,2,7,22
16828,1497,6,2025,3,1,2,22
16829,1497,7,2025,3,1,3,22
16830,1497,8,2025,1,1,4,22
16831,1497,9,2025,4,0,3,22
16832,1497,10,2025,0,2,2,22
16833,1497,11,2025,1,2,7,22
16834,1497,12,2025,3,1,2,22
16835,1498,1,2025,1,1,2,22
16836,1498,2,2025,2,1,0,22
16837,1498,3,2025,3,2,2,22
16838,1498,4,2025,3,0,1,22
16839,1498,5,2025,2,2,3,22
16840,1498,6,2025,2,0,2,22
16841,1498,7,2025,2,0,2,22
16842,1498,8,2025,3,0,5,22
16843,1498,9,2025,2,2,3,22
16844,1498,10,2025,3,0,3,22
16845,1498,11,2025,1,0,4,22
16846,1498,12,2025,1,1,2,22
16847,1499,1,2025,0,0,4,22
16848,1499,2,2025,2,1,3,22
16849,1499,3,2025,0,2,1,22
16850,1499,4,2025,0,0,5,22
16851,1499,5,2025,0,0,1,22
16852,1499,6,2025,2,1,2,22
16853,1499,7,2025,1,0,1,22
16854,1499,8,2025,2,0,4,22
16855,1499,9,2025,5,0,3,22
16856,1499,10,2025,0,1,2,22
16857,1499,11,2025,2,2,2,22
16858,1499,12,2025,3,1,1,22
16859,1500,1,2025,3,1,5,22
16860,1500,2,2025,6,3,2,22
16861,1500,3,2025,0,4,4,22
16862,1500,4,2025,4,1,3,22
16863,1500,5,2025,4,1,4,22
16864,1500,6,2025,2,0,1,22
16865,1500,7,2025,5,2,2,22
16866,1500,8,2025,3,1,1,22
16867,1500,9,2025,3,1,3,22
16868,1500,10,2025,1,2,0,22
16869,1500,11,2025,3,5,6,22
16870,1500,12,2025,6,2,1,22
