EmployeeID,Age,Gender,MaritalStatus,Department,JobRole,Education,HireDate,TenureYears,BusinessTravel,DistanceFromHomeKM,MonthlyIncome,YearsSinceLastPromotion,NumCompaniesWorked,WorkLifeBalance,EnvironmentSatisfaction,JobSatisfaction,OverTime,PerformanceRating,TrainingTimesLastYear,Attrition
1,38,Male,Married,Engineering,Software Engineer,High School,2022-09-03,3,Travel_Rarely,9,62116,0,3,2,3,3,No,3,1,No
2,22,Female,Married,Finance,Finance Manager,High School,2024-05-03,1,Non-Travel,1,72934,0,2,3,1,4,Yes,4,2,Yes
3,21,Female,Single,Operations,Operations Manager,High School,2024-01-17,1,Non-Travel,3,42891,1,2,2,3,2,No,2,3,No
4,41,Female,Single,Finance,Financial Analyst,Master's,2015-11-23,10,Non-Travel,3,66549,1,2,4,4,4,Yes,3,0,No
5,35,Female,Married,Sales,Sales Executive,High School,2023-09-29,2,Travel_Rarely,1,42808,2,4,2,3,2,No,4,1,No
6,31,Male,Married,Marketing,Marketing Associate,Bachelor's,2019-05-15,6,Travel_Rarely,9,43126,0,1,3,1,2,Yes,4,1,No
7,28,Female,Married,Engineering,Senior Engineer,Master's,2024-05-22,1,Travel_Rarely,6,81925,1,0,3,2,4,No,5,3,No
8,34,Male,Divorced,Engineering,Engineering Manager,High School,2025-08-08,0,Travel_Rarely,5,124194,0,2,3,2,2,No,3,5,Yes
9,31,Male,Divorced,Human Resources,Recruiter,Bachelor's,2017-09-08,8,Travel_Rarely,1,85233,0,1,2,3,4,No,3,2,No
10,44,Male,Single,Marketing,Marketing Associate,PhD,2022-12-12,3,Travel_Frequently,7,42043,1,1,3,2,1,No,3,4,No
11,36,Male,Single,Customer Support,Support Associate,Master's,2025-04-24,0,Non-Travel,6,31794,0,3,3,4,2,No,4,4,No
12,38,Female,Married,Operations,Operations Manager,Bachelor's,2025-11-27,0,Travel_Rarely,17,40850,0,0,3,1,3,No,3,1,Yes
13,21,Male,Single,Finance,Accountant,Bachelor's,2024-11-03,1,Non-Travel,6,62913,1,4,4,2,3,Yes,1,4,No
14,28,Male,Single,Human Resources,HR Associate,Master's,2024-04-05,1,Travel_Rarely,1,32953,0,1,2,3,4,Yes,1,3,No
15,30,Female,Married,Sales,Sales Manager,Bachelor's,2024-04-27,1,Travel_Rarely,7,56747,1,6,4,4,3,No,4,1,Yes
16,23,Male,Single,Marketing,Content Specialist,Master's,2025-04-13,0,Non-Travel,5,58430,0,1,3,4,3,No,3,2,No
17,46,Male,Married,Marketing,Content Specialist,Bachelor's,2020-01-07,5,Travel_Rarely,2,73810,0,0,4,4,3,No,4,2,No
18,27,Male,Divorced,Sales,Sales Executive,Master's,2019-11-07,6,Travel_Frequently,1,50887,2,6,3,4,2,No,3,3,No
19,32,Male,Single,Marketing,Marketing Manager,Master's,2024-07-19,1,Travel_Rarely,1,60487,1,0,2,2,3,No,4,2,No
20,37,Male,Divorced,Sales,Sales Executive,Master's,2025-08-06,0,Non-Travel,9,37754,0,6,3,2,3,Yes,4,1,No
21,21,Male,Single,Engineering,Engineering Manager,High School,2024-05-27,1,Travel_Frequently,4,127973,1,1,4,3,2,No,4,4,Yes
22,43,Female,Divorced,Sales,Account Manager,Master's,2024-02-26,1,Travel_Frequently,6,68173,1,0,4,3,2,No,4,1,No
23,29,Male,Single,Customer Support,Support Team Lead,Master's,2019-05-12,6,Non-Travel,1,56796,3,2,2,1,3,No,3,3,No
24,44,Female,Single,Operations,Operations Associate,Bachelor's,2019-08-18,6,Travel_Rarely,31,34496,2,1,2,2,2,Yes,4,1,No
25,34,Male,Single,Customer Support,Support Associate,Bachelor's,2024-03-31,1,Non-Travel,1,33863,1,1,3,3,1,No,4,0,No
26,32,Male,Married,Human Resources,HR Associate,Bachelor's,2013-03-05,12,Travel_Rarely,4,55328,4,2,3,3,2,Yes,3,0,No
27,21,Female,Married,Sales,Sales Manager,Master's,2024-12-08,1,Non-Travel,6,57088,1,2,2,3,3,No,3,3,No
28,28,Female,Married,Sales,Sales Manager,High School,2019-08-04,6,Travel_Rarely,32,65680,6,3,3,4,3,No,3,2,No
29,48,Female,Married,Customer Support,Support Associate,Bachelor's,2020-11-25,5,Travel_Rarely,1,38808,0,0,1,4,3,No,3,4,No
30,32,Male,Divorced,Operations,Operations Manager,Bachelor's,2015-08-19,10,Travel_Rarely,1,65919,3,2,2,3,4,No,4,5,No
31,32,Male,Single,Marketing,Marketing Associate,Bachelor's,2022-09-21,3,Travel_Rarely,10,44765,2,2,3,3,4,No,4,2,No
32,48,Male,Married,Sales,Sales Executive,Bachelor's,2025-05-19,0,Travel_Rarely,5,44525,0,0,3,3,4,No,4,2,No
33,36,Female,Single,Engineering,QA Engineer,Bachelor's,2023-09-14,2,Travel_Frequently,12,97456,0,3,1,2,4,No,2,1,Yes
34,30,Male,Single,Engineering,QA Engineer,Master's,2022-08-07,3,Travel_Rarely,7,109200,3,4,1,4,2,No,3,0,Yes
35,25,Male,Married,Finance,Finance Manager,Master's,2020-07-09,5,Non-Travel,2,92053,0,3,3,3,3,No,4,2,No
36,56,Female,Single,Finance,Financial Analyst,Bachelor's,2024-11-08,1,Travel_Rarely,4,48440,0,1,3,1,2,No,3,2,Yes
37,31,Male,Married,Human Resources,HR Manager,High School,2021-05-24,4,Travel_Rarely,15,59893,0,5,4,3,1,No,3,3,No
38,26,Male,Married,Customer Support,Support Team Lead,Master's,2023-09-10,2,Travel_Rarely,1,42473,0,6,1,3,3,No,2,1,Yes
39,47,Female,Married,Human Resources,HR Manager,Bachelor's,2025-07-13,0,Travel_Rarely,3,51084,0,2,4,1,4,No,5,5,No
40,33,Male,Married,Sales,Account Manager,Bachelor's,2018-01-03,7,Travel_Rarely,3,98563,2,1,1,1,4,Yes,2,5,Yes
41,40,Female,Married,Operations,Logistics Coordinator,Master's,2021-06-18,4,Travel_Rarely,1,68986,2,0,3,4,3,No,3,1,No
42,32,Male,Single,Finance,Finance Manager,Bachelor's,2018-09-22,7,Non-Travel,1,86429,2,0,3,3,4,No,4,3,No
43,30,Male,Single,Sales,Account Manager,High School,2015-11-25,10,Non-Travel,5,86164,1,1,2,3,3,No,1,3,No
44,39,Male,Married,Sales,Account Manager,PhD,2024-01-24,1,Non-Travel,7,75424,1,1,3,4,2,No,2,0,No
45,28,Male,Married,Sales,Sales Manager,Bachelor's,2025-11-16,0,Travel_Rarely,2,59136,0,4,3,4,1,No,4,2,No
46,33,Female,Single,Sales,Account Manager,Bachelor's,2021-04-16,4,Non-Travel,9,79167,4,0,4,4,1,No,3,6,No
47,37,Female,Married,Engineering,QA Engineer,High School,2018-01-23,7,Non-Travel,17,134193,7,2,4,2,4,Yes,3,2,No
48,29,Female,Single,Sales,Sales Manager,High School,2021-01-23,4,Non-Travel,4,60880,0,2,4,4,2,No,4,1,Yes
49,29,Male,Single,Operations,Operations Manager,Master's,2020-12-26,5,Travel_Rarely,2,55629,0,1,4,2,4,No,4,3,No
50,35,Male,Married,Operations,Logistics Coordinator,Master's,2024-04-20,1,Non-Travel,16,61302,1,1,2,1,2,No,3,0,No
51,35,Male,Married,Engineering,Engineering Manager,Bachelor's,2019-08-03,6,Non-Travel,6,156694,0,1,3,3,3,No,3,4,No
52,39,Male,Married,Operations,Logistics Coordinator,High School,2023-10-07,2,Non-Travel,5,58215,2,1,3,4,1,No,3,2,No
53,45,Female,Single,Finance,Accountant,Bachelor's,2025-04-15,0,Travel_Frequently,23,62827,0,4,3,3,4,No,2,1,No
54,46,Male,Divorced,Customer Support,Support Associate,Master's,2025-11-08,0,Travel_Rarely,1,28344,0,2,3,2,3,Yes,4,2,No
55,35,Male,Married,Marketing,Marketing Manager,Bachelor's,2023-09-08,2,Travel_Rarely,8,59255,2,1,3,3,4,Yes,4,3,No
56,37,Female,Married,Customer Support,Support Team Lead,Bachelor's,2017-09-13,8,Non-Travel,8,52484,4,0,3,3,3,Yes,3,3,No
57,39,Male,Married,Sales,Sales Executive,Bachelor's,2021-10-30,4,Travel_Rarely,6,41232,3,4,1,4,2,Yes,2,2,Yes
58,40,Female,Married,Customer Support,Support Associate,Master's,2025-05-30,0,Travel_Rarely,5,29459,0,0,3,4,2,No,5,0,No
59,33,Female,Single,Customer Support,Support Associate,Bachelor's,2024-12-07,1,Travel_Frequently,9,32862,1,2,3,2,4,No,2,6,No
60,26,Male,Single,Finance,Accountant,Master's,2019-03-30,6,Travel_Rarely,1,66178,1,2,2,3,2,Yes,4,3,No
61,21,Female,Married,Customer Support,Support Team Lead,Master's,2024-11-20,1,Travel_Frequently,1,45068,0,0,3,4,2,No,2,2,No
62,33,Male,Married,Engineering,QA Engineer,Bachelor's,2022-08-20,3,Non-Travel,4,109873,2,1,3,2,3,Yes,5,3,No
63,35,Male,Single,Operations,Logistics Coordinator,Bachelor's,2022-12-08,3,Travel_Rarely,18,74892,0,2,4,3,4,Yes,4,2,Yes
64,37,Female,Married,Sales,Sales Executive,Bachelor's,2021-07-26,4,Non-Travel,1,48875,2,3,3,4,3,No,5,3,No
65,29,Female,Married,Engineering,Senior Engineer,High School,2023-08-26,2,Non-Travel,7,83705,2,1,2,1,3,No,5,2,Yes
66,39,Male,Married,Engineering,Senior Engineer,Master's,2023-12-22,2,Travel_Frequently,2,77617,2,5,4,2,4,No,4,0,No
67,21,Female,Divorced,Engineering,Senior Engineer,Bachelor's,2024-02-06,1,Travel_Frequently,1,74098,1,2,3,3,3,No,4,2,No
68,29,Female,Married,Sales,Account Manager,Bachelor's,2021-06-10,4,Non-Travel,15,78722,2,1,3,3,2,No,2,0,Yes
69,39,Female,Single,Operations,Operations Associate,Master's,2025-11-20,0,Non-Travel,12,32109,0,1,4,1,4,No,3,1,No
70,31,Female,Married,Sales,Account Manager,Bachelor's,2024-09-23,1,Travel_Rarely,4,62986,1,4,3,3,1,Yes,4,1,Yes
71,24,Male,Married,Sales,Sales Manager,High School,2025-07-26,0,Travel_Rarely,14,56215,0,0,3,2,3,No,3,2,No
72,35,Male,Married,Finance,Financial Analyst,Bachelor's,2014-08-26,11,Non-Travel,18,73169,2,3,3,2,4,No,4,0,No
73,33,Female,Single,Human Resources,HR Associate,Bachelor's,2025-08-07,0,Travel_Rarely,11,35263,0,1,2,1,4,No,3,0,No
74,27,Female,Married,Engineering,Senior Engineer,Master's,2025-03-16,0,Travel_Rarely,1,87920,0,3,3,4,2,No,3,3,Yes
75,24,Female,Married,Sales,Sales Manager,Bachelor's,2021-04-09,4,Travel_Rarely,14,68330,2,2,3,4,4,Yes,3,1,No
76,38,Female,Single,Finance,Financial Analyst,Bachelor's,2023-06-28,2,Non-Travel,1,50551,1,1,4,4,4,Yes,3,4,No
77,47,Male,Single,Human Resources,HR Associate,Master's,2018-02-23,7,Travel_Frequently,3,54208,0,1,4,4,3,No,4,3,No
78,44,Female,Married,Sales,Account Manager,High School,2017-05-26,8,Travel_Rarely,6,101471,3,2,1,1,3,No,4,3,No
79,29,Female,Married,Customer Support,Support Team Lead,Master's,2019-03-06,6,Travel_Rarely,8,52283,3,0,3,4,3,No,4,1,No
80,21,Female,Married,Operations,Operations Manager,Bachelor's,2024-10-25,1,Travel_Rarely,5,46696,1,2,3,2,4,No,5,0,Yes
81,26,Male,Married,Engineering,Engineering Manager,Bachelor's,2019-02-01,6,Non-Travel,1,136971,4,0,3,3,3,No,4,0,No
82,26,Male,Married,Sales,Account Manager,Bachelor's,2024-08-01,1,Travel_Frequently,2,64437,1,3,2,2,2,Yes,4,2,No
83,35,Female,Single,Human Resources,HR Associate,Bachelor's,2022-06-19,3,Travel_Rarely,1,43682,0,3,4,2,3,No,4,3,Yes
84,40,Male,Married,Sales,Account Manager,Master's,2017-10-02,8,Travel_Rarely,6,83385,0,1,4,3,3,No,2,1,No
85,48,Male,Married,Sales,Sales Executive,Master's,2019-11-17,6,Travel_Rarely,6,53885,0,3,3,3,1,No,4,5,No
86,43,Male,Divorced,Customer Support,Support Associate,PhD,2021-04-08,4,Travel_Rarely,1,34960,0,2,4,3,2,No,2,5,No
87,38,Female,Divorced,Operations,Operations Manager,Bachelor's,2019-06-27,6,Travel_Rarely,1,52050,2,4,2,1,4,Yes,3,0,No
88,38,Male,Single,Operations,Logistics Coordinator,Master's,2024-06-25,1,Travel_Rarely,1,56561,1,3,4,3,4,Yes,3,2,Yes
89,29,Female,Married,Sales,Account Manager,High School,2020-08-01,5,Travel_Frequently,13,81008,2,5,3,3,2,Yes,2,1,No
90,38,Female,Divorced,Sales,Sales Executive,High School,2024-05-25,1,Travel_Frequently,3,43460,1,1,2,4,3,No,3,1,No
91,41,Male,Single,Customer Support,Support Associate,Master's,2017-10-29,8,Travel_Frequently,4,43475,0,1,2,4,3,No,4,1,No
92,28,Male,Single,Engineering,Engineering Manager,Bachelor's,2022-01-07,3,Non-Travel,3,127378,0,2,3,2,3,Yes,3,1,Yes
93,30,Female,Single,Sales,Account Manager,Bachelor's,2023-05-03,2,Travel_Frequently,4,77995,0,1,3,3,4,No,4,2,No
94,21,Male,Divorced,Operations,Operations Associate,Master's,2024-05-07,1,Travel_Rarely,15,33621,1,2,3,3,4,No,3,5,No
95,41,Female,Married,Sales,Sales Executive,Bachelor's,2020-07-31,5,Travel_Frequently,13,49102,2,2,3,4,4,Yes,3,1,No
96,31,Female,Single,Sales,Sales Executive,Bachelor's,2024-09-02,1,Travel_Rarely,6,40405,1,0,3,1,3,No,3,1,Yes
97,44,Female,Married,Finance,Finance Manager,High School,2024-08-29,1,Travel_Rarely,14,85167,1,1,2,4,2,No,3,1,No
98,22,Male,Single,Sales,Sales Executive,PhD,2024-09-02,1,Travel_Frequently,7,36475,0,1,3,3,4,No,3,1,No
99,25,Male,Single,Sales,Sales Manager,Bachelor's,2020-02-13,5,Travel_Rarely,7,68668,1,4,3,2,3,Yes,3,3,No
100,48,Female,Divorced,Sales,Account Manager,Bachelor's,2022-12-29,3,Travel_Frequently,1,78457,1,3,2,4,3,No,3,6,No
101,22,Female,Married,Sales,Sales Executive,Bachelor's,2024-10-31,1,Travel_Rarely,20,44805,0,4,2,3,4,Yes,3,1,Yes
102,40,Male,Married,Human Resources,HR Associate,Master's,2021-11-26,4,Travel_Rarely,17,38588,1,3,3,3,3,No,4,0,No
103,34,Male,Married,Operations,Operations Manager,High School,2019-08-12,6,Travel_Rarely,1,52152,4,1,2,2,1,No,4,2,No
104,22,Female,Single,Sales,Account Manager,Bachelor's,2023-10-21,2,Travel_Rarely,2,78394,2,2,4,2,3,Yes,3,1,No
105,38,Female,Married,Engineering,QA Engineer,High School,2020-06-02,5,Non-Travel,2,113139,2,1,3,2,4,No,4,5,No
106,49,Male,Single,Marketing,Content Specialist,Master's,2025-12-10,0,Non-Travel,1,65778,0,1,3,4,2,No,3,2,No
107,43,Male,Married,Finance,Financial Analyst,Master's,2018-12-18,7,Travel_Rarely,12,54046,3,0,3,4,2,No,5,0,No
108,49,Female,Married,Sales,Account Manager,Master's,2024-02-24,1,Non-Travel,9,72370,1,2,3,3,4,Yes,4,1,No
109,39,Female,Single,Finance,Finance Manager,Bachelor's,2023-07-01,2,Travel_Rarely,3,84131,0,2,3,2,3,No,3,5,No
110,40,Male,Married,Sales,Account Manager,Bachelor's,2021-07-29,4,Travel_Rarely,1,82269,0,1,2,2,3,No,3,2,No
111,43,Female,Single,Human Resources,Recruiter,High School,2022-07-28,3,Non-Travel,7,61848,1,0,4,3,2,No,4,0,No
112,29,Male,Single,Customer Support,Support Associate,Bachelor's,2023-12-31,2,Non-Travel,14,33025,2,3,4,3,2,No,4,0,No
113,27,Male,Married,Operations,Logistics Coordinator,PhD,2021-03-09,4,Non-Travel,5,72658,2,2,2,3,4,No,1,0,No
114,32,Male,Single,Marketing,Marketing Manager,Master's,2024-02-15,1,Non-Travel,4,67374,1,1,1,1,3,Yes,4,3,No
115,21,Male,Single,Operations,Operations Manager,Master's,2025-06-23,0,Travel_Frequently,6,45117,0,2,4,2,3,No,5,4,No
116,23,Male,Married,Engineering,QA Engineer,Master's,2025-02-12,0,Non-Travel,14,93986,0,3,2,4,3,No,3,1,No
117,41,Male,Married,Human Resources,Recruiter,Master's,2025-02-04,0,Travel_Rarely,4,58726,0,1,3,4,2,No,5,5,No
118,27,Female,Single,Sales,Account Manager,Bachelor's,2023-08-17,2,Travel_Frequently,8,74450,2,1,4,3,2,Yes,2,1,Yes
119,40,Male,Single,Operations,Operations Associate,Master's,2025-08-14,0,Non-Travel,11,31687,0,3,3,3,3,No,1,1,No
120,43,Male,Married,Sales,Account Manager,Bachelor's,2023-07-19,2,Travel_Frequently,1,74871,1,0,4,2,3,Yes,4,3,No
121,23,Male,Single,Finance,Finance Manager,Bachelor's,2025-09-11,0,Travel_Rarely,21,77686,0,3,3,1,3,No,2,1,No
122,36,Male,Divorced,Finance,Financial Analyst,Master's,2025-12-04,0,Non-Travel,4,44678,0,1,3,2,3,Yes,4,4,Yes
123,29,Male,Married,Marketing,Content Specialist,Bachelor's,2022-10-11,3,Travel_Rarely,3,69848,1,3,2,1,2,Yes,3,3,Yes
124,44,Female,Divorced,Sales,Sales Executive,Bachelor's,2025-10-26,0,Non-Travel,10,44558,0,2,3,3,4,Yes,4,5,No
125,29,Male,Single,Human Resources,HR Manager,Master's,2025-08-04,0,Travel_Rarely,1,48245,0,0,4,3,3,Yes,4,2,No
126,41,Female,Married,Engineering,Engineering Manager,Master's,2025-01-09,0,Non-Travel,3,121054,0,2,4,3,4,No,4,2,No
127,30,Female,Married,Marketing,Marketing Associate,Bachelor's,2023-08-17,2,Travel_Rarely,5,45025,0,1,3,1,3,No,2,6,No
128,40,Female,Single,Engineering,Software Engineer,Master's,2024-11-11,1,Travel_Rarely,12,53939,0,1,4,1,4,No,3,4,Yes
129,26,Male,Single,Engineering,QA Engineer,Bachelor's,2021-09-12,4,Travel_Rarely,10,119954,1,1,1,2,4,Yes,3,0,No
130,21,Male,Divorced,Engineering,QA Engineer,Bachelor's,2024-08-28,1,Travel_Rarely,6,90047,1,2,3,3,4,No,3,1,No
131,34,Female,Married,Engineering,Engineering Manager,Bachelor's,2025-03-26,0,Travel_Rarely,1,123389,0,1,3,3,3,No,3,0,No
132,48,Female,Single,Finance,Financial Analyst,Bachelor's,2023-09-07,2,Travel_Frequently,17,43804,1,3,4,3,3,No,2,1,No
133,33,Male,Single,Finance,Finance Manager,High School,2025-06-10,0,Travel_Rarely,10,70299,0,2,2,3,3,Yes,4,2,No
134,45,Male,Married,Finance,Finance Manager,Bachelor's,2021-06-07,4,Travel_Rarely,8,77597,0,2,4,4,3,No,3,3,No
135,40,Male,Single,Marketing,Marketing Manager,Bachelor's,2023-06-10,2,Travel_Rarely,4,53989,2,2,3,4,2,No,4,2,No
136,38,Male,Married,Operations,Operations Manager,Bachelor's,2021-06-12,4,Non-Travel,4,56292,3,1,3,4,3,No,2,6,No
137,35,Male,Single,Marketing,Marketing Associate,High School,2017-03-04,8,Travel_Frequently,9,49231,0,0,3,1,4,No,3,1,No
138,40,Female,Single,Sales,Sales Executive,Bachelor's,2024-06-05,1,Travel_Rarely,8,33222,1,6,4,2,4,No,2,2,No
139,24,Female,Divorced,Human Resources,Recruiter,Bachelor's,2021-06-02,4,Non-Travel,9,71082,0,1,3,3,4,No,5,4,No
140,35,Female,Divorced,Human Resources,HR Associate,Master's,2023-06-08,2,Travel_Rarely,1,39703,0,2,4,3,4,No,4,0,No
141,47,Female,Single,Sales,Account Manager,Bachelor's,2017-12-22,8,Travel_Rarely,1,82537,6,0,3,3,4,Yes,2,0,No
142,30,Male,Divorced,Sales,Sales Manager,Bachelor's,2024-11-14,1,Non-Travel,18,59983,0,2,3,1,2,No,3,3,Yes
143,48,Male,Married,Sales,Sales Executive,Bachelor's,2019-09-19,6,Travel_Frequently,17,52830,1,1,3,3,3,No,3,3,No
144,36,Female,Married,Operations,Operations Associate,Bachelor's,2023-10-18,2,Non-Travel,6,40253,0,1,2,2,2,No,3,3,No
145,31,Female,Married,Finance,Finance Manager,Bachelor's,2020-01-19,5,Non-Travel,1,93625,4,1,1,4,4,No,4,1,No
146,31,Male,Divorced,Operations,Operations Associate,Bachelor's,2014-02-09,11,Travel_Rarely,5,45669,1,4,4,2,1,Yes,3,4,Yes
147,27,Female,Married,Sales,Sales Executive,High School,2024-08-15,1,Non-Travel,1,43907,1,3,4,2,4,No,5,1,No
148,35,Male,Married,Engineering,Software Engineer,Bachelor's,2024-10-31,1,Travel_Rarely,1,64906,1,3,3,3,3,No,3,2,No
149,41,Male,Single,Finance,Accountant,Bachelor's,2015-06-09,10,Non-Travel,9,78843,0,3,1,1,4,No,3,1,No
150,45,Male,Single,Engineering,QA Engineer,Master's,2023-01-17,2,Non-Travel,1,121409,2,3,3,2,4,No,3,3,No
151,34,Male,Divorced,Sales,Account Manager,Master's,2025-05-20,0,Travel_Rarely,3,66604,0,0,4,4,2,No,3,2,No
152,28,Male,Married,Sales,Sales Manager,Bachelor's,2018-09-17,7,Non-Travel,22,58570,0,0,3,3,2,No,3,4,No
153,34,Male,Married,Engineering,QA Engineer,Bachelor's,2025-07-20,0,Non-Travel,3,94159,0,3,3,4,2,No,4,1,No
154,28,Female,Single,Marketing,Marketing Manager,High School,2024-04-28,1,Non-Travel,7,53407,0,2,4,4,3,No,3,0,No
155,21,Male,Divorced,Engineering,Senior Engineer,High School,2025-02-12,0,Non-Travel,1,80639,0,2,3,4,2,No,4,0,No
156,28,Male,Single,Engineering,Senior Engineer,Master's,2020-08-09,5,Travel_Rarely,17,96422,1,1,3,2,4,Yes,4,4,Yes
157,32,Female,Divorced,Sales,Sales Manager,Bachelor's,2025-08-05,0,Non-Travel,7,59557,0,2,4,2,3,Yes,3,2,No
158,24,Male,Married,Operations,Operations Associate,High School,2021-09-30,4,Travel_Rarely,1,37510,4,2,1,3,3,Yes,4,0,No
159,26,Male,Married,Engineering,Engineering Manager,Bachelor's,2022-05-02,3,Non-Travel,18,149067,1,1,3,4,4,Yes,3,2,No
160,29,Male,Single,Sales,Sales Manager,Bachelor's,2020-07-06,5,Travel_Rarely,6,66107,3,1,2,2,3,No,4,0,Yes
161,29,Female,Single,Engineering,QA Engineer,Master's,2016-01-12,9,Non-Travel,4,142903,0,4,2,4,3,No,3,0,No
162,42,Female,Single,Operations,Logistics Coordinator,Bachelor's,2009-03-20,16,Travel_Rarely,6,90165,5,4,4,1,4,No,3,2,No
163,29,Male,Married,Sales,Sales Manager,Master's,2016-06-21,9,Travel_Rarely,9,71845,1,1,4,2,4,Yes,4,2,No
164,26,Male,Single,Sales,Sales Executive,Master's,2019-07-27,6,Travel_Rarely,1,48863,0,3,2,3,4,Yes,4,3,Yes
165,37,Female,Married,Marketing,Marketing Manager,Master's,2025-11-27,0,Travel_Frequently,7,51885,0,3,2,4,1,No,3,1,No
166,32,Female,Married,Finance,Financial Analyst,Master's,2024-03-20,1,Travel_Rarely,3,46104,0,2,3,3,2,Yes,4,6,No
167,31,Female,Single,Engineering,Engineering Manager,PhD,2025-10-19,0,Non-Travel,1,113660,0,2,3,3,3,No,4,4,No
168,37,Female,Married,Customer Support,Support Associate,Master's,2020-07-13,5,Travel_Rarely,5,36068,0,2,2,2,4,No,4,2,Yes
169,33,Female,Divorced,Engineering,QA Engineer,Bachelor's,2021-05-17,4,Travel_Rarely,1,109610,4,0,4,4,4,No,3,6,No
170,36,Female,Married,Human Resources,HR Manager,Bachelor's,2023-06-02,2,Travel_Rarely,13,47738,0,0,3,2,2,No,4,2,No
171,29,Female,Single,Marketing,Marketing Manager,PhD,2019-12-27,6,Travel_Rarely,7,63667,1,2,3,2,4,Yes,2,4,Yes
172,45,Male,Single,Customer Support,Support Team Lead,High School,2025-07-30,0,Travel_Rarely,7,44479,0,1,3,3,4,No,3,2,No
173,44,Female,Divorced,Sales,Sales Manager,High School,2023-09-30,2,Non-Travel,12,60347,2,2,2,3,3,No,1,1,No
174,23,Female,Single,Operations,Logistics Coordinator,Bachelor's,2025-12-22,0,Travel_Rarely,6,58680,0,4,3,2,3,No,3,0,No
175,39,Male,Single,Finance,Finance Manager,Bachelor's,2025-09-01,0,Travel_Rarely,1,66942,0,2,3,4,2,No,2,0,No
176,49,Male,Single,Customer Support,Support Associate,High School,2025-02-09,0,Travel_Rarely,8,30430,0,0,2,2,2,No,3,4,Yes
177,26,Male,Single,Customer Support,Support Team Lead,Bachelor's,2025-11-07,0,Non-Travel,3,44468,0,1,4,3,4,No,3,1,No
178,29,Male,Single,Customer Support,Support Team Lead,Bachelor's,2024-10-18,1,Travel_Rarely,39,46248,1,1,3,4,2,No,3,5,Yes
179,29,Male,Single,Human Resources,HR Manager,PhD,2021-08-29,4,Travel_Rarely,4,63920,0,2,4,4,2,No,4,2,Yes
180,48,Female,Single,Customer Support,Support Associate,High School,2024-10-06,1,Travel_Rarely,6,35250,1,4,2,3,3,No,3,0,No
181,31,Male,Single,Engineering,Senior Engineer,Bachelor's,2025-04-18,0,Travel_Rarely,6,74898,0,3,1,4,3,No,4,5,No
182,28,Male,Single,Engineering,Software Engineer,Bachelor's,2022-12-13,3,Non-Travel,1,57550,0,2,3,3,4,No,1,2,No
183,27,Male,Divorced,Marketing,Marketing Manager,Bachelor's,2025-10-27,0,Non-Travel,1,53356,0,1,3,3,2,No,4,2,No
184,34,Female,Single,Engineering,QA Engineer,PhD,2017-05-24,8,Non-Travel,8,136461,0,2,3,4,2,No,3,3,No
185,37,Male,Married,Operations,Logistics Coordinator,High School,2021-12-03,4,Non-Travel,2,60941,0,5,2,3,4,No,3,3,No
186,29,Female,Married,Sales,Sales Manager,Master's,2025-11-09,0,Travel_Frequently,3,58447,0,3,1,4,3,No,3,2,Yes
187,32,Female,Single,Human Resources,HR Associate,Master's,2019-11-16,6,Travel_Rarely,8,36680,2,3,3,4,1,No,4,2,No
188,36,Male,Single,Engineering,Engineering Manager,High School,2009-05-06,16,Travel_Rarely,1,193893,0,0,3,1,3,No,3,3,No
189,26,Female,Married,Operations,Operations Manager,Master's,2023-08-26,2,Travel_Rarely,14,55704,0,0,3,3,3,No,2,2,No
190,39,Female,Single,Operations,Logistics Coordinator,Bachelor's,2015-09-28,10,Non-Travel,10,73141,3,1,2,4,2,No,2,6,Yes
191,33,Male,Divorced,Customer Support,Support Team Lead,Master's,2012-03-12,13,Travel_Rarely,15,66520,0,4,1,4,1,No,5,1,Yes
192,23,Female,Married,Engineering,Senior Engineer,Master's,2024-12-11,1,Travel_Rarely,14,90212,1,4,2,3,1,No,2,1,No
193,32,Male,Married,Customer Support,Support Associate,High School,2018-07-19,7,Travel_Rarely,1,41247,3,6,3,4,2,No,4,3,Yes
194,30,Female,Single,Sales,Account Manager,Bachelor's,2024-02-02,1,Non-Travel,3,68457,1,2,3,2,2,No,5,3,No
195,35,Female,Single,Engineering,Engineering Manager,Bachelor's,2019-07-29,6,Non-Travel,2,156258,0,3,4,2,3,No,3,0,No
196,40,Male,Single,Sales,Account Manager,Bachelor's,2022-06-14,3,Travel_Rarely,1,73406,0,1,3,2,3,No,3,3,No
197,36,Male,Married,Customer Support,Support Associate,Bachelor's,2024-11-18,1,Travel_Rarely,24,34533,1,2,2,3,2,No,5,3,No
198,32,Male,Married,Customer Support,Support Associate,Bachelor's,2023-07-03,2,Travel_Rarely,12,34636,2,3,3,3,3,No,3,2,No
199,30,Female,Single,Sales,Account Manager,PhD,2024-10-26,1,Travel_Rarely,18,70634,1,2,2,2,1,Yes,5,3,No
200,28,Female,Married,Human Resources,HR Manager,Bachelor's,2018-10-17,7,Non-Travel,18,58789,3,2,4,3,4,Yes,4,2,No
201,35,Female,Married,Human Resources,HR Associate,Master's,2020-04-10,5,Travel_Rarely,2,35836,2,1,3,4,2,No,4,1,No
202,27,Male,Single,Operations,Operations Manager,Master's,2020-08-25,5,Travel_Rarely,5,47148,0,3,3,3,4,No,4,1,No
203,43,Male,Single,Engineering,Software Engineer,Master's,2025-11-19,0,Non-Travel,7,54325,0,0,3,3,3,Yes,3,4,No
204,29,Male,Single,Operations,Operations Associate,Bachelor's,2025-05-21,0,Travel_Rarely,6,32733,0,3,3,3,4,Yes,3,4,No
205,24,Male,Single,Finance,Accountant,High School,2021-02-26,4,Non-Travel,1,52447,1,1,3,2,3,Yes,4,5,Yes
206,31,Male,Single,Sales,Sales Manager,Bachelor's,2020-12-01,5,Travel_Rarely,2,69340,1,2,3,2,3,Yes,4,3,No
207,31,Female,Single,Finance,Financial Analyst,Master's,2020-10-26,5,Non-Travel,3,50495,0,0,3,3,3,No,2,2,Yes
208,33,Female,Divorced,Customer Support,Support Associate,Master's,2024-11-07,1,Non-Travel,2,30659,0,3,3,3,2,No,4,4,No
209,47,Male,Single,Customer Support,Support Associate,Bachelor's,2024-10-18,1,Travel_Rarely,1,31951,1,3,3,4,1,Yes,4,2,No
210,45,Male,Married,Engineering,QA Engineer,Bachelor's,2023-06-01,2,Travel_Rarely,4,105809,1,5,1,4,4,Yes,3,0,No
211,31,Male,Single,Engineering,Software Engineer,High School,2018-11-19,7,Travel_Rarely,5,63697,0,1,4,3,4,No,3,4,No
212,29,Female,Married,Sales,Sales Executive,High School,2025-08-10,0,Travel_Rarely,4,39488,0,2,4,4,3,No,5,3,No
213,36,Female,Married,Sales,Sales Manager,High School,2019-01-15,6,Non-Travel,1,66284,1,1,3,1,3,No,5,3,Yes
214,38,Female,Single,Engineering,QA Engineer,PhD,2021-12-14,4,Travel_Rarely,6,104210,4,3,3,3,3,No,4,2,No
215,35,Female,Single,Engineering,Engineering Manager,Bachelor's,2019-01-03,6,Travel_Rarely,2,123373,0,4,4,2,3,No,4,2,No
216,26,Male,Divorced,Engineering,QA Engineer,Bachelor's,2022-10-13,3,Travel_Frequently,4,113651,2,2,1,3,3,No,3,1,No
217,34,Male,Married,Operations,Operations Manager,Master's,2021-12-16,4,Travel_Rarely,1,58533,2,0,3,4,2,No,2,2,No
218,21,Male,Married,Sales,Account Manager,Bachelor's,2024-11-11,1,Non-Travel,3,72381,1,2,3,2,3,No,4,3,Yes
219,28,Male,Single,Human Resources,HR Associate,Master's,2025-12-11,0,Travel_Rarely,10,36983,0,3,3,4,2,No,3,2,No
220,35,Male,Single,Marketing,Marketing Manager,Bachelor's,2023-12-03,2,Non-Travel,5,49628,1,0,4,4,4,Yes,4,2,No
221,27,Male,Single,Finance,Financial Analyst,Bachelor's,2019-08-23,6,Travel_Rarely,2,57521,1,0,3,4,2,Yes,3,3,No
222,36,Male,Single,Marketing,Content Specialist,Master's,2024-08-27,1,Travel_Rarely,13,66050,1,3,3,3,4,No,4,1,No
223,37,Male,Married,Engineering,Senior Engineer,Bachelor's,2021-09-25,4,Travel_Rarely,7,99183,0,0,1,3,4,No,3,3,No
224,38,Female,Single,Operations,Operations Associate,Master's,2024-06-27,1,Non-Travel,3,32697,0,1,4,4,3,No,4,2,No
225,23,Female,Married,Engineering,Software Engineer,High School,2025-01-26,0,Travel_Rarely,3,59374,0,1,4,3,2,Yes,3,0,Yes
226,36,Male,Divorced,Sales,Sales Manager,Bachelor's,2025-05-22,0,Travel_Frequently,4,57051,0,4,3,3,4,No,2,2,No
227,39,Female,Divorced,Engineering,Software Engineer,Bachelor's,2018-06-13,7,Non-Travel,1,80515,1,0,4,2,4,No,3,1,No
228,33,Male,Married,Operations,Logistics Coordinator,Master's,2021-06-09,4,Travel_Rarely,2,54323,4,1,3,3,2,No,3,1,No
229,35,Female,Single,Operations,Logistics Coordinator,Bachelor's,2021-03-20,4,Travel_Rarely,1,57847,0,0,3,4,2,Yes,4,1,No
230,42,Female,Single,Customer Support,Support Associate,Bachelor's,2025-03-08,0,Travel_Rarely,17,34751,0,2,3,4,4,No,3,1,No
231,21,Male,Divorced,Operations,Operations Associate,Bachelor's,2024-01-31,1,Travel_Frequently,2,29305,1,2,1,2,3,No,4,2,Yes
232,35,Male,Single,Marketing,Marketing Manager,Master's,2024-11-05,1,Travel_Rarely,9,51763,1,3,3,3,2,No,3,1,No
233,24,Male,Single,Engineering,Engineering Manager,High School,2021-02-25,4,Travel_Rarely,10,135405,3,1,3,1,3,No,3,2,Yes
234,39,Female,Single,Marketing,Marketing Associate,Master's,2024-06-28,1,Travel_Rarely,7,35592,0,0,4,2,2,No,3,1,No
235,24,Male,Married,Operations,Operations Associate,High School,2025-06-05,0,Travel_Rarely,5,36763,0,0,3,4,3,No,3,2,No
236,23,Male,Married,Engineering,Senior Engineer,High School,2022-07-26,3,Non-Travel,19,88690,1,0,2,4,4,Yes,4,2,Yes
237,36,Female,Married,Engineering,Senior Engineer,Master's,2022-09-26,3,Non-Travel,21,87257,1,1,1,3,4,No,5,1,No
238,22,Female,Married,Customer Support,Support Associate,Bachelor's,2025-08-22,0,Travel_Frequently,1,29447,0,1,3,2,3,No,4,2,No
239,36,Male,Married,Operations,Operations Manager,Master's,2024-08-03,1,Non-Travel,1,44524,1,1,3,3,3,No,4,4,No
240,38,Female,Single,Finance,Accountant,High School,2025-10-09,0,Travel_Rarely,6,61882,0,2,3,3,3,Yes,4,3,No
241,37,Male,Married,Sales,Sales Executive,High School,2025-03-17,0,Non-Travel,13,35809,0,5,3,3,1,No,4,1,No
242,30,Female,Married,Sales,Sales Manager,Bachelor's,2025-07-08,0,Non-Travel,8,57374,0,1,4,3,2,No,3,2,No
243,21,Male,Married,Finance,Financial Analyst,Master's,2024-10-01,1,Travel_Rarely,5,43599,1,2,3,3,2,No,3,1,No
244,29,Male,Single,Engineering,Engineering Manager,Bachelor's,2021-05-20,4,Travel_Rarely,26,123230,0,2,3,1,3,No,3,2,Yes
245,26,Male,Single,Operations,Operations Manager,Master's,2019-12-03,6,Non-Travel,5,58303,0,3,4,3,2,No,4,3,No
246,45,Female,Single,Sales,Account Manager,Bachelor's,2021-07-21,4,Non-Travel,1,83206,2,2,2,4,4,Yes,3,4,Yes
247,28,Female,Married,Sales,Account Manager,High School,2018-06-29,7,Travel_Frequently,1,89933,1,1,3,3,3,Yes,3,2,No
248,41,Male,Single,Human Resources,HR Associate,Bachelor's,2025-08-20,0,Non-Travel,3,34378,0,0,2,2,4,Yes,4,2,No
249,39,Female,Married,Marketing,Content Specialist,Master's,2021-07-23,4,Travel_Rarely,12,72920,2,4,2,3,3,Yes,4,3,No
250,21,Female,Married,Sales,Account Manager,Bachelor's,2024-04-27,1,Travel_Frequently,17,80132,1,1,4,4,1,No,3,1,No
251,35,Male,Single,Customer Support,Support Associate,Master's,2010-05-08,15,Travel_Frequently,14,53044,1,1,3,3,3,No,2,3,No
252,30,Female,Married,Finance,Finance Manager,Bachelor's,2023-04-21,2,Travel_Frequently,4,79232,0,2,4,4,3,Yes,4,2,No
253,35,Male,Single,Finance,Accountant,Master's,2025-11-29,0,Travel_Rarely,8,71809,0,1,4,4,3,No,1,3,No
254,38,Male,Single,Sales,Sales Executive,Bachelor's,2010-09-07,15,Non-Travel,4,65787,2,0,3,3,4,No,4,2,No
255,34,Male,Divorced,Sales,Account Manager,PhD,2015-05-08,10,Travel_Rarely,1,91302,4,3,4,3,3,Yes,5,2,No
256,50,Male,Married,Marketing,Marketing Associate,Bachelor's,2012-01-05,13,Travel_Rarely,17,57285,10,2,3,4,3,Yes,3,4,No
257,31,Male,Single,Finance,Accountant,Master's,2024-07-05,1,Non-Travel,1,64444,0,4,2,4,2,No,4,0,No
258,45,Male,Married,Customer Support,Support Team Lead,High School,2020-07-02,5,Travel_Rarely,3,55529,0,1,2,4,3,No,3,1,Yes
259,22,Male,Divorced,Sales,Account Manager,Master's,2025-09-11,0,Non-Travel,13,77270,0,0,3,1,4,No,4,6,No
260,34,Male,Divorced,Customer Support,Support Associate,Bachelor's,2023-03-06,2,Travel_Rarely,4,36249,0,1,4,2,3,Yes,3,2,Yes
261,38,Male,Single,Sales,Account Manager,Master's,2016-12-10,9,Travel_Frequently,1,97413,0,3,3,4,3,No,5,4,No
262,31,Female,Married,Sales,Sales Manager,Master's,2025-10-23,0,Non-Travel,10,55384,0,2,4,3,4,Yes,4,3,No
263,29,Female,Single,Sales,Account Manager,Bachelor's,2020-02-28,5,Travel_Rarely,1,80616,3,0,3,3,4,No,3,1,No
264,29,Female,Single,Customer Support,Support Associate,Bachelor's,2016-10-15,9,Travel_Rarely,10,39666,0,1,3,3,3,No,1,5,No
265,34,Male,Married,Customer Support,Support Team Lead,High School,2014-11-21,11,Non-Travel,8,56248,1,3,3,3,4,No,4,2,No
266,27,Female,Married,Finance,Finance Manager,High School,2021-08-09,4,Travel_Rarely,2,97034,0,2,3,2,4,Yes,4,1,No
267,30,Male,Married,Engineering,Senior Engineer,Bachelor's,2024-09-30,1,Travel_Rarely,3,72183,1,4,2,3,4,Yes,2,2,No
268,21,Male,Single,Marketing,Marketing Associate,Master's,2024-07-23,1,Travel_Rarely,3,36579,1,2,3,4,4,No,4,3,No
269,28,Male,Single,Customer Support,Support Associate,Bachelor's,2024-07-18,1,Non-Travel,1,35124,0,1,2,3,3,No,4,1,Yes
270,36,Male,Single,Customer Support,Support Team Lead,High School,2019-12-14,6,Non-Travel,8,49351,4,1,4,4,3,No,4,5,No
271,28,Male,Married,Marketing,Content Specialist,Bachelor's,2022-06-29,3,Travel_Frequently,29,71070,0,2,4,3,2,No,3,3,No
272,21,Female,Married,Engineering,Software Engineer,Master's,2024-01-25,1,Travel_Rarely,13,56642,0,1,4,3,1,No,2,0,No
273,38,Male,Married,Customer Support,Support Associate,Bachelor's,2013-12-25,12,Non-Travel,1,48832,3,1,2,4,4,No,3,3,No
274,38,Male,Divorced,Human Resources,HR Associate,Bachelor's,2024-03-02,1,Travel_Frequently,1,40334,0,3,2,4,2,No,3,1,No
275,40,Female,Married,Operations,Operations Associate,PhD,2025-02-05,0,Travel_Rarely,2,37636,0,3,3,3,3,Yes,3,2,No
276,26,Male,Single,Sales,Sales Manager,High School,2020-07-30,5,Travel_Rarely,15,75795,1,4,2,4,3,No,4,5,No
277,36,Female,Married,Engineering,Senior Engineer,Bachelor's,2025-03-17,0,Travel_Rarely,6,78371,0,0,4,4,2,No,4,3,No
278,37,Male,Married,Customer Support,Support Team Lead,High School,2025-06-05,0,Travel_Rarely,11,45458,0,1,1,2,4,Yes,4,4,No
279,49,Male,Divorced,Operations,Operations Manager,Bachelor's,2021-11-14,4,Travel_Rarely,2,54081,0,3,2,3,1,No,3,4,No
280,22,Male,Single,Finance,Accountant,Bachelor's,2023-08-23,2,Non-Travel,23,59203,0,4,3,1,2,No,4,2,Yes
281,36,Female,Single,Engineering,Engineering Manager,Bachelor's,2021-04-26,4,Travel_Rarely,11,126086,1,5,4,3,2,No,3,4,No
282,21,Male,Single,Finance,Financial Analyst,Master's,2024-06-15,1,Travel_Rarely,1,44837,1,3,2,4,2,No,5,4,No
283,35,Male,Single,Sales,Sales Manager,Bachelor's,2023-02-09,2,Travel_Rarely,1,57919,1,3,4,3,3,No,1,3,No
284,37,Male,Single,Marketing,Marketing Manager,PhD,2018-03-15,7,Travel_Frequently,44,61733,1,4,2,3,2,No,3,1,No
285,34,Male,Single,Sales,Sales Executive,High School,2017-05-29,8,Travel_Rarely,23,48372,0,2,3,4,4,No,4,2,No
286,40,Male,Single,Human Resources,HR Manager,Master's,2023-01-15,2,Non-Travel,13,52124,0,3,4,3,3,No,4,1,Yes
287,31,Male,Married,Operations,Logistics Coordinator,PhD,2020-06-05,5,Travel_Rarely,4,72750,0,1,3,3,3,No,3,1,No
288,40,Female,Single,Operations,Operations Associate,Master's,2024-04-06,1,Non-Travel,5,33067,1,3,2,3,2,No,3,5,No
289,33,Female,Divorced,Operations,Operations Associate,Bachelor's,2025-01-18,0,Travel_Rarely,1,34967,0,1,4,4,4,Yes,4,2,Yes
290,21,Female,Single,Engineering,Software Engineer,Bachelor's,2024-03-02,1,Non-Travel,32,57463,1,1,3,1,1,No,3,2,Yes
291,30,Female,Single,Sales,Sales Manager,Master's,2025-04-20,0,Non-Travel,17,57093,0,6,4,3,1,No,4,5,No
292,22,Male,Single,Sales,Sales Manager,Bachelor's,2023-11-07,2,Travel_Rarely,11,53954,0,2,3,2,4,No,4,1,No
293,34,Male,Married,Customer Support,Support Associate,Bachelor's,2024-10-14,1,Travel_Rarely,23,34772,1,3,3,3,4,No,3,0,Yes
294,31,Male,Married,Finance,Accountant,Master's,2025-08-01,0,Travel_Rarely,6,58183,0,2,2,4,4,No,2,1,Yes
295,40,Male,Married,Customer Support,Support Team Lead,PhD,2021-11-09,4,Travel_Rarely,3,45162,0,2,3,1,4,No,3,0,Yes
296,40,Male,Married,Human Resources,Recruiter,Bachelor's,2023-04-24,2,Travel_Frequently,1,56771,1,2,3,3,2,Yes,4,2,Yes
297,47,Female,Single,Customer Support,Support Team Lead,Bachelor's,2025-07-02,0,Travel_Rarely,13,43432,0,3,1,4,4,No,4,4,No
298,37,Female,Single,Customer Support,Support Team Lead,Bachelor's,2022-12-05,3,Non-Travel,2,39200,3,2,4,3,3,No,4,0,No
299,40,Female,Single,Customer Support,Support Team Lead,Bachelor's,2025-11-22,0,Non-Travel,4,44279,0,3,4,3,4,Yes,3,3,No
300,25,Male,Single,Finance,Financial Analyst,Master's,2024-03-14,1,Travel_Rarely,7,45981,1,1,4,1,3,No,3,3,No
301,28,Male,Single,Marketing,Content Specialist,Bachelor's,2018-06-14,7,Non-Travel,14,72065,3,3,3,4,3,Yes,5,1,No
302,56,Male,Married,Customer Support,Support Associate,Bachelor's,2023-07-14,2,Non-Travel,7,30577,1,2,3,1,4,No,4,2,No
303,42,Female,Married,Customer Support,Support Associate,Master's,2023-04-13,2,Travel_Rarely,2,37517,2,3,4,4,4,No,3,2,No
304,29,Female,Married,Operations,Operations Associate,Master's,2021-04-05,4,Travel_Rarely,2,36923,2,0,4,4,2,No,2,3,Yes
305,33,Female,Divorced,Engineering,Software Engineer,Master's,2022-05-22,3,Travel_Frequently,1,74004,0,3,3,2,4,No,2,3,No
306,41,Male,Married,Finance,Financial Analyst,Master's,2021-08-30,4,Travel_Rarely,2,54824,0,4,3,4,4,No,5,2,No
307,47,Female,Single,Sales,Account Manager,Bachelor's,2023-01-30,2,Travel_Rarely,1,75674,2,3,3,3,3,Yes,5,3,No
308,30,Male,Single,Customer Support,Support Associate,Bachelor's,2025-10-17,0,Non-Travel,24,32336,0,2,3,4,2,Yes,3,3,Yes
309,39,Female,Married,Finance,Finance Manager,Bachelor's,2025-12-05,0,Non-Travel,13,75010,0,3,1,4,2,No,4,5,Yes
310,34,Female,Married,Marketing,Content Specialist,Bachelor's,2021-11-06,4,Travel_Rarely,8,71663,4,2,3,3,4,No,5,3,No
311,44,Female,Single,Engineering,Senior Engineer,Master's,2025-04-17,0,Non-Travel,15,92667,0,1,2,4,3,No,3,2,No
312,34,Male,Married,Engineering,QA Engineer,Bachelor's,2025-05-22,0,Travel_Rarely,8,100682,0,6,3,3,3,Yes,4,0,No
313,46,Male,Married,Marketing,Content Specialist,Bachelor's,2024-06-10,1,Non-Travel,9,70950,1,2,4,2,3,Yes,4,1,No
314,45,Male,Single,Operations,Logistics Coordinator,Bachelor's,2025-10-14,0,Travel_Rarely,1,57976,0,3,3,3,4,Yes,3,1,No
315,41,Male,Single,Human Resources,HR Manager,Bachelor's,2025-06-09,0,Non-Travel,5,47725,0,4,3,2,4,No,3,2,No
316,44,Male,Single,Operations,Operations Manager,High School,2020-12-18,5,Travel_Rarely,1,53064,2,1,1,4,2,No,4,2,No
317,29,Female,Single,Marketing,Content Specialist,Master's,2023-12-05,2,Travel_Rarely,8,66879,0,1,4,4,4,No,3,1,No
318,39,Male,Single,Operations,Logistics Coordinator,Master's,2018-07-16,7,Non-Travel,5,70193,0,0,3,4,4,No,3,2,No
319,40,Male,Married,Finance,Accountant,Bachelor's,2022-10-04,3,Travel_Rarely,14,62239,0,1,3,4,3,No,5,2,No
320,41,Male,Married,Engineering,Software Engineer,High School,2015-04-29,10,Non-Travel,8,82718,4,2,3,4,2,No,3,1,No
321,43,Female,Married,Customer Support,Support Associate,Bachelor's,2024-10-23,1,Non-Travel,1,32026,1,0,2,4,3,No,5,1,No
322,48,Male,Single,Human Resources,Recruiter,High School,2023-10-19,2,Travel_Frequently,9,62037,0,1,3,3,2,No,3,1,No
323,28,Male,Single,Engineering,Software Engineer,Bachelor's,2025-03-26,0,Travel_Rarely,10,54849,0,4,3,4,3,No,3,2,No
324,29,Male,Married,Sales,Sales Executive,Bachelor's,2016-10-20,9,Travel_Rarely,35,52157,3,1,3,4,4,No,3,3,No
325,44,Male,Single,Engineering,Engineering Manager,Master's,2007-10-10,18,Non-Travel,1,212705,5,3,4,3,4,Yes,3,3,Yes
326,44,Male,Married,Operations,Operations Manager,Bachelor's,2025-06-29,0,Travel_Rarely,1,47060,0,2,4,2,3,No,3,1,No
327,46,Female,Divorced,Customer Support,Support Associate,Master's,2025-02-25,0,Non-Travel,1,34738,0,0,4,2,1,Yes,3,2,Yes
328,24,Male,Married,Sales,Sales Manager,Bachelor's,2024-05-29,1,Non-Travel,6,59112,1,2,1,3,2,Yes,4,0,No
329,36,Female,Single,Engineering,Engineering Manager,Master's,2010-03-11,15,Non-Travel,3,181176,0,4,3,3,3,Yes,3,2,No
330,23,Female,Single,Customer Support,Support Associate,High School,2022-03-16,3,Travel_Rarely,12,32911,0,1,2,2,3,Yes,3,2,Yes
331,46,Male,Divorced,Marketing,Marketing Associate,High School,2024-02-03,1,Travel_Rarely,1,41752,0,1,2,2,1,No,4,1,No
332,39,Male,Married,Customer Support,Support Team Lead,Bachelor's,2021-10-02,4,Travel_Rarely,25,45718,0,2,2,3,4,No,4,6,Yes
333,25,Male,Single,Sales,Account Manager,Master's,2021-10-22,4,Travel_Rarely,9,78785,1,1,2,3,2,No,3,1,No
334,21,Male,Single,Sales,Sales Executive,Master's,2025-04-30,0,Travel_Rarely,16,39545,0,5,4,3,3,No,4,1,No
335,28,Female,Married,Human Resources,HR Manager,Bachelor's,2023-03-23,2,Non-Travel,2,50690,1,1,3,3,1,No,3,3,No
336,42,Female,Single,Finance,Financial Analyst,Master's,2023-07-17,2,Travel_Rarely,15,44166,0,4,4,4,3,Yes,4,3,No
337,33,Male,Single,Finance,Finance Manager,Bachelor's,2023-05-20,2,Non-Travel,1,68461,2,1,3,3,4,Yes,4,1,No
338,48,Female,Divorced,Sales,Sales Executive,Bachelor's,2025-10-06,0,Travel_Frequently,2,38700,0,2,2,2,3,Yes,4,1,No
339,32,Female,Married,Marketing,Content Specialist,Master's,2025-12-09,0,Non-Travel,5,51196,0,1,4,2,3,No,3,3,No
340,21,Female,Married,Engineering,Senior Engineer,High School,2024-09-01,1,Travel_Frequently,2,85311,1,2,4,4,3,No,3,1,No
341,36,Female,Single,Customer Support,Support Team Lead,Master's,2024-08-06,1,Travel_Rarely,12,51194,1,1,4,3,4,No,4,3,No
342,43,Female,Single,Sales,Account Manager,Bachelor's,2013-01-04,12,Travel_Rarely,1,111957,3,2,4,3,3,No,4,2,No
343,26,Male,Single,Engineering,Senior Engineer,Bachelor's,2021-06-04,4,Non-Travel,1,82623,3,1,4,3,3,Yes,4,2,Yes
344,21,Female,Married,Customer Support,Support Team Lead,Bachelor's,2024-04-11,1,Non-Travel,5,43074,0,3,4,4,3,No,2,6,No
345,25,Female,Married,Customer Support,Support Team Lead,Master's,2025-08-27,0,Travel_Frequently,5,45100,0,2,3,3,3,No,3,5,No
346,33,Female,Divorced,Customer Support,Support Team Lead,Bachelor's,2025-08-11,0,Non-Travel,18,42433,0,0,2,3,3,Yes,3,2,No
347,30,Female,Single,Operations,Operations Associate,Bachelor's,2022-03-03,3,Non-Travel,1,38711,1,2,3,3,4,No,3,4,No
348,21,Female,Married,Customer Support,Support Team Lead,Bachelor's,2025-09-23,0,Travel_Rarely,17,43054,0,3,4,2,3,No,4,1,No
349,36,Male,Single,Engineering,Software Engineer,PhD,2023-04-02,2,Non-Travel,1,60903,1,2,1,3,3,Yes,2,1,Yes
350,37,Male,Single,Sales,Account Manager,Bachelor's,2024-10-27,1,Travel_Rarely,1,72281,1,1,4,2,3,Yes,3,2,No
351,31,Female,Single,Sales,Sales Manager,Bachelor's,2020-01-06,5,Travel_Rarely,4,61800,0,0,2,2,3,No,3,2,No
352,30,Male,Married,Sales,Sales Executive,High School,2020-05-15,5,Travel_Rarely,2,48451,0,2,1,3,2,Yes,4,2,No
353,42,Female,Single,Engineering,Engineering Manager,Bachelor's,2024-06-18,1,Travel_Rarely,1,111117,1,2,4,4,3,Yes,3,0,No
354,23,Male,Divorced,Marketing,Marketing Manager,High School,2022-01-26,3,Travel_Rarely,41,65058,0,1,4,4,4,No,4,1,No
355,37,Male,Married,Marketing,Content Specialist,Bachelor's,2025-02-05,0,Travel_Frequently,1,59490,0,5,1,1,3,No,3,1,No
356,40,Male,Single,Customer Support,Support Team Lead,Bachelor's,2022-10-08,3,Travel_Rarely,1,49823,3,1,2,3,2,Yes,4,0,No
357,32,Female,Married,Sales,Sales Executive,Master's,2022-05-08,3,Travel_Rarely,10,49288,0,3,3,4,2,Yes,3,1,No
358,45,Female,Single,Operations,Operations Associate,Bachelor's,2018-12-12,7,Travel_Rarely,34,36824,1,1,4,4,1,No,3,2,No
359,49,Male,Married,Marketing,Marketing Associate,Bachelor's,2022-05-01,3,Travel_Rarely,7,44308,1,1,3,3,4,No,3,4,No
360,38,Female,Married,Customer Support,Support Associate,Bachelor's,2024-07-07,1,Non-Travel,24,31517,1,0,1,2,4,No,3,2,Yes
361,50,Female,Single,Finance,Accountant,Bachelor's,2016-06-29,9,Travel_Rarely,12,76165,0,1,4,3,4,No,2,0,No
362,27,Female,Single,Sales,Sales Manager,Master's,2020-05-01,5,Non-Travel,3,62322,1,4,1,3,3,No,4,1,Yes
363,38,Male,Married,Operations,Operations Associate,Bachelor's,2020-01-08,5,Non-Travel,1,42460,4,3,3,4,4,No,3,2,No
364,43,Female,Single,Engineering,Software Engineer,Bachelor's,2019-05-05,6,Travel_Rarely,9,78613,0,0,4,3,3,No,3,1,No
365,31,Female,Single,Sales,Sales Executive,Bachelor's,2024-10-01,1,Travel_Rarely,6,32232,1,2,3,3,4,No,4,4,No
366,36,Male,Single,Engineering,Engineering Manager,Master's,2022-08-02,3,Travel_Frequently,6,129517,0,2,1,4,4,Yes,4,3,Yes
367,40,Male,Married,Engineering,Engineering Manager,Bachelor's,2021-04-02,4,Non-Travel,6,136561,0,0,2,3,1,No,4,4,No
368,30,Male,Married,Customer Support,Support Team Lead,PhD,2020-10-25,5,Travel_Rarely,6,51021,0,2,3,3,4,Yes,4,2,No
369,40,Female,Single,Operations,Logistics Coordinator,Bachelor's,2014-01-13,11,Travel_Rarely,2,82704,3,2,2,4,3,No,3,2,No
370,31,Male,Married,Sales,Account Manager,Bachelor's,2025-04-01,0,Travel_Rarely,9,73849,0,3,2,3,1,No,3,2,Yes
371,26,Male,Married,Sales,Sales Executive,Bachelor's,2020-04-18,5,Travel_Rarely,6,44698,5,1,3,4,2,Yes,4,5,No
372,37,Male,Married,Finance,Financial Analyst,Bachelor's,2022-11-20,3,Travel_Frequently,5,42475,2,1,3,1,1,No,3,1,Yes
373,28,Male,Married,Finance,Accountant,Master's,2024-08-27,1,Travel_Frequently,7,63342,1,3,3,3,4,No,2,4,No
374,32,Male,Married,Sales,Sales Executive,Bachelor's,2025-01-15,0,Travel_Rarely,9,39763,0,1,3,4,3,No,3,2,No
375,31,Male,Single,Human Resources,HR Associate,Master's,2018-03-11,7,Non-Travel,2,45926,1,5,1,4,1,Yes,4,2,No
376,43,Male,Divorced,Operations,Logistics Coordinator,Master's,2021-05-05,4,Non-Travel,10,65628,1,0,3,2,3,No,3,1,No
377,36,Male,Single,Sales,Sales Manager,Bachelor's,2025-11-14,0,Travel_Rarely,2,51750,0,4,3,4,4,Yes,4,3,No
378,42,Male,Single,Engineering,Software Engineer,Master's,2021-04-25,4,Non-Travel,2,65141,0,3,3,3,2,Yes,4,1,No
379,35,Male,Divorced,Marketing,Content Specialist,Master's,2023-08-24,2,Travel_Frequently,19,65650,1,2,4,2,4,No,5,2,No
380,28,Male,Single,Finance,Finance Manager,High School,2025-05-09,0,Travel_Rarely,1,67424,0,3,4,2,3,No,3,3,No
381,30,Male,Married,Engineering,Software Engineer,Master's,2019-10-11,6,Travel_Rarely,3,67747,2,2,3,4,1,No,5,0,No
382,38,Female,Married,Engineering,QA Engineer,High School,2022-10-17,3,Non-Travel,3,107233,0,0,2,1,3,No,2,5,No
383,21,Male,Divorced,Human Resources,HR Associate,Bachelor's,2024-10-03,1,Travel_Rarely,13,37846,1,0,1,1,3,No,4,1,No
384,26,Female,Single,Sales,Sales Executive,Bachelor's,2025-02-22,0,Travel_Rarely,12,36525,0,2,3,3,3,Yes,3,0,No
385,21,Male,Married,Sales,Sales Manager,Bachelor's,2024-11-12,1,Travel_Rarely,4,55466,1,4,4,3,2,No,5,3,No
386,42,Female,Married,Engineering,Software Engineer,Master's,2014-06-12,11,Non-Travel,8,84117,0,3,3,3,4,No,4,5,No
387,39,Male,Married,Operations,Logistics Coordinator,Master's,2019-01-29,6,Travel_Rarely,4,64819,0,3,3,1,4,Yes,5,2,No
388,27,Male,Single,Finance,Accountant,High School,2022-11-24,3,Non-Travel,1,76341,3,5,2,3,3,Yes,3,0,No
389,41,Female,Single,Sales,Sales Executive,Bachelor's,2023-11-14,2,Travel_Rarely,6,45823,1,0,3,2,4,No,4,3,No
390,29,Female,Married,Customer Support,Support Associate,Bachelor's,2021-01-31,4,Travel_Rarely,21,38001,0,3,1,1,3,No,1,4,Yes
391,38,Male,Married,Finance,Finance Manager,Master's,2024-02-24,1,Travel_Rarely,2,72567,0,1,4,1,3,Yes,2,2,Yes
392,45,Female,Single,Customer Support,Support Team Lead,Bachelor's,2023-01-02,3,Non-Travel,11,47750,0,1,2,3,1,Yes,4,0,Yes
393,40,Male,Married,Engineering,Software Engineer,Bachelor's,2023-04-18,2,Travel_Frequently,5,71231,2,4,1,2,4,No,5,0,No
394,30,Male,Single,Sales,Account Manager,Master's,2019-07-13,6,Travel_Rarely,15,92470,1,2,3,4,3,Yes,3,1,No
395,40,Female,Single,Customer Support,Support Associate,Bachelor's,2024-05-16,1,Travel_Rarely,2,36435,0,1,1,3,4,No,3,3,No
396,36,Female,Married,Sales,Account Manager,Master's,2025-02-02,0,Travel_Rarely,27,60212,0,3,3,4,3,No,5,3,Yes
397,39,Male,Single,Finance,Accountant,Master's,2025-04-04,0,Travel_Rarely,1,58135,0,2,3,3,4,No,3,6,Yes
398,38,Male,Divorced,Finance,Financial Analyst,High School,2024-02-02,1,Travel_Rarely,6,45265,0,2,3,4,4,No,4,2,No
399,36,Male,Divorced,Human Resources,HR Manager,Master's,2025-10-19,0,Travel_Rarely,14,45492,0,2,3,2,3,No,3,3,Yes
400,43,Female,Single,Marketing,Marketing Associate,Master's,2023-12-05,2,Travel_Rarely,4,43166,2,2,4,3,4,No,2,4,No
401,31,Female,Single,Engineering,Engineering Manager,Bachelor's,2024-08-19,1,Non-Travel,9,121975,0,1,2,3,4,No,5,2,No
402,36,Female,Single,Operations,Operations Associate,Bachelor's,2024-01-22,1,Travel_Rarely,1,36874,1,3,3,2,4,No,3,1,No
403,44,Female,Divorced,Human Resources,HR Associate,Master's,2020-10-28,5,Non-Travel,1,45750,0,0,3,3,3,Yes,5,0,No
404,26,Male,Married,Engineering,Senior Engineer,High School,2020-04-03,5,Travel_Rarely,3,97649,5,1,3,2,3,No,3,1,No
405,21,Male,Single,Engineering,QA Engineer,Bachelor's,2025-10-13,0,Travel_Rarely,2,100220,0,4,4,3,3,Yes,4,2,Yes
406,49,Female,Married,Sales,Account Manager,Master's,2023-04-18,2,Non-Travel,2,76214,2,1,4,4,4,No,3,1,No
407,22,Female,Married,Customer Support,Support Team Lead,Bachelor's,2024-06-15,1,Travel_Rarely,3,42890,1,0,3,3,3,No,3,1,Yes
408,29,Female,Married,Finance,Accountant,Master's,2023-03-15,2,Travel_Rarely,3,62756,2,2,3,3,1,No,3,3,Yes
409,37,Male,Single,Customer Support,Support Associate,Master's,2023-05-04,2,Non-Travel,7,33124,2,1,3,4,4,No,3,1,No
410,41,Female,Single,Engineering,Senior Engineer,Master's,2023-01-01,3,Non-Travel,5,94289,1,3,4,2,3,Yes,3,1,No
411,32,Male,Single,Sales,Sales Executive,Master's,2015-03-09,10,Travel_Rarely,5,58180,4,0,3,3,4,No,4,0,No
412,28,Female,Divorced,Customer Support,Support Team Lead,High School,2022-01-29,3,Travel_Rarely,7,46159,1,3,2,2,3,Yes,4,1,Yes
413,42,Male,Married,Engineering,Engineering Manager,Bachelor's,2019-12-06,6,Travel_Rarely,2,142476,1,0,3,1,1,Yes,4,3,Yes
414,32,Male,Single,Customer Support,Support Associate,Master's,2021-12-10,4,Travel_Rarely,12,35003,1,2,3,1,2,No,5,2,No
415,38,Male,Married,Operations,Operations Associate,High School,2023-01-24,2,Travel_Rarely,1,36808,0,2,3,3,4,Yes,4,1,No
416,44,Female,Divorced,Customer Support,Support Team Lead,High School,2024-03-14,1,Travel_Rarely,1,45357,1,0,2,4,1,No,4,2,No
417,34,Female,Single,Sales,Sales Executive,Master's,2021-10-22,4,Travel_Rarely,4,50105,2,3,3,3,4,No,2,2,No
418,29,Male,Married,Engineering,QA Engineer,Bachelor's,2023-10-04,2,Travel_Rarely,1,98786,2,2,4,4,4,No,4,3,No
419,41,Female,Single,Operations,Logistics Coordinator,High School,2023-09-05,2,Travel_Rarely,2,56367,2,1,2,2,3,Yes,3,1,No
420,31,Male,Married,Operations,Operations Associate,Bachelor's,2025-12-14,0,Travel_Rarely,1,31950,0,1,3,3,2,No,4,1,No
421,35,Male,Single,Sales,Sales Manager,Bachelor's,2025-11-12,0,Travel_Rarely,1,59812,0,2,1,1,1,No,3,3,Yes
422,41,Female,Married,Customer Support,Support Associate,Bachelor's,2021-02-01,4,Travel_Rarely,10,37632,2,3,3,1,4,Yes,4,2,No
423,43,Male,Single,Customer Support,Support Associate,Bachelor's,2019-05-04,6,Travel_Rarely,7,40378,1,1,3,3,2,No,2,2,Yes
424,40,Female,Single,Sales,Account Manager,Master's,2024-11-22,1,Travel_Frequently,7,76555,0,5,4,3,4,No,3,2,No
425,55,Male,Married,Finance,Finance Manager,Master's,2022-07-01,3,Travel_Rarely,7,77312,0,1,2,3,4,No,3,6,No
426,21,Male,Married,Operations,Operations Manager,High School,2025-06-20,0,Non-Travel,4,48905,0,0,3,3,3,No,3,6,No
427,37,Female,Married,Customer Support,Support Associate,Bachelor's,2018-05-09,7,Non-Travel,6,41123,0,5,3,3,2,Yes,3,2,No
428,46,Male,Single,Customer Support,Support Team Lead,Bachelor's,2024-03-27,1,Travel_Frequently,1,39694,1,2,2,2,4,No,2,0,No
429,32,Female,Married,Sales,Sales Manager,Bachelor's,2024-08-08,1,Non-Travel,6,55731,0,3,2,2,1,Yes,4,2,No
430,46,Male,Married,Customer Support,Support Associate,Master's,2010-10-24,15,Travel_Rarely,3,53299,1,1,2,4,2,No,3,4,No
431,26,Male,Single,Marketing,Marketing Manager,Master's,2020-03-26,5,Travel_Rarely,1,65586,1,2,3,3,3,No,4,3,No
432,27,Male,Married,Sales,Account Manager,Bachelor's,2024-08-24,1,Travel_Rarely,2,54846,1,2,3,2,1,No,4,4,Yes
433,46,Male,Married,Sales,Sales Manager,Master's,2024-03-27,1,Travel_Rarely,17,57126,1,1,3,1,4,Yes,4,1,Yes
434,35,Female,Divorced,Engineering,Software Engineer,Bachelor's,2022-12-18,3,Travel_Rarely,5,64842,3,1,4,3,4,No,2,3,No
435,34,Female,Single,Customer Support,Support Associate,Bachelor's,2022-03-31,3,Travel_Rarely,1,40001,3,0,4,3,3,Yes,4,3,Yes
436,21,Female,Married,Operations,Logistics Coordinator,Bachelor's,2024-03-14,1,Non-Travel,2,56876,1,1,2,2,3,No,4,4,No
437,31,Female,Single,Finance,Finance Manager,Master's,2019-03-28,6,Non-Travel,5,82014,2,2,3,1,4,Yes,4,4,No
438,28,Male,Married,Sales,Sales Executive,High School,2022-05-08,3,Travel_Rarely,2,40726,2,0,4,2,4,Yes,4,1,No
439,31,Male,Married,Operations,Logistics Coordinator,Bachelor's,2018-06-23,7,Travel_Rarely,17,65840,0,1,3,2,3,No,3,5,No
440,39,Male,Single,Operations,Operations Associate,High School,2023-09-30,2,Travel_Frequently,9,39228,2,4,2,3,3,Yes,4,1,No
441,32,Male,Married,Marketing,Content Specialist,Master's,2017-02-01,8,Non-Travel,17,82059,0,1,3,1,4,Yes,4,1,No
442,49,Female,Single,Sales,Sales Manager,Bachelor's,2020-02-04,5,Travel_Frequently,11,73842,5,3,3,3,2,Yes,3,4,No
443,31,Male,Single,Sales,Sales Executive,Master's,2018-03-31,7,Non-Travel,2,51986,0,4,4,1,3,No,3,0,No
444,24,Male,Married,Engineering,Senior Engineer,Bachelor's,2024-04-18,1,Travel_Frequently,12,81249,1,3,4,2,4,No,3,1,No
445,34,Male,Married,Customer Support,Support Team Lead,Bachelor's,2023-03-20,2,Travel_Frequently,21,49689,1,3,3,3,1,No,4,4,No
446,24,Female,Married,Sales,Sales Manager,PhD,2024-10-04,1,Travel_Frequently,1,54523,0,2,3,3,3,No,3,3,No
447,33,Male,Married,Engineering,Engineering Manager,Bachelor's,2024-08-13,1,Non-Travel,14,121278,1,6,1,4,4,No,4,2,No
448,41,Male,Married,Marketing,Content Specialist,Master's,2025-06-18,0,Travel_Rarely,5,69637,0,2,3,2,2,No,5,1,No
449,30,Male,Single,Finance,Financial Analyst,Bachelor's,2021-05-24,4,Travel_Rarely,9,43991,0,2,3,3,2,No,4,1,No
450,21,Female,Married,Human Resources,HR Manager,Bachelor's,2024-08-22,1,Non-Travel,3,48742,0,4,4,3,3,No,3,0,No
451,47,Male,Divorced,Customer Support,Support Associate,Bachelor's,2016-07-31,9,Travel_Rarely,11,41495,3,3,1,2,4,Yes,3,3,Yes
452,29,Male,Married,Marketing,Content Specialist,Bachelor's,2022-06-04,3,Non-Travel,2,68501,1,1,1,4,3,Yes,3,5,Yes
453,37,Female,Married,Sales,Sales Executive,Master's,2023-11-11,2,Non-Travel,9,47875,0,2,4,1,4,Yes,4,3,No
454,24,Female,Divorced,Operations,Operations Manager,Bachelor's,2025-12-17,0,Travel_Frequently,1,45924,0,1,2,3,4,Yes,2,5,No
455,34,Female,Single,Engineering,QA Engineer,Master's,2024-05-06,1,Travel_Rarely,4,96152,1,3,2,3,4,No,4,2,No
456,33,Male,Married,Marketing,Marketing Associate,Master's,2023-12-11,2,Travel_Rarely,6,39996,2,3,3,3,3,Yes,3,0,Yes
457,40,Male,Single,Engineering,Engineering Manager,Master's,2022-04-10,3,Travel_Frequently,6,152710,3,1,3,1,3,Yes,4,4,No
458,41,Female,Single,Engineering,QA Engineer,Master's,2021-01-23,4,Non-Travel,15,118919,0,2,3,3,4,No,3,0,No
459,35,Male,Single,Engineering,Senior Engineer,Master's,2024-12-23,1,Non-Travel,45,84963,1,1,3,4,3,No,4,3,No
460,25,Male,Married,Finance,Financial Analyst,Bachelor's,2020-07-29,5,Travel_Rarely,6,51454,0,4,3,4,4,Yes,3,1,No
461,24,Male,Married,Operations,Logistics Coordinator,Master's,2024-10-23,1,Travel_Rarely,1,57179,0,0,3,4,2,No,3,2,No
462,31,Female,Married,Customer Support,Support Team Lead,High School,2020-11-08,5,Travel_Rarely,4,52650,5,2,3,4,4,No,3,2,No
463,42,Female,Single,Engineering,QA Engineer,Bachelor's,2025-11-16,0,Non-Travel,2,85504,0,1,3,4,4,No,2,3,Yes
464,48,Male,Divorced,Finance,Financial Analyst,Bachelor's,2012-08-05,13,Travel_Rarely,5,64168,2,4,4,3,2,Yes,3,2,No
465,32,Male,Single,Sales,Account Manager,Bachelor's,2016-10-07,9,Non-Travel,1,91990,0,2,3,4,4,No,4,2,No
466,52,Female,Single,Operations,Operations Manager,Bachelor's,2023-06-26,2,Travel_Rarely,4,52692,0,2,4,4,3,Yes,4,5,No
467,22,Female,Single,Human Resources,HR Associate,Bachelor's,2025-06-29,0,Non-Travel,2,30001,0,2,3,1,4,No,4,4,No
468,21,Male,Single,Operations,Operations Manager,High School,2024-07-23,1,Non-Travel,8,51778,1,0,3,3,2,No,2,2,No
469,35,Female,Single,Operations,Logistics Coordinator,Bachelor's,2024-12-22,1,Travel_Rarely,4,64945,1,3,3,3,3,No,4,1,No
470,25,Male,Married,Human Resources,HR Associate,Master's,2022-06-16,3,Travel_Frequently,5,37091,1,1,3,2,1,Yes,1,0,Yes
471,31,Male,Married,Engineering,Engineering Manager,Master's,2025-12-20,0,Travel_Rarely,16,109164,0,4,1,4,2,No,4,1,Yes
472,26,Female,Married,Engineering,QA Engineer,High School,2021-10-01,4,Non-Travel,1,110562,1,1,4,3,4,No,3,3,No
473,38,Male,Married,Sales,Account Manager,High School,2023-02-07,2,Travel_Rarely,1,69789,0,0,3,4,4,No,2,4,Yes
474,46,Female,Single,Customer Support,Support Team Lead,Master's,2019-02-19,6,Travel_Rarely,22,51334,0,0,3,3,4,No,3,5,No
475,33,Male,Single,Customer Support,Support Team Lead,Bachelor's,2025-12-24,0,Travel_Rarely,4,42048,0,1,2,3,3,Yes,2,2,No
476,47,Male,Married,Finance,Accountant,Master's,2024-07-28,1,Travel_Frequently,7,61268,0,3,2,4,3,No,4,5,No
477,27,Male,Married,Finance,Accountant,Bachelor's,2023-02-05,2,Travel_Frequently,14,62298,0,2,4,2,1,No,4,6,No
478,22,Male,Single,Operations,Operations Associate,Bachelor's,2023-11-15,2,Travel_Rarely,1,35533,2,1,2,1,3,Yes,3,2,No
479,41,Female,Divorced,Operations,Operations Associate,High School,2021-09-06,4,Travel_Rarely,22,40184,0,1,2,4,3,No,3,5,No
480,37,Male,Married,Sales,Account Manager,Bachelor's,2016-08-25,9,Travel_Frequently,29,87413,3,2,3,3,4,No,4,2,No
481,29,Female,Single,Sales,Sales Manager,High School,2019-06-11,6,Travel_Frequently,13,78281,0,1,3,4,4,No,4,1,No
482,34,Male,Married,Marketing,Marketing Associate,PhD,2025-07-15,0,Travel_Rarely,4,34172,0,3,3,1,4,No,4,0,No
483,21,Female,Married,Sales,Sales Executive,Bachelor's,2024-04-15,1,Travel_Frequently,3,40321,0,1,3,2,1,Yes,3,3,Yes
484,36,Female,Married,Engineering,Engineering Manager,Bachelor's,2019-03-07,6,Travel_Rarely,29,154876,0,4,2,2,2,No,4,1,No
485,46,Female,Single,Marketing,Marketing Manager,High School,2025-08-24,0,Non-Travel,2,49562,0,2,3,3,2,Yes,2,1,Yes
486,22,Female,Married,Engineering,Software Engineer,Master's,2023-04-06,2,Travel_Rarely,3,62184,2,1,2,4,3,No,2,4,No
487,33,Male,Single,Engineering,Software Engineer,Master's,2015-05-13,10,Travel_Rarely,1,89524,0,3,3,3,4,No,4,3,No
488,32,Male,Single,Sales,Sales Manager,Bachelor's,2024-12-16,1,Travel_Rarely,2,57348,0,1,4,4,4,No,5,0,Yes
489,27,Female,Single,Operations,Operations Associate,Master's,2022-05-16,3,Travel_Rarely,1,37398,2,3,4,3,2,No,4,1,No
490,29,Female,Single,Customer Support,Support Team Lead,Bachelor's,2025-09-29,0,Travel_Rarely,7,39239,0,2,3,2,4,No,3,0,Yes
491,40,Female,Single,Customer Support,Support Team Lead,Bachelor's,2025-05-29,0,Travel_Frequently,1,43687,0,1,2,3,4,No,3,2,No
492,34,Male,Divorced,Engineering,Engineering Manager,Bachelor's,2025-10-27,0,Travel_Frequently,27,113957,0,2,3,1,2,Yes,2,2,Yes
493,37,Female,Single,Human Resources,Recruiter,Master's,2024-06-05,1,Travel_Rarely,1,57266,0,0,4,4,2,No,5,2,No
494,45,Male,Single,Customer Support,Support Team Lead,Bachelor's,2021-08-28,4,Travel_Rarely,4,44788,4,4,3,1,2,No,3,0,No
495,37,Male,Married,Operations,Operations Associate,Bachelor's,2021-06-17,4,Non-Travel,2,39179,1,2,3,2,2,No,4,1,No
496,37,Female,Married,Engineering,Software Engineer,Master's,2025-03-09,0,Travel_Rarely,9,59211,0,2,3,3,4,No,3,0,No
497,21,Female,Divorced,Sales,Account Manager,Bachelor's,2025-05-18,0,Non-Travel,1,66885,0,0,3,4,4,No,4,1,No
498,41,Male,Married,Engineering,QA Engineer,Bachelor's,2020-05-09,5,Travel_Frequently,12,109300,0,1,3,4,4,Yes,3,2,No
499,30,Male,Single,Engineering,QA Engineer,Master's,2024-08-25,1,Travel_Rarely,1,113586,0,2,3,2,1,No,4,4,No
500,25,Male,Single,Operations,Logistics Coordinator,Master's,2023-07-21,2,Travel_Frequently,1,68340,1,3,1,4,3,No,1,1,Yes
501,36,Male,Married,Marketing,Content Specialist,High School,2024-05-28,1,Travel_Rarely,10,65656,0,0,1,3,4,Yes,3,0,No
502,41,Female,Married,Operations,Operations Associate,Bachelor's,2023-06-28,2,Travel_Rarely,12,38905,1,4,2,4,2,No,3,2,Yes
503,21,Female,Married,Engineering,Software Engineer,Master's,2025-05-07,0,Non-Travel,2,62218,0,3,4,3,3,No,2,0,No
504,48,Male,Married,Customer Support,Support Team Lead,Bachelor's,2023-12-31,2,Travel_Rarely,7,44993,0,1,4,3,1,Yes,3,4,Yes
505,53,Male,Single,Engineering,Software Engineer,High School,2025-06-05,0,Travel_Rarely,10,55897,0,2,3,4,3,No,4,3,No
506,26,Female,Married,Engineering,Software Engineer,Master's,2025-07-25,0,Travel_Frequently,5,55678,0,5,4,2,3,Yes,4,4,Yes
507,40,Female,Single,Operations,Operations Associate,Bachelor's,2020-10-23,5,Travel_Rarely,7,37068,3,2,4,3,4,Yes,3,1,Yes
508,26,Female,Married,Finance,Financial Analyst,Master's,2020-12-15,5,Non-Travel,7,45012,2,1,4,4,1,No,2,2,Yes
509,36,Male,Married,Sales,Account Manager,Bachelor's,2024-06-13,1,Travel_Frequently,21,77702,1,2,1,1,3,No,3,2,No
510,33,Female,Married,Finance,Financial Analyst,Master's,2021-08-10,4,Travel_Rarely,3,46554,1,1,4,2,3,Yes,4,3,Yes
511,34,Male,Single,Sales,Sales Manager,Bachelor's,2023-05-30,2,Non-Travel,3,58683,2,3,4,2,3,No,3,2,No
512,28,Male,Divorced,Customer Support,Support Team Lead,Bachelor's,2025-07-02,0,Non-Travel,5,44907,0,0,3,3,4,Yes,5,1,No
513,40,Male,Married,Marketing,Marketing Associate,Master's,2005-06-30,20,Non-Travel,23,65080,0,3,3,4,3,No,3,5,No
514,21,Male,Married,Finance,Finance Manager,Bachelor's,2024-04-18,1,Non-Travel,1,82405,1,2,4,3,4,No,4,1,No
515,49,Male,Married,Sales,Account Manager,Bachelor's,2021-08-12,4,Travel_Frequently,12,72226,4,0,2,1,4,Yes,2,3,No
516,21,Male,Single,Engineering,Engineering Manager,Master's,2025-03-15,0,Travel_Frequently,2,120812,0,2,3,2,3,No,3,4,No
517,33,Male,Single,Human Resources,HR Associate,High School,2024-08-08,1,Travel_Rarely,17,38357,1,1,2,3,3,Yes,3,4,Yes
518,47,Male,Single,Marketing,Marketing Manager,Bachelor's,2018-12-13,7,Non-Travel,10,70967,1,1,2,3,2,No,3,3,No
519,38,Male,Married,Sales,Sales Executive,Bachelor's,2025-12-13,0,Non-Travel,3,37541,0,1,3,4,3,No,2,3,No
520,36,Male,Divorced,Marketing,Content Specialist,Bachelor's,2014-06-15,11,Travel_Rarely,7,95555,1,0,3,4,4,Yes,3,5,No
521,29,Male,Single,Engineering,Senior Engineer,Bachelor's,2024-08-26,1,Non-Travel,11,76978,1,3,4,3,2,No,3,2,No
522,39,Male,Single,Engineering,Engineering Manager,Bachelor's,2024-11-24,1,Non-Travel,1,131754,0,2,3,4,4,Yes,3,3,No
523,49,Male,Married,Sales,Sales Manager,High School,2024-04-26,1,Travel_Rarely,2,55484,0,3,4,2,4,Yes,3,3,Yes
524,35,Male,Single,Finance,Financial Analyst,Bachelor's,2025-02-15,0,Travel_Rarely,10,38665,0,3,3,4,3,No,3,4,No
525,27,Female,Married,Sales,Sales Executive,Master's,2025-04-27,0,Non-Travel,1,39284,0,0,3,2,1,Yes,2,2,Yes
526,52,Male,Married,Engineering,Software Engineer,Bachelor's,2022-07-01,3,Travel_Rarely,4,71028,0,3,3,1,1,Yes,3,2,No
527,21,Female,Single,Operations,Logistics Coordinator,High School,2024-07-14,1,Travel_Frequently,1,55965,1,2,3,3,2,No,3,2,No
528,30,Male,Married,Sales,Sales Manager,Master's,2023-07-07,2,Travel_Rarely,2,60778,0,3,3,2,3,No,3,4,No
529,24,Male,Single,Engineering,Software Engineer,Bachelor's,2025-10-13,0,Travel_Frequently,4,64169,0,3,4,2,1,No,3,1,Yes
530,25,Female,Single,Customer Support,Support Team Lead,High School,2020-05-31,5,Travel_Frequently,21,46980,5,1,3,3,4,No,4,0,No
531,25,Male,Divorced,Human Resources,HR Manager,Master's,2022-05-30,3,Travel_Rarely,14,53279,0,4,2,4,2,No,1,1,No
532,36,Male,Married,Sales,Account Manager,Master's,2025-04-30,0,Non-Travel,8,66866,0,2,3,4,3,No,4,0,No
533,30,Male,Single,Operations,Operations Associate,Bachelor's,2024-06-19,1,Travel_Rarely,33,36928,1,2,3,3,3,No,4,0,No
534,27,Male,Single,Finance,Finance Manager,Master's,2024-01-11,1,Travel_Frequently,8,84130,1,3,4,2,4,No,3,2,No
535,24,Female,Single,Engineering,Software Engineer,Bachelor's,2022-05-03,3,Travel_Rarely,22,67487,2,3,3,2,3,No,3,4,No
536,37,Female,Married,Human Resources,HR Associate,Bachelor's,2016-04-19,9,Travel_Rarely,2,51383,0,3,2,3,3,Yes,5,2,No
537,32,Male,Single,Customer Support,Support Team Lead,Bachelor's,2024-03-10,1,Travel_Rarely,7,48451,1,3,2,3,3,Yes,4,2,Yes
538,34,Male,Single,Human Resources,HR Associate,Bachelor's,2021-12-16,4,Travel_Rarely,5,35638,1,2,2,4,1,No,4,1,No
539,31,Female,Divorced,Engineering,QA Engineer,Master's,2018-05-19,7,Non-Travel,4,111422,3,3,3,1,3,No,4,3,No
540,37,Female,Divorced,Sales,Sales Executive,PhD,2022-09-27,3,Non-Travel,23,49165,0,1,3,4,3,Yes,5,3,No
541,42,Female,Married,Engineering,Senior Engineer,Master's,2025-04-20,0,Non-Travel,22,78192,0,2,3,4,4,Yes,3,2,No
542,21,Female,Single,Engineering,Engineering Manager,Bachelor's,2024-06-17,1,Travel_Frequently,4,132040,0,3,4,3,3,No,3,3,No
543,27,Male,Single,Sales,Account Manager,Bachelor's,2023-03-23,2,Travel_Rarely,7,68965,0,0,3,3,2,No,3,3,No
544,31,Female,Single,Human Resources,HR Manager,High School,2025-04-24,0,Non-Travel,1,40088,0,3,3,1,4,No,3,1,No
545,31,Female,Married,Marketing,Marketing Associate,High School,2022-08-23,3,Travel_Rarely,3,47379,0,1,3,3,4,Yes,4,2,No
546,37,Male,Single,Engineering,QA Engineer,High School,2020-03-03,5,Travel_Rarely,6,117069,3,6,3,1,4,No,4,0,No
547,36,Male,Single,Engineering,Senior Engineer,Master's,2009-09-13,16,Travel_Rarely,41,116112,1,3,3,4,1,No,3,3,No
548,37,Male,Single,Sales,Account Manager,Bachelor's,2019-09-16,6,Non-Travel,18,76485,1,1,3,3,1,No,3,1,Yes
549,31,Male,Married,Customer Support,Support Associate,Master's,2017-03-29,8,Non-Travel,3,42966,8,2,1,2,2,Yes,3,3,Yes
550,33,Male,Married,Sales,Sales Executive,High School,2024-01-06,1,Travel_Rarely,1,45922,1,5,3,4,1,No,3,1,No
551,24,Female,Married,Sales,Sales Executive,Bachelor's,2024-08-13,1,Non-Travel,1,43161,1,2,3,3,2,No,3,3,No
552,32,Male,Single,Finance,Financial Analyst,Bachelor's,2021-08-11,4,Travel_Rarely,1,50124,1,1,4,3,3,No,4,2,No
553,35,Female,Single,Engineering,Engineering Manager,PhD,2015-07-22,10,Non-Travel,16,164100,0,3,2,3,4,No,4,3,No
554,42,Male,Married,Operations,Logistics Coordinator,Bachelor's,2024-11-11,1,Travel_Frequently,5,68813,0,3,2,3,4,No,3,4,No
555,37,Male,Single,Sales,Sales Executive,Master's,2018-10-05,7,Travel_Frequently,2,56043,4,1,4,3,4,No,4,2,No
556,25,Female,Divorced,Sales,Sales Executive,Bachelor's,2025-07-27,0,Non-Travel,31,36229,0,4,2,1,2,Yes,5,0,Yes
557,37,Female,Married,Customer Support,Support Associate,PhD,2025-11-30,0,Non-Travel,4,33677,0,2,3,4,1,No,4,4,No
558,36,Male,Single,Finance,Accountant,Bachelor's,2023-11-03,2,Travel_Rarely,2,59975,0,0,3,2,3,No,3,4,Yes
559,40,Female,Single,Marketing,Content Specialist,Master's,2010-09-14,15,Non-Travel,6,107253,1,4,3,3,3,No,3,3,No
560,21,Male,Married,Operations,Operations Manager,Bachelor's,2024-09-23,1,Travel_Rarely,12,47874,1,2,3,2,1,No,3,1,No
561,49,Male,Single,Sales,Sales Executive,Bachelor's,2016-10-06,9,Travel_Rarely,2,45740,4,1,4,3,3,No,4,2,No
562,26,Female,Single,Sales,Sales Manager,Bachelor's,2022-10-03,3,Non-Travel,5,69583,3,2,4,2,3,No,1,2,No
563,35,Female,Married,Customer Support,Support Associate,High School,2024-01-29,1,Non-Travel,1,29394,0,2,4,2,3,Yes,3,3,No
564,36,Female,Married,Sales,Sales Manager,Master's,2021-05-19,4,Non-Travel,5,75315,0,3,2,2,4,No,4,5,No
565,21,Male,Married,Operations,Operations Manager,High School,2024-07-10,1,Travel_Frequently,12,45752,1,1,3,4,1,No,4,4,No
566,25,Female,Married,Human Resources,Recruiter,Bachelor's,2025-03-19,0,Non-Travel,1,61247,0,1,2,2,3,No,2,1,No
567,30,Female,Married,Operations,Logistics Coordinator,Bachelor's,2023-11-03,2,Travel_Rarely,6,58006,1,0,1,1,2,No,3,5,No
568,30,Male,Single,Operations,Operations Associate,Master's,2020-06-17,5,Travel_Rarely,4,39454,1,2,4,2,4,Yes,2,3,Yes
569,31,Female,Married,Finance,Financial Analyst,Master's,2023-08-06,2,Travel_Rarely,5,49123,1,2,4,1,2,No,4,4,Yes
570,30,Female,Married,Engineering,Software Engineer,Bachelor's,2025-11-13,0,Non-Travel,1,68298,0,1,2,2,2,No,4,3,Yes
571,43,Male,Single,Operations,Operations Associate,Master's,2008-08-29,17,Travel_Rarely,6,64216,2,5,1,3,4,Yes,5,5,No
572,40,Male,Single,Finance,Finance Manager,PhD,2025-04-29,0,Travel_Frequently,14,79010,0,0,3,4,4,No,4,6,No
573,39,Female,Married,Sales,Sales Executive,Master's,2025-03-10,0,Travel_Rarely,3,46353,0,1,4,1,3,No,3,1,Yes
574,29,Male,Married,Finance,Accountant,Bachelor's,2024-07-15,1,Travel_Rarely,6,63092,0,5,4,3,4,Yes,3,2,No
575,44,Male,Divorced,Sales,Sales Manager,Master's,2023-05-06,2,Non-Travel,14,54179,1,4,2,3,3,Yes,4,3,No
576,32,Female,Single,Operations,Operations Associate,Bachelor's,2018-07-30,7,Travel_Frequently,40,44459,5,2,2,3,1,No,2,1,No
577,37,Female,Married,Sales,Sales Executive,Bachelor's,2025-12-14,0,Travel_Frequently,8,41827,0,3,1,2,4,No,5,0,Yes
578,36,Male,Divorced,Engineering,Engineering Manager,Master's,2025-05-22,0,Non-Travel,10,110282,0,2,3,3,4,No,3,1,No
579,22,Female,Single,Marketing,Marketing Associate,Bachelor's,2023-03-06,2,Travel_Rarely,3,42421,1,3,2,4,4,Yes,3,3,No
580,34,Female,Married,Finance,Accountant,Master's,2025-06-06,0,Travel_Rarely,1,58738,0,2,4,3,2,Yes,3,0,No
581,42,Female,Divorced,Engineering,Senior Engineer,Master's,2025-08-23,0,Travel_Rarely,8,77285,0,1,3,2,2,No,4,0,No
582,21,Male,Married,Sales,Sales Manager,High School,2024-04-29,1,Travel_Rarely,1,54793,1,1,3,3,1,No,2,2,No
583,24,Male,Married,Marketing,Marketing Associate,Bachelor's,2024-05-05,1,Non-Travel,2,40236,1,5,2,4,2,No,4,1,No
584,30,Male,Single,Customer Support,Support Associate,Bachelor's,2019-11-20,6,Non-Travel,1,40222,0,1,4,1,3,No,2,1,No
585,29,Female,Divorced,Engineering,Senior Engineer,Master's,2024-02-21,1,Non-Travel,3,84969,1,3,2,4,2,No,4,2,No
586,28,Female,Married,Finance,Accountant,Bachelor's,2023-08-31,2,Travel_Frequently,4,60890,2,1,3,2,4,Yes,2,2,No
587,31,Male,Single,Marketing,Marketing Associate,High School,2025-09-05,0,Travel_Rarely,8,37594,0,6,3,3,3,No,3,1,No
588,39,Male,Divorced,Engineering,Software Engineer,Bachelor's,2017-07-04,8,Travel_Rarely,6,76173,0,5,3,4,4,No,5,2,No
589,27,Male,Single,Operations,Operations Associate,Master's,2018-11-05,7,Non-Travel,6,42938,0,3,2,3,4,No,3,0,No
590,36,Male,Single,Human Resources,HR Manager,Bachelor's,2023-01-25,2,Travel_Rarely,3,51098,0,0,3,2,3,Yes,3,4,No
591,34,Male,Single,Customer Support,Support Associate,Bachelor's,2015-06-22,10,Travel_Rarely,2,50924,1,4,3,4,4,No,3,4,No
592,40,Male,Single,Sales,Sales Executive,Master's,2024-05-20,1,Non-Travel,4,40404,1,3,4,3,1,No,3,3,No
593,28,Male,Married,Sales,Account Manager,High School,2022-01-16,3,Non-Travel,1,70748,1,1,1,2,4,No,3,1,No
594,32,Male,Single,Human Resources,HR Associate,Master's,2024-08-12,1,Travel_Rarely,8,40969,0,2,2,2,2,No,4,6,Yes
595,31,Female,Married,Engineering,Engineering Manager,Bachelor's,2025-10-30,0,Travel_Rarely,4,111525,0,0,3,3,3,No,3,1,No
596,40,Male,Married,Engineering,QA Engineer,Bachelor's,2025-07-17,0,Travel_Rarely,14,102937,0,4,4,3,2,No,3,4,No
597,28,Male,Married,Operations,Operations Associate,Master's,2022-09-28,3,Non-Travel,1,44991,2,1,3,3,1,Yes,3,2,No
598,33,Female,Married,Customer Support,Support Associate,Bachelor's,2021-07-25,4,Non-Travel,11,39768,1,3,4,3,4,No,3,3,No
599,30,Male,Divorced,Marketing,Marketing Manager,Bachelor's,2023-08-21,2,Travel_Rarely,1,55489,2,2,3,2,3,Yes,3,0,No
600,32,Male,Married,Sales,Sales Manager,High School,2023-06-21,2,Travel_Rarely,2,54478,2,2,4,3,4,Yes,3,1,No
601,28,Male,Divorced,Marketing,Content Specialist,Master's,2023-11-03,2,Travel_Frequently,14,80531,0,2,4,2,3,Yes,3,2,No
602,22,Female,Single,Operations,Operations Manager,Bachelor's,2023-04-13,2,Travel_Rarely,7,46223,2,3,4,4,1,No,2,0,No
603,31,Male,Divorced,Engineering,QA Engineer,Master's,2025-02-02,0,Travel_Rarely,11,100971,0,1,3,4,4,Yes,3,2,No
604,24,Male,Single,Customer Support,Support Associate,Bachelor's,2024-11-18,1,Non-Travel,6,31474,0,4,2,3,1,Yes,3,2,No
605,40,Male,Single,Customer Support,Support Associate,Bachelor's,2025-03-31,0,Non-Travel,3,34045,0,3,3,3,3,Yes,3,3,Yes
606,34,Male,Married,Customer Support,Support Team Lead,Bachelor's,2025-12-02,0,Travel_Rarely,4,42629,0,3,3,3,3,No,3,6,Yes
607,25,Male,Married,Finance,Financial Analyst,Master's,2024-02-28,1,Travel_Frequently,12,43640,0,5,3,2,2,No,3,0,Yes
608,28,Male,Divorced,Customer Support,Support Team Lead,PhD,2025-05-19,0,Travel_Rarely,20,48492,0,5,4,3,4,No,4,3,No
609,35,Female,Divorced,Customer Support,Support Associate,High School,2024-06-30,1,Travel_Rarely,1,29728,0,2,2,4,3,No,4,0,No
610,36,Male,Married,Marketing,Marketing Associate,Master's,2024-06-25,1,Travel_Rarely,5,38292,0,2,1,4,4,No,3,2,No
611,38,Male,Married,Marketing,Marketing Manager,Bachelor's,2015-10-21,10,Travel_Rarely,6,78912,9,3,4,2,3,No,3,3,No
612,42,Male,Married,Human Resources,HR Associate,Bachelor's,2014-03-04,11,Travel_Frequently,1,48199,3,3,3,3,3,Yes,4,2,No
613,21,Female,Married,Engineering,Engineering Manager,Bachelor's,2025-06-14,0,Travel_Rarely,1,124189,0,2,3,3,2,No,5,2,No
614,39,Male,Married,Operations,Logistics Coordinator,High School,2025-03-31,0,Non-Travel,9,56898,0,2,3,3,3,No,3,3,No
615,34,Male,Married,Operations,Operations Associate,Master's,2021-06-23,4,Travel_Rarely,28,38664,1,4,3,3,2,No,3,3,Yes
616,32,Male,Married,Sales,Account Manager,Master's,2018-09-05,7,Travel_Rarely,3,91633,1,1,3,3,4,Yes,2,4,No
617,41,Male,Married,Finance,Accountant,Master's,2017-04-12,8,Non-Travel,13,72753,0,3,4,4,2,No,3,5,No
618,30,Male,Married,Operations,Operations Manager,High School,2024-07-18,1,Travel_Rarely,8,42036,0,2,2,1,3,No,5,4,No
619,26,Female,Single,Sales,Sales Manager,Master's,2025-01-20,0,Travel_Frequently,4,55011,0,2,3,1,3,Yes,5,4,Yes
620,33,Male,Single,Marketing,Marketing Manager,Bachelor's,2022-04-29,3,Non-Travel,2,65275,1,1,2,1,3,No,3,5,No
621,21,Male,Married,Operations,Logistics Coordinator,Master's,2024-11-06,1,Travel_Rarely,4,48392,0,3,3,3,4,No,3,0,No
622,35,Female,Married,Finance,Financial Analyst,Master's,2025-11-14,0,Non-Travel,1,40808,0,2,4,2,3,No,2,3,No
623,39,Female,Single,Sales,Sales Manager,Bachelor's,2024-11-09,1,Travel_Frequently,2,55875,0,1,2,3,2,No,3,1,No
624,21,Male,Married,Finance,Accountant,Bachelor's,2024-10-24,1,Non-Travel,6,60843,1,0,4,3,4,Yes,5,0,No
625,36,Female,Married,Operations,Operations Associate,Bachelor's,2025-12-16,0,Travel_Rarely,1,40094,0,1,4,1,3,No,3,4,No
626,34,Male,Divorced,Finance,Finance Manager,Master's,2014-01-17,11,Travel_Rarely,5,111319,0,0,1,3,4,No,3,4,Yes
627,36,Male,Married,Sales,Sales Manager,Bachelor's,2021-06-18,4,Travel_Rarely,2,66514,1,0,2,4,4,No,5,1,No
628,40,Male,Married,Marketing,Marketing Associate,PhD,2024-02-01,1,Travel_Rarely,1,37716,0,2,2,3,2,No,3,1,Yes
629,40,Female,Single,Finance,Financial Analyst,Master's,2020-03-07,5,Travel_Rarely,9,44828,5,0,2,1,4,No,3,0,No
630,25,Male,Single,Engineering,Software Engineer,Bachelor's,2025-08-23,0,Travel_Rarely,6,58284,0,5,1,3,4,No,3,1,No
631,27,Female,Divorced,Sales,Account Manager,Bachelor's,2018-12-10,7,Travel_Rarely,4,80220,3,0,2,4,3,Yes,2,3,No
632,41,Male,Single,Human Resources,HR Associate,Bachelor's,2022-01-28,3,Non-Travel,11,41206,0,2,3,4,3,Yes,3,2,Yes
633,45,Male,Single,Engineering,Senior Engineer,Master's,2023-04-25,2,Non-Travel,2,75185,2,2,4,3,2,No,4,4,No
634,33,Female,Single,Engineering,Engineering Manager,High School,2024-12-29,1,Non-Travel,3,119035,1,1,3,2,2,No,3,4,No
635,29,Female,Married,Engineering,Software Engineer,Bachelor's,2025-04-24,0,Travel_Rarely,3,66139,0,2,4,3,4,No,3,2,No
636,36,Female,Married,Marketing,Marketing Associate,Bachelor's,2022-10-09,3,Travel_Rarely,7,43425,1,1,3,4,4,No,1,0,No
637,32,Male,Married,Sales,Account Manager,Master's,2025-03-30,0,Travel_Rarely,2,59736,0,2,4,3,1,No,2,2,No
638,43,Male,Single,Sales,Sales Executive,Master's,2024-03-18,1,Travel_Rarely,6,45585,1,1,4,1,4,No,4,2,No
639,39,Female,Divorced,Finance,Accountant,Bachelor's,2026-01-01,0,Travel_Rarely,1,57172,0,1,2,2,1,No,2,1,No
640,32,Male,Single,Operations,Operations Manager,Bachelor's,2017-09-23,8,Travel_Rarely,1,51866,0,7,3,3,3,No,5,2,No
641,35,Male,Single,Marketing,Content Specialist,Master's,2025-12-03,0,Non-Travel,4,58742,0,1,4,4,4,No,3,1,No
642,41,Female,Divorced,Engineering,Engineering Manager,Bachelor's,2021-05-15,4,Travel_Rarely,10,109465,2,1,3,2,4,No,3,0,No
643,49,Male,Single,Human Resources,Recruiter,Bachelor's,2024-12-29,1,Travel_Rarely,12,70514,1,2,1,4,3,Yes,3,3,No
644,29,Female,Single,Human Resources,HR Manager,Master's,2024-12-21,1,Non-Travel,1,44632,1,3,4,3,4,No,4,0,No
645,30,Female,Divorced,Finance,Financial Analyst,High School,2025-09-08,0,Non-Travel,9,45493,0,2,3,3,3,No,3,5,No
646,34,Female,Single,Sales,Account Manager,Bachelor's,2023-12-31,2,Travel_Rarely,2,76077,0,4,3,2,3,No,3,2,Yes
647,27,Male,Married,Engineering,Senior Engineer,Bachelor's,2021-01-22,4,Travel_Rarely,8,101187,2,3,3,1,4,No,3,3,No
648,27,Female,Married,Customer Support,Support Team Lead,Bachelor's,2024-10-25,1,Travel_Frequently,12,41868,1,2,4,1,2,No,4,2,Yes
649,21,Male,Married,Sales,Sales Executive,Master's,2025-06-01,0,Travel_Rarely,3,42303,0,2,1,3,1,No,4,1,No
650,34,Male,Married,Customer Support,Support Team Lead,Bachelor's,2021-04-12,4,Travel_Frequently,8,49347,0,2,3,4,4,No,3,1,No
651,34,Male,Single,Sales,Sales Manager,PhD,2017-02-04,8,Travel_Rarely,3,83252,4,1,4,3,1,No,4,1,No
652,29,Male,Married,Engineering,Senior Engineer,Bachelor's,2025-03-15,0,Travel_Rarely,23,79791,0,3,1,3,3,Yes,3,2,No
653,37,Female,Single,Customer Support,Support Team Lead,Master's,2023-02-17,2,Travel_Rarely,16,45208,2,1,3,4,3,No,4,4,No
654,44,Male,Single,Engineering,Software Engineer,Master's,2023-08-06,2,Travel_Rarely,4,54952,2,2,3,3,4,No,3,1,Yes
655,33,Male,Single,Human Resources,HR Associate,Master's,2025-12-14,0,Non-Travel,12,32920,0,0,4,3,4,Yes,4,0,No
656,36,Male,Single,Engineering,QA Engineer,Master's,2017-06-16,8,Travel_Rarely,6,122226,3,1,3,3,3,No,4,0,No
657,28,Male,Single,Engineering,Engineering Manager,Bachelor's,2023-03-30,2,Travel_Rarely,1,133895,1,1,2,4,3,No,4,1,No
658,21,Male,Married,Sales,Account Manager,Bachelor's,2024-09-06,1,Travel_Frequently,6,75275,1,0,2,4,4,No,3,3,No
659,43,Female,Single,Finance,Financial Analyst,Bachelor's,2018-05-05,7,Travel_Rarely,13,57701,0,3,3,4,1,No,2,1,No
660,37,Male,Married,Customer Support,Support Team Lead,Master's,2023-01-14,2,Travel_Rarely,18,46363,2,2,2,4,4,Yes,5,2,No
661,27,Male,Single,Human Resources,Recruiter,High School,2023-12-07,2,Travel_Rarely,13,65367,2,2,2,3,3,No,3,3,No
662,42,Male,Single,Sales,Account Manager,Bachelor's,2017-10-06,8,Travel_Rarely,3,85833,0,5,3,3,4,No,3,1,No
663,44,Male,Married,Sales,Account Manager,Master's,2025-12-29,0,Non-Travel,14,65832,0,4,2,3,1,Yes,3,4,No
664,37,Female,Married,Marketing,Content Specialist,Master's,2023-11-30,2,Travel_Rarely,7,72419,1,2,3,4,3,Yes,4,1,No
665,45,Male,Single,Marketing,Content Specialist,Bachelor's,2022-01-06,3,Non-Travel,1,64339,3,1,2,3,3,Yes,4,3,No
666,27,Male,Single,Marketing,Marketing Manager,Bachelor's,2018-06-07,7,Travel_Rarely,14,58342,2,3,4,3,3,No,5,2,No
667,35,Male,Single,Finance,Accountant,High School,2023-09-18,2,Travel_Rarely,4,69532,0,4,3,3,2,Yes,5,1,No
668,32,Male,Married,Customer Support,Support Team Lead,Master's,2019-11-16,6,Travel_Rarely,3,55806,0,2,2,3,4,No,3,2,No
669,41,Female,Single,Marketing,Marketing Associate,High School,2013-10-31,12,Non-Travel,7,56736,0,1,3,3,3,Yes,4,3,No
670,23,Male,Single,Customer Support,Support Team Lead,Bachelor's,2022-05-19,3,Travel_Rarely,5,45193,0,4,2,4,1,No,3,4,Yes
671,36,Male,Single,Sales,Sales Executive,Master's,2020-12-19,5,Travel_Frequently,6,49203,5,1,3,4,3,No,2,2,No
672,31,Female,Married,Engineering,QA Engineer,High School,2021-01-20,4,Non-Travel,2,127285,1,2,3,3,4,No,4,3,No
673,38,Female,Married,Operations,Logistics Coordinator,Master's,2023-12-03,2,Non-Travel,3,54560,2,2,3,3,4,No,3,0,No
674,36,Female,Single,Sales,Sales Manager,Master's,2023-10-13,2,Travel_Rarely,12,57944,2,3,2,3,2,Yes,4,2,Yes
675,48,Female,Married,Customer Support,Support Team Lead,High School,2025-09-26,0,Travel_Rarely,13,43147,0,6,2,4,3,No,2,3,No
676,25,Female,Single,Engineering,Engineering Manager,High School,2020-01-29,5,Travel_Rarely,5,118560,0,2,2,3,4,No,3,2,No
677,32,Female,Single,Sales,Account Manager,Bachelor's,2024-02-25,1,Travel_Rarely,6,66355,1,1,1,3,3,No,3,2,No
678,37,Female,Single,Human Resources,HR Manager,Bachelor's,2025-09-05,0,Travel_Rarely,1,44763,0,4,3,3,4,No,4,0,Yes
679,23,Male,Married,Operations,Operations Manager,Bachelor's,2025-05-01,0,Travel_Frequently,5,50475,0,1,2,2,1,No,2,3,No
680,25,Female,Single,Sales,Account Manager,Bachelor's,2025-12-22,0,Non-Travel,1,70773,0,3,3,1,4,No,4,2,No
681,36,Male,Married,Finance,Financial Analyst,Master's,2012-04-04,13,Travel_Rarely,5,62720,2,1,2,2,2,No,3,0,No
682,33,Male,Single,Human Resources,HR Associate,High School,2025-10-31,0,Travel_Rarely,2,36903,0,1,3,4,3,Yes,3,3,Yes
683,47,Male,Single,Sales,Sales Manager,High School,2018-05-03,7,Travel_Frequently,6,75810,0,2,2,2,4,Yes,2,1,Yes
684,36,Female,Single,Sales,Sales Manager,Bachelor's,2011-03-02,14,Travel_Frequently,3,95509,3,3,2,3,2,Yes,5,1,No
685,38,Male,Single,Engineering,Engineering Manager,High School,2024-02-10,1,Non-Travel,1,115805,1,2,3,3,4,No,4,2,Yes
686,31,Female,Single,Finance,Finance Manager,Bachelor's,2024-12-02,1,Non-Travel,6,77636,1,1,4,3,1,No,4,4,No
687,21,Male,Single,Finance,Accountant,Master's,2025-12-03,0,Travel_Rarely,5,59317,0,2,2,3,3,No,3,2,No
688,33,Female,Single,Marketing,Marketing Manager,High School,2016-11-16,9,Travel_Frequently,1,75132,1,1,3,2,4,No,4,1,No
689,52,Male,Married,Engineering,Engineering Manager,Bachelor's,2024-01-08,1,Non-Travel,17,124726,1,5,3,1,1,No,2,2,No
690,21,Female,Married,Finance,Finance Manager,Bachelor's,2025-01-01,1,Travel_Frequently,4,74444,1,2,4,2,4,No,3,3,No
691,40,Male,Married,Sales,Account Manager,Bachelor's,2021-02-17,4,Travel_Rarely,9,88151,2,0,4,4,4,Yes,3,1,No
692,29,Male,Single,Customer Support,Support Associate,High School,2023-03-11,2,Non-Travel,1,31729,1,1,4,3,3,Yes,2,1,Yes
693,21,Female,Married,Sales,Sales Executive,Bachelor's,2024-04-01,1,Travel_Rarely,6,41648,0,1,3,2,3,Yes,3,4,Yes
694,33,Male,Single,Operations,Operations Manager,Bachelor's,2022-04-14,3,Non-Travel,20,40813,1,2,2,4,3,Yes,3,0,No
695,21,Male,Single,Engineering,QA Engineer,Bachelor's,2024-05-28,1,Travel_Rarely,4,106179,1,3,2,2,2,No,3,2,No
696,34,Male,Single,Customer Support,Support Associate,Bachelor's,2025-11-10,0,Non-Travel,7,31511,0,2,4,3,4,No,3,2,No
697,36,Male,Divorced,Operations,Operations Associate,Bachelor's,2017-10-10,8,Travel_Rarely,4,40193,3,0,3,1,2,Yes,1,4,No
698,34,Female,Married,Finance,Financial Analyst,Bachelor's,2022-02-03,3,Non-Travel,1,49512,0,2,3,1,2,No,4,0,No
699,38,Male,Single,Human Resources,HR Manager,Bachelor's,2013-01-16,12,Travel_Rarely,18,65387,5,1,4,4,3,No,4,5,No
700,43,Female,Single,Sales,Sales Manager,Bachelor's,2024-06-11,1,Non-Travel,9,56673,1,1,3,3,4,No,4,4,No
701,36,Male,Single,Finance,Accountant,Bachelor's,2012-10-15,13,Travel_Rarely,3,85461,0,2,3,2,4,Yes,3,2,No
702,42,Female,Divorced,Sales,Sales Manager,Bachelor's,2019-02-05,6,Travel_Rarely,8,74312,1,0,3,4,2,Yes,4,4,No
703,30,Female,Married,Human Resources,HR Manager,Bachelor's,2025-02-10,0,Non-Travel,4,53930,0,0,1,4,2,No,3,1,Yes
704,26,Male,Single,Engineering,Engineering Manager,High School,2021-07-20,4,Travel_Frequently,1,135772,4,2,4,3,3,No,4,4,No
705,39,Female,Married,Operations,Operations Associate,PhD,2025-06-06,0,Travel_Rarely,1,35959,0,0,1,1,4,No,3,4,No
706,34,Female,Single,Operations,Logistics Coordinator,Bachelor's,2011-09-21,14,Non-Travel,36,92955,1,1,4,4,2,Yes,3,2,Yes
707,35,Female,Married,Customer Support,Support Team Lead,Bachelor's,2022-11-11,3,Travel_Rarely,4,43484,2,2,3,1,4,No,3,0,No
708,26,Male,Married,Engineering,Software Engineer,Master's,2024-07-05,1,Non-Travel,1,66090,0,1,3,1,4,No,4,3,No
709,38,Male,Single,Human Resources,Recruiter,Bachelor's,2024-12-08,1,Non-Travel,2,54185,0,0,3,2,2,No,3,3,Yes
710,25,Male,Divorced,Finance,Finance Manager,Bachelor's,2025-12-31,0,Travel_Rarely,1,67567,0,2,1,2,3,Yes,3,3,Yes
711,40,Male,Married,Human Resources,HR Manager,Bachelor's,2025-11-27,0,Non-Travel,1,44763,0,0,3,3,2,Yes,3,3,No
712,35,Female,Single,Engineering,Engineering Manager,Bachelor's,2022-10-07,3,Travel_Rarely,13,133214,1,1,2,4,3,No,5,3,No
713,38,Male,Married,Engineering,Engineering Manager,Bachelor's,2024-06-15,1,Travel_Rarely,12,140304,1,0,2,3,4,No,3,0,No
714,39,Female,Single,Operations,Logistics Coordinator,Bachelor's,2021-07-29,4,Non-Travel,3,69750,1,2,2,1,3,No,2,1,No
715,37,Male,Single,Engineering,QA Engineer,Bachelor's,2024-03-21,1,Travel_Rarely,1,107506,1,2,1,3,4,No,4,0,Yes
716,38,Male,Married,Finance,Finance Manager,Bachelor's,2024-12-20,1,Travel_Rarely,1,81880,1,2,4,2,1,No,3,4,Yes
717,37,Male,Single,Sales,Account Manager,Bachelor's,2024-10-14,1,Travel_Rarely,12,66171,1,1,2,4,3,No,4,1,Yes
718,30,Male,Married,Customer Support,Support Team Lead,Bachelor's,2021-03-27,4,Travel_Rarely,5,49634,4,2,2,3,3,No,3,1,No
719,31,Female,Married,Engineering,QA Engineer,PhD,2025-07-31,0,Travel_Frequently,4,105033,0,5,2,4,4,No,4,4,Yes
720,37,Female,Married,Sales,Sales Manager,Master's,2016-08-06,9,Non-Travel,8,72374,1,1,4,4,4,No,4,2,No
721,47,Female,Single,Finance,Finance Manager,Bachelor's,2016-11-23,9,Non-Travel,9,95140,0,4,3,2,3,Yes,5,1,No
722,21,Male,Married,Sales,Sales Executive,High School,2024-07-07,1,Non-Travel,1,46510,0,1,2,3,1,Yes,3,1,No
723,48,Male,Married,Operations,Operations Manager,Bachelor's,2025-01-24,0,Travel_Frequently,5,48878,0,3,3,3,4,No,4,2,No
724,26,Male,Single,Sales,Sales Executive,High School,2022-12-18,3,Travel_Rarely,19,41355,3,0,1,4,4,No,4,1,No
725,34,Male,Single,Marketing,Content Specialist,High School,2025-08-19,0,Travel_Rarely,6,65289,0,4,4,4,1,No,5,2,No
726,49,Female,Married,Customer Support,Support Team Lead,Bachelor's,2024-04-21,1,Travel_Rarely,1,44090,1,1,4,3,2,No,3,3,No
727,26,Male,Single,Sales,Sales Manager,Bachelor's,2021-04-28,4,Travel_Rarely,3,69804,0,1,4,4,1,No,3,0,No
728,32,Male,Single,Operations,Operations Manager,High School,2021-07-07,4,Travel_Rarely,25,55522,0,3,3,3,4,No,3,2,Yes
729,25,Female,Single,Operations,Operations Manager,Bachelor's,2023-04-17,2,Travel_Rarely,9,50210,0,2,3,1,2,Yes,3,2,Yes
730,29,Male,Single,Engineering,Engineering Manager,Master's,2018-03-23,7,Travel_Rarely,6,154756,0,1,3,4,3,No,3,2,No
731,27,Male,Single,Finance,Financial Analyst,Bachelor's,2024-01-11,1,Travel_Rarely,17,46839,0,0,3,3,3,No,4,4,No
732,30,Male,Married,Finance,Financial Analyst,Bachelor's,2020-09-19,5,Travel_Rarely,4,49920,2,2,3,3,4,No,5,1,No
733,41,Female,Married,Finance,Finance Manager,High School,2021-09-24,4,Travel_Rarely,21,82282,0,2,3,1,4,No,1,2,No
734,33,Male,Single,Customer Support,Support Team Lead,Bachelor's,2023-12-06,2,Travel_Rarely,6,51674,0,0,4,3,3,No,3,0,No
735,38,Female,Married,Marketing,Content Specialist,Master's,2021-03-14,4,Travel_Frequently,2,71089,4,2,3,3,4,Yes,3,1,No
736,32,Female,Married,Finance,Accountant,Bachelor's,2020-01-23,5,Non-Travel,3,62650,1,1,3,1,4,Yes,3,3,No
737,43,Male,Married,Marketing,Content Specialist,High School,2022-12-30,3,Travel_Frequently,7,68680,2,1,4,3,3,No,3,4,No
738,41,Male,Married,Sales,Sales Executive,Bachelor's,2004-04-03,21,Travel_Frequently,36,75884,1,4,3,1,3,No,3,5,No
739,32,Male,Single,Engineering,Software Engineer,Master's,2022-03-20,3,Non-Travel,5,71530,2,0,2,3,3,No,3,2,No
740,39,Female,Single,Customer Support,Support Team Lead,Bachelor's,2021-06-28,4,Travel_Frequently,1,36695,0,1,3,3,4,No,4,1,Yes
741,24,Male,Single,Operations,Operations Associate,Bachelor's,2021-11-20,4,Travel_Rarely,1,33458,2,2,3,3,4,Yes,4,2,Yes
742,40,Male,Single,Sales,Account Manager,Bachelor's,2024-06-17,1,Non-Travel,12,66672,0,3,3,1,3,No,3,3,No
743,34,Female,Married,Human Resources,Recruiter,Bachelor's,2024-09-24,1,Travel_Frequently,10,65065,0,4,3,4,2,No,4,5,No
744,30,Female,Single,Engineering,QA Engineer,Bachelor's,2024-03-21,1,Travel_Frequently,12,107609,1,3,4,3,3,Yes,3,6,No
745,36,Female,Married,Sales,Sales Manager,Bachelor's,2023-08-21,2,Travel_Rarely,1,56150,0,0,3,2,3,No,3,4,No
746,40,Male,Single,Human Resources,HR Associate,Master's,2023-03-23,2,Travel_Rarely,3,41710,2,2,3,3,1,Yes,5,4,Yes
747,27,Female,Divorced,Sales,Account Manager,Bachelor's,2025-06-26,0,Travel_Rarely,17,72411,0,1,4,3,3,No,4,1,No
748,30,Male,Married,Sales,Sales Executive,Master's,2015-07-07,10,Travel_Rarely,1,56829,2,0,3,2,4,Yes,4,0,Yes
749,39,Male,Married,Engineering,Senior Engineer,Master's,2022-02-03,3,Travel_Frequently,1,93811,3,1,1,2,3,No,4,1,Yes
750,31,Male,Single,Customer Support,Support Team Lead,High School,2025-08-19,0,Non-Travel,2,41081,0,0,2,4,3,No,3,1,No
751,27,Male,Divorced,Marketing,Marketing Manager,High School,2024-01-19,1,Non-Travel,4,52583,1,6,3,2,4,No,5,0,No
752,32,Male,Married,Operations,Operations Manager,High School,2017-08-14,8,Travel_Rarely,18,63633,0,2,3,2,4,No,2,3,No
753,32,Male,Married,Marketing,Content Specialist,Master's,2025-07-24,0,Travel_Rarely,1,59299,0,3,3,4,3,Yes,4,1,No
754,30,Male,Single,Sales,Sales Manager,Master's,2023-08-27,2,Travel_Rarely,13,57834,2,1,2,4,2,No,3,2,No
755,21,Male,Divorced,Human Resources,Recruiter,Bachelor's,2024-08-19,1,Travel_Rarely,10,61235,1,1,4,2,4,No,1,2,No
756,35,Male,Single,Finance,Finance Manager,Bachelor's,2023-05-10,2,Travel_Rarely,20,82994,2,1,3,2,3,No,3,1,Yes
757,26,Male,Single,Operations,Operations Associate,Bachelor's,2021-09-20,4,Non-Travel,20,39796,1,2,3,2,2,Yes,5,2,No
758,36,Male,Single,Engineering,Engineering Manager,PhD,2021-01-02,4,Travel_Rarely,1,145287,4,4,4,1,4,Yes,4,1,Yes
759,28,Male,Single,Operations,Operations Associate,Bachelor's,2025-08-03,0,Non-Travel,1,32803,0,4,2,3,2,Yes,5,3,Yes
760,27,Male,Married,Operations,Operations Associate,Bachelor's,2018-03-24,7,Travel_Rarely,1,41286,1,1,1,4,4,No,5,1,No
761,29,Male,Single,Operations,Operations Manager,Master's,2025-03-18,0,Travel_Rarely,9,44745,0,0,4,3,3,No,3,2,No
762,35,Female,Single,Operations,Operations Associate,Master's,2021-07-12,4,Travel_Rarely,1,39896,0,2,3,4,2,No,3,2,Yes
763,29,Male,Single,Operations,Logistics Coordinator,Bachelor's,2018-07-28,7,Non-Travel,6,81128,4,1,2,4,4,No,5,3,No
764,45,Male,Divorced,Engineering,QA Engineer,Master's,2023-05-19,2,Travel_Frequently,10,112251,0,1,4,2,4,No,4,0,No
765,26,Female,Married,Operations,Logistics Coordinator,Bachelor's,2025-03-12,0,Non-Travel,12,53820,0,1,3,1,4,No,5,1,No
766,24,Female,Single,Sales,Sales Manager,Bachelor's,2022-09-18,3,Travel_Rarely,11,58076,1,4,3,2,4,No,3,1,No
767,34,Female,Married,Finance,Accountant,High School,2025-11-19,0,Travel_Rarely,2,56552,0,1,4,3,3,Yes,3,4,No
768,50,Male,Married,Human Resources,HR Manager,Bachelor's,2020-02-21,5,Travel_Rarely,5,57642,0,5,4,3,4,No,3,1,No
769,34,Female,Married,Operations,Logistics Coordinator,Bachelor's,2021-08-02,4,Non-Travel,3,63792,0,0,2,2,4,Yes,3,3,No
770,27,Female,Single,Operations,Logistics Coordinator,Bachelor's,2022-01-16,3,Travel_Rarely,18,60113,3,1,3,4,1,No,4,2,No
771,36,Female,Single,Engineering,QA Engineer,Bachelor's,2024-08-09,1,Travel_Rarely,10,116905,1,2,4,2,1,No,3,1,Yes
772,28,Male,Married,Operations,Operations Associate,Bachelor's,2025-02-03,0,Travel_Rarely,2,36926,0,1,3,3,1,No,4,2,No
773,43,Female,Single,Engineering,Senior Engineer,Bachelor's,2018-06-16,7,Non-Travel,15,97750,2,2,4,1,4,No,2,4,No
774,45,Male,Single,Human Resources,HR Manager,Master's,2025-02-25,0,Travel_Frequently,9,42853,0,6,2,3,3,No,3,2,No
775,42,Male,Single,Sales,Account Manager,High School,2024-12-04,1,Non-Travel,18,71160,1,4,2,4,4,No,4,2,No
776,36,Male,Married,Engineering,Software Engineer,Master's,2025-04-24,0,Travel_Rarely,3,55689,0,3,4,3,1,No,4,3,No
777,40,Female,Single,Engineering,Senior Engineer,Bachelor's,2018-06-24,7,Travel_Rarely,1,112987,7,1,3,1,2,Yes,3,2,No
778,26,Female,Single,Sales,Account Manager,Master's,2019-10-13,6,Travel_Rarely,2,96549,0,2,3,1,4,No,5,2,No
779,24,Male,Married,Marketing,Content Specialist,Bachelor's,2021-01-12,4,Non-Travel,1,76554,2,4,1,4,3,No,2,0,Yes
780,24,Male,Single,Customer Support,Support Team Lead,High School,2025-08-19,0,Non-Travel,4,40378,0,3,3,3,4,No,3,4,Yes
781,35,Female,Married,Customer Support,Support Associate,Bachelor's,2023-04-18,2,Non-Travel,6,32077,0,1,3,3,4,No,2,6,No
782,21,Male,Married,Customer Support,Support Team Lead,High School,2025-08-16,0,Travel_Rarely,45,45424,0,3,1,1,3,No,3,4,No
783,53,Female,Married,Engineering,QA Engineer,Master's,2023-08-23,2,Travel_Rarely,1,109693,2,2,2,2,3,Yes,3,5,Yes
784,43,Male,Married,Engineering,QA Engineer,Bachelor's,2024-04-27,1,Travel_Rarely,15,102419,1,0,1,3,3,No,3,1,No
785,26,Male,Married,Operations,Operations Manager,Master's,2024-03-12,1,Non-Travel,24,48216,1,3,3,3,3,No,3,0,Yes
786,28,Female,Married,Marketing,Marketing Associate,Master's,2021-02-25,4,Travel_Rarely,7,43306,1,1,3,3,2,No,1,1,Yes
787,30,Male,Single,Finance,Finance Manager,Bachelor's,2021-04-25,4,Travel_Rarely,1,99612,0,3,3,3,3,No,3,3,No
788,21,Female,Divorced,Operations,Operations Manager,High School,2024-09-23,1,Travel_Rarely,3,47453,1,2,3,3,3,No,3,2,No
789,41,Female,Married,Engineering,Senior Engineer,Bachelor's,2015-01-25,10,Non-Travel,7,107512,2,4,3,2,3,No,4,2,No
790,24,Female,Divorced,Marketing,Marketing Associate,Bachelor's,2021-11-12,4,Non-Travel,5,38407,3,1,3,3,2,No,4,2,No
791,44,Female,Single,Operations,Operations Manager,Master's,2025-12-05,0,Travel_Rarely,22,39909,0,1,2,4,4,No,5,1,No
792,21,Female,Single,Finance,Finance Manager,Bachelor's,2024-01-15,1,Travel_Rarely,4,75705,1,1,2,2,2,No,3,2,No
793,27,Female,Single,Engineering,Senior Engineer,Master's,2022-09-18,3,Travel_Rarely,4,97764,0,1,3,3,1,No,4,2,No
794,34,Male,Single,Marketing,Content Specialist,Master's,2025-02-17,0,Non-Travel,10,67747,0,2,2,2,1,Yes,3,4,Yes
795,32,Male,Single,Human Resources,Recruiter,Bachelor's,2025-06-20,0,Non-Travel,20,57489,0,3,4,4,2,No,2,4,Yes
796,40,Male,Single,Operations,Logistics Coordinator,Master's,2019-06-21,6,Travel_Rarely,1,80286,0,4,4,2,4,Yes,2,3,Yes
797,41,Male,Divorced,Operations,Operations Manager,Bachelor's,2022-06-10,3,Travel_Frequently,1,48145,0,1,3,2,4,No,4,3,No
798,38,Male,Single,Sales,Sales Executive,Bachelor's,2017-05-28,8,Travel_Rarely,1,58317,1,2,3,2,3,Yes,3,1,No
799,35,Female,Single,Human Resources,Recruiter,Bachelor's,2013-10-13,12,Non-Travel,1,90412,0,0,4,2,4,No,2,3,No
800,42,Male,Divorced,Sales,Sales Manager,Bachelor's,2024-03-12,1,Non-Travel,11,48085,1,2,4,3,3,No,4,3,No
801,49,Female,Single,Engineering,Software Engineer,Bachelor's,2017-02-24,8,Travel_Rarely,12,81526,1,2,4,1,3,Yes,2,4,No
802,24,Male,Single,Customer Support,Support Associate,Master's,2021-06-23,4,Travel_Rarely,2,33959,4,5,3,3,3,No,3,0,No
803,32,Male,Married,Human Resources,Recruiter,Bachelor's,2022-06-10,3,Travel_Rarely,1,71326,3,1,1,2,2,No,3,2,No
804,44,Male,Single,Operations,Logistics Coordinator,High School,2025-01-02,0,Travel_Rarely,2,55847,0,2,3,4,4,No,3,2,No
805,30,Female,Single,Finance,Finance Manager,Bachelor's,2015-04-04,10,Non-Travel,18,115697,1,3,4,3,3,Yes,4,2,No
806,33,Female,Single,Operations,Operations Manager,High School,2024-09-01,1,Travel_Rarely,1,45287,1,2,2,1,2,No,4,3,No
807,32,Female,Single,Engineering,Software Engineer,Bachelor's,2021-12-11,4,Non-Travel,14,72329,4,1,4,4,3,No,3,1,Yes
808,47,Male,Single,Engineering,Software Engineer,Master's,2024-11-25,1,Non-Travel,9,62471,0,3,3,3,4,No,4,2,Yes
809,36,Male,Single,Engineering,QA Engineer,Master's,2009-10-20,16,Travel_Rarely,7,178396,1,1,4,4,4,No,3,0,No
810,35,Male,Married,Marketing,Marketing Manager,Master's,2016-10-05,9,Travel_Frequently,1,66184,2,0,3,4,3,Yes,3,2,No
811,40,Female,Married,Operations,Logistics Coordinator,Bachelor's,2020-04-20,5,Travel_Rarely,18,66371,0,1,4,3,3,Yes,4,3,No
812,34,Female,Single,Engineering,Senior Engineer,Bachelor's,2025-03-21,0,Non-Travel,23,67416,0,1,3,4,4,No,4,1,No
813,30,Female,Single,Engineering,Senior Engineer,Bachelor's,2018-11-06,7,Travel_Rarely,1,103506,1,3,3,4,3,No,3,1,No
814,22,Male,Single,Operations,Logistics Coordinator,High School,2023-12-31,2,Travel_Frequently,1,56329,1,3,4,4,3,No,5,3,No
815,24,Male,Single,Marketing,Marketing Manager,Bachelor's,2021-11-01,4,Travel_Rarely,35,61206,0,3,4,3,4,Yes,4,2,No
816,30,Male,Married,Marketing,Content Specialist,Master's,2025-03-12,0,Non-Travel,2,66034,0,1,4,1,2,No,4,3,No
817,29,Female,Married,Engineering,Senior Engineer,High School,2016-10-22,9,Travel_Rarely,1,105556,4,3,3,4,2,No,3,2,Yes
818,29,Female,Married,Sales,Sales Manager,Master's,2019-10-10,6,Non-Travel,12,64670,2,4,1,4,1,No,4,2,No
819,43,Male,Divorced,Customer Support,Support Team Lead,Master's,2023-08-26,2,Travel_Rarely,1,52187,2,2,3,4,3,Yes,2,1,Yes
820,38,Female,Single,Engineering,QA Engineer,Master's,2024-07-08,1,Travel_Rarely,3,96061,1,2,2,4,3,No,4,1,No
821,48,Male,Single,Engineering,Engineering Manager,Master's,2024-05-23,1,Non-Travel,7,131756,1,4,4,2,3,Yes,3,3,No
822,44,Female,Single,Customer Support,Support Team Lead,Master's,2019-05-27,6,Non-Travel,16,54747,5,1,2,2,3,Yes,4,4,No
823,24,Male,Married,Engineering,Senior Engineer,Bachelor's,2023-11-05,2,Travel_Frequently,1,67562,1,3,3,3,4,Yes,3,4,Yes
824,30,Male,Married,Sales,Account Manager,Bachelor's,2025-05-04,0,Travel_Rarely,12,65937,0,1,4,4,2,Yes,3,1,No
825,22,Female,Married,Marketing,Marketing Manager,Bachelor's,2025-09-01,0,Travel_Rarely,1,56512,0,1,2,2,3,No,4,5,No
826,26,Male,Single,Operations,Logistics Coordinator,Master's,2019-12-30,6,Non-Travel,3,64532,1,2,3,3,2,No,5,1,No
827,43,Female,Married,Customer Support,Support Team Lead,High School,2024-05-04,1,Travel_Rarely,6,44048,1,2,2,4,1,No,3,2,No
828,44,Male,Married,Operations,Operations Associate,Master's,2024-05-26,1,Non-Travel,6,30922,0,0,2,2,4,No,3,1,No
829,51,Female,Married,Finance,Finance Manager,High School,2024-08-01,1,Travel_Frequently,3,74516,1,3,2,4,4,Yes,3,3,No
830,44,Female,Married,Human Resources,HR Manager,Master's,2015-03-28,10,Travel_Rarely,1,70860,0,2,4,1,2,Yes,3,3,No
831,39,Female,Married,Human Resources,HR Manager,Bachelor's,2023-12-12,2,Travel_Frequently,17,48686,1,3,3,3,4,No,2,6,No
832,35,Female,Married,Marketing,Content Specialist,Bachelor's,2021-03-02,4,Travel_Rarely,17,67321,1,2,2,4,4,No,3,2,No
833,27,Male,Married,Sales,Account Manager,Bachelor's,2024-12-21,1,Travel_Rarely,17,78344,0,3,4,3,2,No,3,2,No
834,21,Female,Married,Sales,Sales Executive,Master's,2025-04-30,0,Travel_Rarely,4,41079,0,2,3,3,4,No,3,3,No
835,27,Male,Married,Operations,Operations Manager,Bachelor's,2024-06-02,1,Travel_Rarely,10,38143,0,0,3,2,1,No,4,4,No
836,26,Male,Single,Operations,Operations Manager,Master's,2022-11-08,3,Travel_Rarely,1,48503,3,5,2,1,4,Yes,5,2,No
837,36,Female,Single,Customer Support,Support Team Lead,Master's,2019-03-12,6,Travel_Rarely,6,52261,2,2,4,1,3,Yes,4,2,No
838,46,Female,Single,Sales,Sales Executive,High School,2025-12-14,0,Non-Travel,8,43783,0,0,2,3,3,No,2,4,No
839,42,Male,Single,Finance,Finance Manager,Master's,2025-08-22,0,Non-Travel,2,71073,0,1,2,4,2,No,3,6,No
840,35,Male,Single,Customer Support,Support Team Lead,PhD,2017-03-08,8,Non-Travel,1,58337,0,2,4,2,4,No,4,0,No
841,37,Male,Divorced,Engineering,Senior Engineer,High School,2024-11-28,1,Travel_Rarely,1,80479,1,1,2,4,4,No,3,4,No
842,34,Female,Married,Customer Support,Support Associate,High School,2025-08-22,0,Non-Travel,1,31034,0,3,2,3,4,No,4,2,No
843,27,Male,Married,Operations,Operations Manager,PhD,2024-02-10,1,Non-Travel,1,42212,1,0,2,3,3,No,3,5,No
844,39,Male,Single,Customer Support,Support Team Lead,High School,2025-06-15,0,Travel_Rarely,1,37582,0,1,4,3,4,No,2,3,No
845,42,Male,Single,Engineering,Senior Engineer,Bachelor's,2023-09-04,2,Travel_Rarely,1,92035,0,2,3,3,4,Yes,4,2,No
846,31,Female,Single,Marketing,Marketing Associate,Master's,2025-11-12,0,Non-Travel,4,42517,0,2,3,4,4,No,3,3,No
847,37,Male,Married,Customer Support,Support Team Lead,Master's,2024-03-04,1,Travel_Rarely,1,40937,1,0,3,3,4,No,1,4,No
848,30,Male,Single,Sales,Sales Executive,High School,2022-05-15,3,Non-Travel,5,47023,3,2,3,4,3,No,3,3,No
849,40,Female,Married,Marketing,Content Specialist,Master's,2025-07-21,0,Travel_Rarely,3,60467,0,1,3,3,2,No,4,3,No
850,24,Male,Married,Sales,Sales Executive,High School,2021-02-05,4,Non-Travel,8,46296,3,3,3,4,3,No,4,3,Yes
851,22,Female,Married,Human Resources,HR Associate,High School,2024-07-29,1,Non-Travel,2,34944,0,2,3,3,4,No,2,0,No
852,35,Male,Single,Engineering,Software Engineer,Bachelor's,2025-07-26,0,Non-Travel,28,58496,0,3,4,2,1,Yes,3,2,No
853,40,Male,Married,Customer Support,Support Associate,Master's,2015-03-14,10,Travel_Frequently,10,48893,0,1,3,1,3,Yes,5,2,No
854,42,Male,Divorced,Operations,Operations Associate,Bachelor's,2020-11-04,5,Travel_Frequently,10,39384,5,3,3,1,4,Yes,3,2,No
855,36,Male,Single,Sales,Sales Manager,Bachelor's,2018-10-29,7,Travel_Rarely,13,74639,0,1,1,4,3,No,3,1,No
856,41,Female,Single,Human Resources,Recruiter,Bachelor's,2024-12-01,1,Travel_Rarely,1,60816,1,2,2,4,2,No,3,4,No
857,22,Female,Married,Operations,Operations Manager,Master's,2025-07-09,0,Non-Travel,10,44162,0,0,3,4,4,No,4,3,No
858,38,Male,Married,Finance,Financial Analyst,Master's,2025-12-09,0,Travel_Rarely,3,41853,0,2,2,2,4,Yes,5,1,No
859,38,Male,Single,Sales,Sales Manager,Bachelor's,2022-03-11,3,Travel_Frequently,1,54781,3,1,3,4,4,No,4,1,No
860,40,Male,Single,Customer Support,Support Associate,Bachelor's,2024-12-08,1,Travel_Rarely,2,31974,1,2,3,2,2,No,4,1,No
861,33,Female,Single,Sales,Account Manager,Bachelor's,2014-01-17,11,Travel_Rarely,1,90614,5,1,3,2,1,No,4,1,No
862,35,Female,Divorced,Customer Support,Support Team Lead,PhD,2021-04-18,4,Travel_Rarely,25,51186,0,0,4,3,4,No,3,2,No
863,30,Male,Married,Finance,Finance Manager,Bachelor's,2025-06-21,0,Travel_Rarely,2,72873,0,0,4,3,1,No,4,3,No
864,34,Female,Single,Marketing,Marketing Manager,Master's,2024-08-21,1,Travel_Frequently,3,48101,1,2,3,3,3,No,4,1,No
865,26,Female,Divorced,Sales,Account Manager,Master's,2020-10-20,5,Non-Travel,14,78633,1,2,4,2,2,Yes,3,3,No
866,32,Male,Married,Sales,Sales Executive,Master's,2013-11-02,12,Non-Travel,3,63758,0,1,4,4,3,No,4,4,No
867,37,Male,Married,Finance,Financial Analyst,Bachelor's,2017-12-30,8,Travel_Rarely,3,57054,0,3,4,4,1,No,5,4,No
868,39,Male,Divorced,Sales,Account Manager,Bachelor's,2023-10-09,2,Non-Travel,4,71765,0,2,3,1,4,No,2,3,No
869,32,Female,Married,Marketing,Marketing Manager,Bachelor's,2024-08-29,1,Non-Travel,3,41841,1,2,3,3,2,No,3,4,No
870,30,Female,Single,Customer Support,Support Associate,Master's,2022-03-03,3,Travel_Rarely,4,38307,0,0,1,3,2,Yes,1,1,Yes
871,48,Male,Single,Marketing,Content Specialist,Master's,2023-08-26,2,Non-Travel,2,69402,0,3,3,3,3,No,4,3,No
872,31,Male,Divorced,Customer Support,Support Associate,Bachelor's,2019-01-03,6,Travel_Rarely,1,41434,4,3,2,1,2,No,5,2,No
873,36,Male,Single,Engineering,Software Engineer,Bachelor's,2021-06-12,4,Travel_Rarely,12,61046,4,1,3,4,3,Yes,3,3,Yes
874,40,Male,Married,Sales,Account Manager,Bachelor's,2025-01-18,0,Travel_Rarely,9,60817,0,1,4,3,2,No,2,5,Yes
875,35,Male,Divorced,Finance,Finance Manager,Bachelor's,2024-09-18,1,Non-Travel,1,74294,0,3,2,3,3,No,3,1,No
876,45,Male,Single,Sales,Sales Manager,High School,2022-08-19,3,Travel_Rarely,7,65101,2,1,3,3,4,No,4,1,No
877,25,Male,Single,Marketing,Marketing Manager,Bachelor's,2022-03-27,3,Travel_Rarely,4,60267,0,4,2,3,4,No,3,4,Yes
878,30,Female,Married,Marketing,Marketing Associate,High School,2019-06-06,6,Travel_Rarely,7,54603,5,5,3,3,4,No,5,2,No
879,21,Female,Single,Finance,Finance Manager,PhD,2024-08-07,1,Travel_Rarely,9,72903,1,3,3,3,4,No,4,2,No
880,31,Male,Divorced,Sales,Sales Executive,Bachelor's,2024-12-11,1,Travel_Rarely,7,34220,0,3,4,4,2,No,4,1,No
881,37,Male,Single,Engineering,QA Engineer,Bachelor's,2025-11-12,0,Travel_Rarely,4,100142,0,3,4,3,2,No,4,3,Yes
882,28,Female,Single,Engineering,QA Engineer,Bachelor's,2017-12-09,8,Travel_Frequently,4,132331,3,1,4,4,4,Yes,3,4,No
883,40,Female,Married,Engineering,QA Engineer,Master's,2023-08-01,2,Non-Travel,1,103624,2,2,3,4,3,No,4,3,No
884,47,Male,Single,Human Resources,HR Manager,Bachelor's,2022-06-16,3,Travel_Frequently,2,48163,1,2,1,4,3,No,2,3,No
885,32,Female,Single,Human Resources,HR Associate,Master's,2015-06-12,10,Non-Travel,2,50523,0,2,3,3,2,Yes,2,1,No
886,35,Male,Single,Engineering,Senior Engineer,Bachelor's,2023-06-26,2,Travel_Rarely,16,91073,2,2,3,3,4,No,3,1,No
887,41,Female,Married,Engineering,Senior Engineer,Master's,2025-04-29,0,Non-Travel,13,83767,0,4,3,4,4,Yes,5,0,Yes
888,41,Male,Divorced,Sales,Sales Manager,PhD,2024-06-26,1,Non-Travel,6,53632,1,5,3,4,3,Yes,3,4,No
889,38,Male,Single,Customer Support,Support Team Lead,High School,2018-10-18,7,Travel_Frequently,9,58261,2,3,4,3,3,No,2,3,No
890,29,Male,Single,Engineering,Software Engineer,Bachelor's,2023-09-22,2,Travel_Rarely,2,60343,0,2,2,3,4,No,1,3,No
891,31,Female,Married,Engineering,Engineering Manager,Bachelor's,2023-01-26,2,Non-Travel,20,138539,0,1,4,1,4,Yes,4,0,No
892,21,Male,Married,Customer Support,Support Associate,Bachelor's,2024-04-26,1,Non-Travel,5,27777,1,1,2,2,3,No,4,2,No
893,38,Female,Married,Sales,Account Manager,High School,2024-12-30,1,Non-Travel,5,64685,1,1,1,2,2,Yes,3,3,Yes
894,27,Male,Married,Operations,Logistics Coordinator,Master's,2019-02-28,6,Travel_Rarely,8,67336,0,1,3,4,3,No,4,4,No
895,39,Female,Married,Engineering,Engineering Manager,Bachelor's,2022-05-28,3,Non-Travel,6,129991,0,1,4,2,4,No,3,2,No
896,35,Female,Single,Marketing,Marketing Manager,Bachelor's,2025-05-02,0,Travel_Rarely,2,50872,0,5,1,3,2,No,4,4,No
897,37,Male,Single,Finance,Financial Analyst,Master's,2023-01-09,2,Non-Travel,11,48923,0,3,4,2,4,No,3,1,No
898,24,Female,Single,Engineering,Senior Engineer,Bachelor's,2021-05-27,4,Non-Travel,4,90017,2,3,3,4,3,No,4,3,No
899,32,Male,Single,Sales,Account Manager,Master's,2019-05-04,6,Travel_Rarely,4,86949,2,3,3,3,3,No,3,4,No
900,31,Male,Married,Customer Support,Support Associate,Bachelor's,2023-02-21,2,Travel_Rarely,5,38092,0,3,3,2,4,No,5,1,No
901,28,Male,Married,Sales,Sales Manager,Master's,2023-07-26,2,Travel_Frequently,14,55105,2,1,3,4,4,Yes,3,2,No
902,40,Male,Single,Operations,Operations Manager,Bachelor's,2025-06-25,0,Travel_Rarely,1,46027,0,3,3,2,3,Yes,3,2,No
903,39,Female,Single,Sales,Sales Manager,Master's,2023-02-19,2,Travel_Rarely,2,53005,2,1,2,2,2,No,2,3,Yes
904,35,Male,Married,Human Resources,HR Associate,Bachelor's,2024-05-01,1,Non-Travel,8,39176,1,3,3,3,4,No,3,2,No
905,39,Male,Married,Engineering,Senior Engineer,Bachelor's,2025-04-10,0,Travel_Rarely,6,77620,0,0,2,4,3,No,3,0,No
906,34,Female,Single,Operations,Operations Associate,Bachelor's,2024-07-26,1,Non-Travel,1,31311,1,2,3,2,1,No,4,0,No
907,32,Male,Married,Marketing,Content Specialist,Bachelor's,2025-08-31,0,Travel_Frequently,15,60154,0,5,3,4,4,No,4,2,No
908,31,Male,Divorced,Customer Support,Support Team Lead,Master's,2025-12-06,0,Travel_Rarely,4,45459,0,1,2,2,2,Yes,4,6,No
909,26,Male,Married,Operations,Operations Associate,Master's,2025-12-01,0,Travel_Rarely,19,38976,0,2,3,4,3,Yes,2,3,No
910,24,Female,Divorced,Sales,Sales Executive,Bachelor's,2021-02-16,4,Travel_Rarely,15,49461,3,2,2,4,1,Yes,4,0,No
911,24,Male,Married,Operations,Operations Manager,Bachelor's,2023-09-19,2,Non-Travel,2,49145,2,3,2,3,3,Yes,3,1,No
912,36,Female,Married,Finance,Finance Manager,Master's,2022-06-27,3,Travel_Rarely,8,84358,2,7,1,4,4,No,2,3,No
913,38,Female,Married,Engineering,Senior Engineer,Bachelor's,2007-04-21,18,Travel_Rarely,18,136105,3,0,3,3,4,No,4,6,No
914,24,Male,Single,Sales,Sales Executive,Master's,2021-06-27,4,Travel_Frequently,22,49765,0,1,3,3,3,No,4,3,No
915,32,Male,Single,Finance,Financial Analyst,Bachelor's,2017-12-17,8,Travel_Frequently,7,59026,3,0,2,4,3,Yes,3,2,No
916,39,Female,Divorced,Finance,Financial Analyst,Master's,2023-01-25,2,Non-Travel,1,44360,0,2,3,1,2,No,2,4,Yes
917,33,Female,Divorced,Engineering,Senior Engineer,Bachelor's,2017-06-12,8,Travel_Frequently,5,108769,0,1,2,4,3,Yes,4,1,No
918,28,Male,Single,Finance,Financial Analyst,High School,2017-08-12,8,Non-Travel,1,53835,3,2,4,4,2,No,4,2,No
919,29,Male,Married,Engineering,Software Engineer,Master's,2025-12-14,0,Non-Travel,1,54120,0,2,3,1,2,No,2,2,No
920,21,Female,Married,Customer Support,Support Team Lead,High School,2024-04-29,1,Travel_Rarely,4,43498,1,2,1,4,3,Yes,4,1,Yes
921,21,Female,Single,Customer Support,Support Associate,Bachelor's,2024-11-14,1,Travel_Rarely,14,27184,1,2,2,4,4,No,2,5,Yes
922,29,Male,Single,Engineering,Engineering Manager,Bachelor's,2025-11-08,0,Travel_Rarely,9,117587,0,2,4,2,4,Yes,3,1,No
923,22,Female,Single,Sales,Sales Manager,Bachelor's,2025-05-01,0,Travel_Frequently,1,51414,0,4,1,4,3,No,3,2,Yes
924,25,Female,Married,Engineering,QA Engineer,Bachelor's,2024-04-26,1,Travel_Rarely,3,81170,1,3,3,3,2,No,5,2,No
925,35,Male,Single,Engineering,Engineering Manager,High School,2023-08-09,2,Non-Travel,6,122187,2,1,3,1,4,Yes,3,1,No
926,36,Male,Single,Engineering,Senior Engineer,Master's,2025-01-28,0,Non-Travel,1,79758,0,1,3,4,3,No,4,3,No
927,41,Male,Married,Operations,Logistics Coordinator,Bachelor's,2024-01-30,1,Travel_Rarely,2,58760,1,2,2,3,2,No,3,3,No
928,34,Male,Single,Operations,Operations Manager,PhD,2019-04-05,6,Non-Travel,7,58582,6,2,3,3,4,No,4,1,Yes
929,48,Male,Single,Sales,Account Manager,High School,2024-02-25,1,Travel_Rarely,27,73251,1,2,3,3,1,No,2,1,No
930,37,Male,Married,Customer Support,Support Team Lead,High School,2017-09-11,8,Non-Travel,1,58800,2,2,3,3,4,No,3,3,No
931,29,Male,Divorced,Operations,Operations Associate,Bachelor's,2024-01-20,1,Travel_Rarely,1,35891,0,0,2,3,3,Yes,3,3,No
932,43,Male,Single,Engineering,QA Engineer,Master's,2025-02-26,0,Travel_Rarely,3,107166,0,1,3,4,3,No,5,1,No
933,21,Female,Married,Operations,Operations Associate,Bachelor's,2024-11-23,1,Travel_Rarely,1,34455,1,3,3,3,4,Yes,4,6,No
934,30,Male,Single,Human Resources,HR Associate,High School,2023-11-05,2,Travel_Rarely,13,34847,0,3,3,3,2,No,2,6,No
935,26,Male,Single,Finance,Financial Analyst,Master's,2021-11-23,4,Travel_Rarely,20,55077,0,1,3,3,1,Yes,4,3,No
936,21,Female,Single,Operations,Operations Manager,Bachelor's,2024-07-07,1,Travel_Rarely,3,49772,1,4,3,3,4,No,4,3,Yes
937,33,Male,Single,Operations,Operations Associate,Bachelor's,2025-12-31,0,Non-Travel,5,38060,0,2,4,3,4,No,2,0,No
938,28,Female,Divorced,Engineering,Software Engineer,Bachelor's,2017-11-13,8,Non-Travel,2,79348,0,6,4,3,3,Yes,3,2,No
939,22,Male,Divorced,Engineering,Senior Engineer,Master's,2023-07-16,2,Travel_Rarely,9,75491,0,3,4,4,2,No,4,1,Yes
940,25,Male,Married,Customer Support,Support Associate,Bachelor's,2020-03-05,5,Travel_Rarely,1,45659,0,0,2,3,3,Yes,3,2,No
941,31,Male,Married,Marketing,Marketing Associate,Bachelor's,2020-09-23,5,Travel_Rarely,13,37805,3,1,3,3,4,No,3,2,No
942,21,Female,Married,Engineering,QA Engineer,Bachelor's,2024-06-13,1,Travel_Rarely,7,99840,1,2,3,4,4,No,4,1,No
943,21,Female,Married,Engineering,Software Engineer,Bachelor's,2025-05-30,0,Travel_Rarely,2,61579,0,0,3,3,4,No,5,2,Yes
944,33,Female,Married,Operations,Operations Associate,Master's,2022-07-15,3,Travel_Rarely,4,41783,1,3,4,1,3,No,3,2,No
945,35,Female,Single,Marketing,Marketing Associate,PhD,2023-12-23,2,Non-Travel,1,40441,0,1,3,3,1,No,2,1,No
946,42,Female,Married,Customer Support,Support Associate,Bachelor's,2019-04-13,6,Travel_Rarely,2,36082,0,1,4,4,3,No,3,2,No
947,21,Male,Single,Engineering,Engineering Manager,PhD,2024-03-05,1,Non-Travel,9,96369,1,2,2,3,3,No,4,2,No
948,21,Male,Married,Engineering,Senior Engineer,PhD,2024-12-14,1,Travel_Rarely,1,73705,1,2,4,3,3,No,4,2,No
949,30,Male,Married,Engineering,Software Engineer,Bachelor's,2024-08-13,1,Travel_Rarely,11,62324,0,2,3,4,3,No,4,1,No
950,38,Male,Single,Finance,Financial Analyst,Bachelor's,2024-03-20,1,Non-Travel,7,49066,1,2,4,4,3,Yes,3,4,No
951,50,Male,Single,Operations,Operations Manager,Bachelor's,2025-03-29,0,Travel_Rarely,8,45955,0,2,2,3,1,Yes,3,5,No
952,43,Male,Married,Marketing,Content Specialist,Bachelor's,2024-06-27,1,Travel_Rarely,3,65502,1,4,4,4,4,No,4,0,No
953,27,Female,Single,Sales,Account Manager,Bachelor's,2025-07-11,0,Non-Travel,3,70962,0,0,3,3,1,Yes,4,3,Yes
954,38,Male,Married,Sales,Sales Executive,Bachelor's,2025-02-09,0,Travel_Rarely,2,38337,0,1,3,4,3,No,3,1,No
955,21,Female,Married,Finance,Finance Manager,Master's,2024-07-11,1,Travel_Rarely,4,75081,1,3,3,3,2,No,3,4,No
956,28,Female,Single,Operations,Logistics Coordinator,Bachelor's,2023-09-15,2,Non-Travel,7,54808,0,1,4,2,4,No,3,2,No
957,40,Male,Married,Sales,Sales Executive,Bachelor's,2018-02-09,7,Travel_Rarely,12,51810,0,2,4,1,2,Yes,3,3,No
958,31,Male,Single,Engineering,Engineering Manager,Master's,2014-08-27,11,Non-Travel,1,162364,4,2,2,3,3,No,4,4,No
959,35,Male,Divorced,Engineering,QA Engineer,Bachelor's,2025-08-02,0,Travel_Rarely,2,96042,0,3,1,4,3,No,4,2,Yes
960,25,Female,Single,Marketing,Content Specialist,Master's,2025-10-13,0,Travel_Rarely,4,64955,0,1,3,4,3,No,5,3,No
961,35,Male,Single,Engineering,Senior Engineer,Master's,2025-07-20,0,Travel_Rarely,2,87267,0,1,4,3,4,Yes,2,3,No
962,27,Male,Single,Sales,Sales Manager,Master's,2024-09-14,1,Non-Travel,6,62435,1,3,2,3,4,Yes,2,0,No
963,26,Female,Divorced,Engineering,Senior Engineer,High School,2025-05-20,0,Travel_Rarely,45,83509,0,2,3,1,4,No,5,3,No
964,29,Male,Single,Marketing,Content Specialist,Bachelor's,2018-05-08,7,Non-Travel,3,87126,2,3,4,3,4,No,2,3,No
965,45,Female,Single,Customer Support,Support Team Lead,Master's,2021-12-05,4,Travel_Frequently,6,52585,2,2,4,4,3,No,3,1,Yes
966,41,Female,Single,Sales,Sales Executive,Master's,2025-10-26,0,Non-Travel,23,40310,0,2,4,3,2,No,3,2,No
967,37,Female,Married,Engineering,Senior Engineer,Master's,2021-11-19,4,Non-Travel,19,99404,4,1,3,4,3,No,4,1,No
968,39,Male,Single,Customer Support,Support Associate,Master's,2024-03-27,1,Travel_Rarely,5,30876,1,4,3,3,3,No,3,0,No
969,21,Male,Married,Sales,Sales Manager,Bachelor's,2024-01-04,1,Travel_Rarely,2,58813,1,6,2,1,1,No,2,0,No
970,21,Male,Single,Human Resources,Recruiter,PhD,2024-06-16,1,Travel_Rarely,1,64802,1,3,2,2,3,No,4,3,No
971,21,Female,Single,Human Resources,Recruiter,Master's,2025-01-28,0,Non-Travel,10,64402,0,3,1,3,2,No,3,6,Yes
972,36,Male,Married,Sales,Sales Executive,Master's,2022-01-10,3,Non-Travel,2,46564,3,3,4,2,4,No,4,2,No
973,43,Male,Married,Engineering,Engineering Manager,Master's,2025-03-27,0,Non-Travel,7,112743,0,1,3,2,1,No,4,0,Yes
974,29,Male,Married,Sales,Sales Manager,Master's,2016-03-31,9,Non-Travel,4,76577,1,4,4,1,4,No,5,3,No
975,41,Female,Single,Engineering,Senior Engineer,Bachelor's,2018-08-05,7,Non-Travel,8,98285,1,5,4,3,3,No,4,2,No
976,35,Male,Married,Finance,Financial Analyst,Master's,2021-01-18,4,Travel_Frequently,25,51654,1,2,2,3,2,No,5,6,No
977,33,Female,Single,Sales,Sales Executive,Master's,2018-11-18,7,Travel_Frequently,6,53330,0,1,3,3,4,No,3,5,No
978,29,Female,Married,Sales,Sales Executive,Bachelor's,2025-01-26,0,Non-Travel,12,34810,0,1,3,2,4,No,4,2,No
979,32,Male,Divorced,Operations,Logistics Coordinator,Bachelor's,2016-04-02,9,Travel_Rarely,1,73314,2,3,4,4,3,Yes,4,0,No
980,28,Male,Single,Customer Support,Support Associate,High School,2023-04-25,2,Non-Travel,2,29877,0,5,3,3,4,No,4,5,No
981,33,Male,Single,Engineering,Software Engineer,Bachelor's,2025-07-28,0,Travel_Frequently,1,49329,0,4,2,4,4,Yes,3,2,No
982,41,Female,Married,Human Resources,HR Manager,Bachelor's,2022-06-21,3,Non-Travel,9,51388,3,2,2,4,4,No,5,3,No
983,29,Male,Married,Operations,Logistics Coordinator,Bachelor's,2023-04-26,2,Non-Travel,21,56350,1,4,3,4,3,No,4,4,No
984,39,Female,Single,Customer Support,Support Associate,Master's,2024-04-04,1,Travel_Frequently,1,30969,1,3,4,2,3,No,3,0,No
985,34,Male,Single,Human Resources,HR Manager,Bachelor's,2023-10-26,2,Non-Travel,12,46886,1,3,2,4,4,No,4,1,No
986,28,Male,Married,Sales,Sales Executive,Bachelor's,2024-11-15,1,Travel_Frequently,1,38039,1,1,3,2,1,No,4,3,No
987,41,Female,Married,Marketing,Marketing Manager,Bachelor's,2023-12-14,2,Travel_Rarely,4,52370,0,1,2,3,4,Yes,4,3,Yes
988,24,Male,Married,Marketing,Content Specialist,Master's,2022-04-07,3,Non-Travel,1,75773,2,3,3,1,3,No,4,2,No
989,37,Male,Single,Engineering,Senior Engineer,High School,2020-10-15,5,Travel_Rarely,5,87721,0,2,4,3,4,No,4,3,No
990,29,Female,Single,Finance,Financial Analyst,Bachelor's,2019-11-25,6,Travel_Rarely,32,57310,0,1,3,4,2,No,1,2,Yes
991,34,Male,Divorced,Finance,Finance Manager,High School,2020-11-13,5,Travel_Rarely,2,91385,1,3,2,3,3,No,4,3,No
992,34,Male,Single,Customer Support,Support Associate,Master's,2023-12-08,2,Non-Travel,2,35995,2,1,2,3,2,No,1,6,No
993,35,Male,Single,Operations,Operations Associate,Master's,2025-09-29,0,Travel_Rarely,4,37057,0,4,3,3,4,No,3,6,No
994,42,Male,Married,Engineering,Engineering Manager,Master's,2025-08-05,0,Travel_Rarely,5,117657,0,2,4,3,3,No,3,1,No
995,35,Male,Divorced,Engineering,QA Engineer,Bachelor's,2013-12-07,12,Travel_Rarely,1,154393,0,1,1,4,3,No,2,0,No
996,35,Male,Single,Operations,Operations Manager,Master's,2025-02-14,0,Non-Travel,4,48096,0,0,2,3,4,No,5,2,No
997,35,Female,Single,Human Resources,HR Manager,Bachelor's,2021-03-14,4,Travel_Rarely,1,47420,4,0,4,2,4,Yes,5,0,Yes
998,45,Female,Divorced,Engineering,Software Engineer,Bachelor's,2023-03-29,2,Travel_Rarely,1,59491,0,3,3,2,3,Yes,4,2,Yes
999,38,Female,Married,Operations,Logistics Coordinator,High School,2023-03-26,2,Non-Travel,35,63202,2,3,3,1,3,No,5,5,No
1000,22,Male,Single,Operations,Operations Associate,Bachelor's,2025-01-08,0,Travel_Rarely,16,38442,0,1,4,4,1,No,3,1,No
1001,23,Male,Single,Sales,Account Manager,Master's,2022-06-29,3,Travel_Rarely,7,80560,3,0,2,2,4,Yes,2,6,No
1002,32,Male,Married,Engineering,Senior Engineer,Master's,2025-10-13,0,Travel_Rarely,2,71182,0,0,3,3,4,No,4,4,No
1003,33,Female,Divorced,Engineering,Engineering Manager,Master's,2025-03-11,0,Non-Travel,1,121447,0,2,3,4,4,No,3,2,No
1004,31,Male,Married,Human Resources,HR Associate,Bachelor's,2020-05-09,5,Non-Travel,1,46231,0,3,4,3,4,No,4,3,No
1005,37,Male,Married,Customer Support,Support Associate,Bachelor's,2024-08-20,1,Travel_Frequently,1,36115,1,0,2,3,3,Yes,3,4,No
1006,38,Male,Married,Sales,Account Manager,Bachelor's,2024-08-15,1,Travel_Rarely,1,63740,0,2,3,3,3,No,3,2,No
1007,25,Female,Single,Engineering,Senior Engineer,Bachelor's,2024-08-05,1,Non-Travel,2,87606,1,1,2,4,2,No,4,3,No
1008,37,Female,Married,Operations,Operations Associate,High School,2024-02-21,1,Travel_Frequently,6,33992,0,0,3,1,2,No,3,2,Yes
1009,51,Male,Married,Sales,Account Manager,Master's,2013-08-14,12,Travel_Rarely,21,105162,1,3,2,3,2,Yes,3,5,No
1010,26,Male,Married,Engineering,Engineering Manager,Master's,2023-01-11,2,Travel_Rarely,33,139058,2,3,1,4,4,No,4,1,No
1011,31,Male,Married,Engineering,Engineering Manager,Master's,2023-07-24,2,Non-Travel,3,117163,1,2,3,3,4,No,3,1,No
1012,42,Female,Single,Sales,Sales Manager,High School,2025-05-12,0,Travel_Rarely,3,48332,0,7,4,2,1,Yes,3,2,Yes
1013,32,Male,Single,Customer Support,Support Associate,Bachelor's,2016-05-13,9,Travel_Rarely,28,45749,0,2,4,4,4,No,3,1,No
1014,29,Male,Married,Sales,Sales Manager,Bachelor's,2023-08-03,2,Travel_Rarely,6,62519,1,1,3,4,2,No,3,1,No
1015,21,Male,Married,Engineering,Engineering Manager,Bachelor's,2024-09-11,1,Travel_Rarely,4,136233,0,0,3,2,2,No,3,0,No
1016,29,Male,Married,Sales,Account Manager,Bachelor's,2025-12-26,0,Travel_Rarely,1,58537,0,2,2,3,4,Yes,3,1,No
1017,38,Female,Married,Sales,Sales Manager,Master's,2025-04-13,0,Travel_Rarely,5,55793,0,4,2,2,4,No,3,1,No
1018,32,Female,Single,Engineering,QA Engineer,High School,2022-04-13,3,Travel_Rarely,3,94832,1,3,2,3,1,Yes,3,0,No
1019,33,Male,Single,Operations,Logistics Coordinator,High School,2021-12-27,4,Travel_Rarely,1,66106,1,2,3,1,1,Yes,4,0,No
1020,29,Male,Married,Sales,Sales Executive,Bachelor's,2019-06-02,6,Non-Travel,2,45710,0,4,3,2,2,No,3,2,No
1021,34,Female,Single,Customer Support,Support Team Lead,High School,2023-04-15,2,Non-Travel,2,48645,1,4,4,3,3,No,2,5,Yes
1022,26,Female,Married,Finance,Finance Manager,Bachelor's,2023-11-02,2,Travel_Rarely,12,76238,2,2,2,4,3,No,3,2,Yes
1023,28,Male,Married,Sales,Sales Executive,PhD,2025-02-19,0,Non-Travel,1,44254,0,4,1,4,3,No,3,1,No
1024,26,Male,Married,Sales,Account Manager,Master's,2019-11-04,6,Travel_Rarely,10,88993,0,1,2,3,1,Yes,3,3,No
1025,26,Female,Married,Engineering,Engineering Manager,High School,2022-08-31,3,Travel_Rarely,1,138385,0,2,2,1,2,No,3,2,No
1026,24,Female,Married,Operations,Operations Manager,Bachelor's,2021-07-20,4,Travel_Rarely,1,61098,2,2,3,3,3,No,4,3,No
1027,30,Female,Single,Customer Support,Support Associate,Master's,2017-02-25,8,Travel_Rarely,5,43622,2,2,3,3,2,Yes,3,3,No
1028,49,Female,Married,Sales,Account Manager,High School,2018-02-04,7,Travel_Frequently,15,87223,0,6,2,3,3,Yes,3,3,No
1029,46,Female,Single,Operations,Operations Associate,Bachelor's,2022-04-09,3,Travel_Frequently,1,37586,1,2,3,3,3,No,4,1,No
1030,31,Male,Single,Engineering,Senior Engineer,Bachelor's,2022-03-31,3,Travel_Frequently,13,90496,1,0,3,3,3,Yes,3,3,No
1031,41,Female,Single,Sales,Sales Executive,Bachelor's,2025-06-09,0,Travel_Rarely,2,39044,0,0,4,2,4,No,3,5,No
1032,32,Male,Married,Customer Support,Support Associate,Master's,2016-08-24,9,Non-Travel,14,39144,0,2,4,2,4,No,4,6,No
1033,47,Female,Married,Customer Support,Support Associate,Bachelor's,2022-08-09,3,Travel_Frequently,3,34640,2,1,3,1,4,No,3,2,No
1034,34,Female,Divorced,Marketing,Marketing Associate,Bachelor's,2024-04-08,1,Travel_Rarely,12,32698,0,4,4,1,4,No,3,1,No
1035,21,Male,Single,Operations,Logistics Coordinator,Bachelor's,2024-09-06,1,Travel_Rarely,12,71598,0,1,1,3,4,Yes,3,2,Yes
1036,41,Male,Single,Marketing,Content Specialist,Bachelor's,2021-08-17,4,Non-Travel,4,78921,2,2,3,4,2,Yes,3,2,Yes
1037,22,Male,Single,Human Resources,HR Manager,Bachelor's,2023-05-18,2,Travel_Rarely,6,54916,0,1,1,3,4,No,3,6,No
1038,36,Female,Married,Operations,Operations Manager,Bachelor's,2024-06-13,1,Non-Travel,9,46167,0,0,4,4,2,Yes,4,1,Yes
1039,33,Female,Single,Finance,Accountant,Bachelor's,2021-12-06,4,Travel_Rarely,15,71114,1,2,1,2,3,No,4,3,No
1040,31,Male,Divorced,Marketing,Content Specialist,Bachelor's,2022-05-11,3,Travel_Rarely,20,74310,0,1,3,1,2,No,3,2,No
1041,29,Male,Single,Human Resources,Recruiter,Bachelor's,2024-05-18,1,Travel_Rarely,1,60522,1,2,4,4,2,No,2,1,Yes
1042,37,Female,Single,Engineering,Senior Engineer,Master's,2025-03-14,0,Travel_Rarely,1,83875,0,8,3,4,3,No,3,1,No
1043,34,Female,Married,Marketing,Marketing Manager,Bachelor's,2020-01-04,5,Travel_Rarely,1,52917,2,2,1,4,3,No,3,3,Yes
1044,41,Female,Married,Sales,Sales Executive,Master's,2021-10-13,4,Travel_Rarely,1,46775,0,2,4,4,3,No,2,2,No
1045,34,Male,Divorced,Sales,Sales Manager,Bachelor's,2012-12-20,13,Non-Travel,6,80319,1,4,2,2,3,Yes,4,0,Yes
1046,28,Female,Single,Customer Support,Support Team Lead,Master's,2017-07-31,8,Travel_Frequently,3,44920,0,3,4,4,2,No,4,3,No
1047,25,Male,Single,Customer Support,Support Associate,PhD,2020-06-29,5,Travel_Rarely,1,41263,2,5,3,4,2,No,3,2,Yes
1048,21,Male,Married,Engineering,Software Engineer,High School,2024-08-14,1,Travel_Rarely,15,63250,1,3,2,2,2,No,5,0,No
1049,38,Male,Single,Customer Support,Support Associate,High School,2025-08-26,0,Travel_Rarely,4,34024,0,3,4,4,2,No,4,0,No
1050,21,Female,Single,Sales,Sales Manager,PhD,2025-11-20,0,Non-Travel,11,45430,0,1,3,2,4,Yes,5,4,Yes
1051,38,Male,Married,Customer Support,Support Associate,Bachelor's,2024-10-07,1,Travel_Frequently,8,33384,1,3,4,1,3,Yes,2,3,No
1052,27,Female,Married,Finance,Finance Manager,High School,2024-09-20,1,Travel_Rarely,1,78275,1,4,3,4,4,No,4,1,No
1053,45,Female,Married,Customer Support,Support Team Lead,Bachelor's,2024-05-23,1,Travel_Rarely,8,40246,0,2,4,2,4,No,3,1,No
1054,27,Female,Divorced,Sales,Account Manager,High School,2021-05-27,4,Non-Travel,3,74839,3,1,1,2,4,No,3,5,No
1055,29,Male,Married,Customer Support,Support Associate,Master's,2023-05-15,2,Travel_Rarely,26,38499,2,3,3,4,2,Yes,2,2,Yes
1056,34,Female,Single,Engineering,Software Engineer,Bachelor's,2016-01-11,9,Non-Travel,24,104103,5,1,3,4,4,No,3,2,No
1057,32,Female,Married,Human Resources,HR Manager,Master's,2021-05-15,4,Travel_Frequently,2,48938,1,3,3,3,3,Yes,2,2,Yes
1058,51,Male,Married,Customer Support,Support Team Lead,High School,2020-04-11,5,Non-Travel,9,53893,2,0,2,3,3,No,3,5,No
1059,54,Male,Single,Sales,Sales Manager,PhD,2025-02-07,0,Travel_Rarely,15,59144,0,1,3,2,3,No,4,1,Yes
1060,29,Female,Married,Operations,Operations Associate,Master's,2016-01-04,9,Travel_Rarely,1,45369,2,3,3,4,3,Yes,4,0,No
1061,42,Male,Married,Operations,Logistics Coordinator,Bachelor's,2017-10-01,8,Travel_Rarely,4,80033,2,1,1,3,4,No,5,1,No
1062,33,Male,Single,Customer Support,Support Associate,Master's,2024-11-27,1,Travel_Frequently,15,28096,0,1,3,2,4,No,4,2,No
1063,21,Female,Divorced,Operations,Operations Manager,Bachelor's,2024-02-04,1,Travel_Rarely,5,44015,0,1,3,3,4,No,5,1,No
1064,44,Male,Single,Human Resources,HR Associate,Bachelor's,2011-05-06,14,Non-Travel,1,51210,5,0,3,4,2,No,4,3,No
1065,43,Male,Married,Sales,Account Manager,Bachelor's,2018-02-03,7,Travel_Rarely,28,105393,0,2,2,4,2,Yes,5,2,Yes
1066,44,Male,Single,Marketing,Content Specialist,Master's,2023-10-08,2,Travel_Rarely,12,66827,1,1,3,3,3,Yes,3,1,No
1067,33,Male,Single,Finance,Accountant,Bachelor's,2017-11-15,8,Travel_Rarely,6,77572,0,1,4,1,4,Yes,3,2,No
1068,23,Female,Divorced,Engineering,QA Engineer,Master's,2024-03-30,1,Travel_Frequently,17,101045,1,4,2,2,3,No,3,2,No
1069,43,Female,Single,Sales,Sales Manager,Master's,2024-03-20,1,Travel_Rarely,1,57634,1,1,3,2,3,Yes,4,3,No
1070,33,Female,Married,Human Resources,HR Manager,Bachelor's,2022-10-01,3,Non-Travel,8,57729,1,2,3,3,4,Yes,3,4,No
1071,38,Female,Married,Engineering,Software Engineer,Master's,2019-11-16,6,Non-Travel,1,76406,0,3,3,4,3,No,3,2,No
1072,46,Female,Single,Marketing,Content Specialist,Bachelor's,2018-08-03,7,Travel_Rarely,18,81404,0,3,1,3,2,No,3,2,No
1073,43,Female,Married,Engineering,QA Engineer,Master's,2025-03-17,0,Travel_Rarely,26,93618,0,2,2,1,4,Yes,4,1,No
1074,37,Male,Married,Sales,Sales Executive,Bachelor's,2022-01-08,3,Travel_Frequently,6,46146,3,2,4,1,2,Yes,5,0,No
1075,29,Male,Single,Marketing,Marketing Associate,Master's,2023-02-15,2,Travel_Rarely,2,45093,0,0,4,4,1,No,4,1,Yes
1076,25,Male,Single,Customer Support,Support Team Lead,PhD,2022-12-17,3,Non-Travel,6,52487,3,0,3,4,4,No,2,1,No
1077,29,Male,Single,Sales,Sales Executive,Bachelor's,2021-01-26,4,Travel_Rarely,23,50442,2,3,4,4,2,No,4,1,Yes
1078,40,Female,Single,Customer Support,Support Team Lead,Bachelor's,2014-07-13,11,Non-Travel,24,68802,5,2,4,4,3,No,3,1,No
1079,41,Female,Single,Marketing,Content Specialist,Bachelor's,2020-10-02,5,Travel_Rarely,11,81418,0,4,4,3,4,Yes,3,4,No
1080,35,Male,Single,Customer Support,Support Associate,Bachelor's,2021-03-22,4,Travel_Rarely,1,35059,0,2,2,4,3,No,4,2,No
1081,40,Male,Single,Sales,Sales Manager,Master's,2014-03-08,11,Travel_Rarely,8,84715,1,0,4,3,2,No,1,4,No
1082,23,Male,Married,Sales,Account Manager,High School,2022-01-19,3,Non-Travel,2,80581,1,1,2,3,3,No,2,6,No
1083,30,Male,Single,Finance,Accountant,Master's,2025-03-16,0,Travel_Rarely,2,58227,0,0,4,1,4,Yes,4,2,Yes
1084,35,Male,Single,Sales,Account Manager,Bachelor's,2024-07-28,1,Travel_Rarely,1,74101,0,1,4,3,1,Yes,4,1,Yes
1085,39,Male,Married,Sales,Account Manager,Master's,2019-08-25,6,Non-Travel,23,86294,0,2,3,4,4,No,3,4,No
1086,27,Female,Divorced,Customer Support,Support Team Lead,Master's,2023-03-17,2,Travel_Rarely,9,41524,2,1,4,3,4,Yes,3,3,No
1087,46,Female,Single,Operations,Operations Manager,Bachelor's,2025-04-22,0,Travel_Rarely,2,49384,0,4,2,2,3,No,3,5,No
1088,41,Female,Married,Engineering,Engineering Manager,Bachelor's,2013-08-30,12,Non-Travel,7,172945,0,1,3,4,3,No,4,3,No
1089,35,Female,Single,Marketing,Marketing Manager,Master's,2025-05-05,0,Travel_Rarely,1,47895,0,2,4,3,3,Yes,3,3,Yes
1090,21,Female,Married,Marketing,Marketing Associate,Bachelor's,2024-04-06,1,Non-Travel,10,39990,0,2,3,4,3,Yes,4,3,Yes
1091,41,Female,Single,Sales,Sales Executive,PhD,2021-10-09,4,Non-Travel,10,47692,0,6,4,2,4,No,3,0,No
1092,33,Female,Single,Human Resources,Recruiter,Bachelor's,2025-02-03,0,Travel_Rarely,15,59526,0,1,4,1,3,Yes,4,1,No
1093,23,Female,Divorced,Sales,Sales Manager,Bachelor's,2024-10-06,1,Non-Travel,2,60443,0,2,4,4,4,Yes,4,1,Yes
1094,21,Female,Single,Customer Support,Support Team Lead,Master's,2024-12-30,1,Non-Travel,6,39342,1,2,3,4,4,No,3,2,No
1095,28,Female,Single,Sales,Account Manager,Bachelor's,2021-12-04,4,Non-Travel,13,78037,0,3,3,3,4,No,1,2,No
1096,31,Female,Single,Marketing,Marketing Associate,Master's,2025-03-29,0,Non-Travel,5,33860,0,2,2,3,4,Yes,5,2,No
1097,32,Female,Married,Finance,Financial Analyst,Bachelor's,2021-08-16,4,Travel_Rarely,8,52083,4,4,2,4,3,No,3,3,No
1098,37,Female,Single,Customer Support,Support Team Lead,Bachelor's,2020-12-21,5,Travel_Rarely,3,60383,1,1,3,2,4,No,4,1,No
1099,28,Female,Single,Operations,Operations Manager,Master's,2024-12-09,1,Travel_Rarely,11,39804,0,0,2,3,1,No,4,1,Yes
1100,29,Female,Single,Sales,Sales Executive,Master's,2025-02-28,0,Travel_Rarely,4,42621,0,1,3,2,3,No,3,3,No
1101,23,Female,Married,Marketing,Content Specialist,Bachelor's,2025-03-20,0,Travel_Frequently,3,61820,0,0,1,2,2,No,3,1,Yes
1102,27,Female,Single,Sales,Account Manager,Bachelor's,2021-08-02,4,Travel_Rarely,18,76962,4,6,3,2,4,No,4,3,No
1103,24,Male,Married,Sales,Account Manager,Master's,2024-02-03,1,Travel_Rarely,6,67660,1,0,4,3,4,No,2,1,No
1104,35,Female,Single,Sales,Account Manager,Bachelor's,2023-01-29,2,Travel_Rarely,1,73242,2,2,4,3,3,No,1,0,No
1105,39,Male,Married,Customer Support,Support Team Lead,Master's,2025-05-10,0,Non-Travel,8,38921,0,5,3,4,3,No,4,1,No
1106,38,Male,Single,Marketing,Marketing Manager,Master's,2015-02-15,10,Non-Travel,4,64467,0,1,3,4,4,No,3,2,No
1107,30,Female,Married,Marketing,Marketing Manager,Master's,2023-06-06,2,Non-Travel,1,51491,0,0,2,3,4,No,4,0,Yes
1108,25,Male,Single,Finance,Finance Manager,Master's,2023-03-06,2,Non-Travel,9,85359,1,7,2,4,4,No,3,0,No
1109,30,Female,Single,Customer Support,Support Associate,Master's,2021-05-19,4,Travel_Frequently,5,35484,0,1,3,4,4,Yes,3,0,No
1110,31,Male,Single,Human Resources,HR Manager,High School,2025-07-30,0,Non-Travel,8,46799,0,1,4,2,2,Yes,3,4,Yes
1111,48,Male,Married,Finance,Finance Manager,Bachelor's,2023-05-18,2,Travel_Frequently,4,72474,2,1,3,4,2,No,3,3,No
1112,40,Female,Single,Marketing,Marketing Manager,Master's,2023-01-09,2,Travel_Rarely,1,55963,1,2,3,2,3,Yes,4,1,Yes
1113,29,Female,Married,Customer Support,Support Associate,Bachelor's,2022-10-16,3,Travel_Rarely,20,43315,0,3,4,3,3,No,3,1,No
1114,36,Female,Divorced,Finance,Accountant,Master's,2022-05-30,3,Travel_Rarely,14,68998,0,2,2,2,3,No,5,1,No
1115,30,Male,Divorced,Sales,Sales Manager,Bachelor's,2020-11-11,5,Travel_Rarely,5,55517,5,2,3,4,4,No,3,0,No
1116,46,Male,Single,Marketing,Marketing Manager,Master's,2025-10-23,0,Travel_Rarely,8,48819,0,2,2,3,4,No,4,1,No
1117,30,Male,Married,Engineering,QA Engineer,High School,2023-07-25,2,Travel_Rarely,10,107129,0,5,3,1,4,Yes,4,2,No
1118,35,Male,Single,Finance,Accountant,Master's,2023-01-22,2,Non-Travel,6,58647,1,1,3,3,4,Yes,4,2,Yes
1119,34,Female,Married,Finance,Accountant,Bachelor's,2021-09-11,4,Travel_Rarely,2,71631,2,1,4,2,3,No,3,3,No
1120,38,Female,Single,Sales,Account Manager,High School,2023-08-12,2,Travel_Frequently,43,68443,2,2,3,4,4,No,5,3,No
1121,31,Male,Divorced,Operations,Operations Associate,Master's,2024-07-02,1,Non-Travel,8,36347,1,1,1,3,4,No,2,1,No
1122,44,Female,Married,Marketing,Marketing Associate,High School,2024-07-20,1,Non-Travel,6,44609,1,2,4,2,4,Yes,1,2,Yes
1123,48,Male,Single,Sales,Sales Manager,Bachelor's,2021-01-13,4,Non-Travel,7,56085,1,1,2,2,3,No,3,1,No
1124,44,Female,Single,Sales,Sales Manager,PhD,2022-04-12,3,Travel_Rarely,6,59104,3,1,2,2,3,No,3,1,Yes
1125,34,Female,Married,Operations,Operations Manager,High School,2018-01-19,7,Travel_Rarely,13,61449,0,2,3,3,3,Yes,2,3,No
1126,25,Male,Divorced,Finance,Financial Analyst,Bachelor's,2022-01-26,3,Travel_Rarely,8,54105,2,4,2,4,2,No,4,2,No
1127,48,Female,Divorced,Sales,Account Manager,Master's,2023-10-19,2,Travel_Rarely,2,69098,1,2,3,4,3,No,4,2,No
1128,35,Male,Married,Engineering,Software Engineer,Master's,2025-12-08,0,Travel_Rarely,2,60258,0,2,4,2,2,Yes,3,4,Yes
1129,25,Male,Single,Marketing,Marketing Manager,Bachelor's,2024-10-26,1,Travel_Rarely,3,44319,0,6,4,3,2,No,3,1,Yes
1130,39,Male,Single,Sales,Account Manager,High School,2006-01-29,19,Non-Travel,22,121733,2,1,4,2,4,Yes,4,2,No
1131,43,Male,Single,Customer Support,Support Team Lead,Master's,2024-01-18,1,Non-Travel,1,45531,0,1,3,3,3,No,4,2,No
1132,26,Male,Married,Engineering,QA Engineer,Bachelor's,2021-09-24,4,Travel_Rarely,6,98690,1,2,3,4,4,Yes,3,2,No
1133,29,Female,Married,Sales,Sales Manager,Master's,2025-10-29,0,Non-Travel,5,48955,0,2,1,4,2,Yes,4,1,Yes
1134,24,Male,Single,Operations,Operations Associate,Master's,2025-07-13,0,Travel_Rarely,1,33482,0,1,4,2,2,Yes,3,0,No
1135,43,Male,Married,Customer Support,Support Team Lead,Bachelor's,2019-03-20,6,Non-Travel,5,63468,2,2,2,3,2,Yes,3,2,No
1136,28,Male,Single,Human Resources,Recruiter,Master's,2023-01-25,2,Non-Travel,1,65603,2,3,2,3,3,No,3,1,Yes
1137,39,Male,Single,Human Resources,Recruiter,Master's,2009-05-19,16,Travel_Rarely,13,113552,0,2,3,1,2,No,3,2,No
1138,36,Female,Married,Operations,Operations Manager,High School,2018-12-17,7,Non-Travel,8,54708,2,2,3,2,3,No,3,4,Yes
1139,31,Male,Single,Sales,Sales Manager,Master's,2019-10-07,6,Travel_Rarely,1,73248,2,3,3,3,2,Yes,4,3,No
1140,36,Female,Married,Engineering,Engineering Manager,Bachelor's,2022-04-27,3,Non-Travel,7,157152,2,3,2,3,4,Yes,4,3,No
1141,30,Male,Married,Sales,Sales Manager,PhD,2025-11-03,0,Travel_Rarely,1,54720,0,2,3,3,3,No,3,3,No
1142,28,Female,Divorced,Engineering,Senior Engineer,PhD,2022-03-19,3,Travel_Rarely,2,79014,3,3,3,3,4,Yes,4,1,Yes
1143,41,Female,Single,Sales,Sales Executive,Bachelor's,2023-04-05,2,Non-Travel,16,41077,1,2,3,1,3,No,4,2,No
1144,33,Female,Married,Human Resources,HR Associate,Master's,2025-06-25,0,Travel_Rarely,11,33345,0,1,4,3,3,No,5,2,No
1145,31,Female,Married,Engineering,Senior Engineer,Master's,2025-08-19,0,Non-Travel,3,75480,0,3,3,3,2,No,3,2,No
1146,37,Male,Single,Operations,Operations Manager,Bachelor's,2010-10-31,15,Travel_Rarely,1,74547,0,3,3,3,4,No,5,2,No
1147,32,Female,Single,Human Resources,Recruiter,High School,2022-04-02,3,Non-Travel,1,67800,0,2,4,4,4,No,1,4,No
1148,35,Female,Married,Marketing,Marketing Associate,Bachelor's,2024-06-14,1,Travel_Rarely,17,38516,1,1,3,3,2,No,4,3,No
1149,37,Male,Single,Human Resources,HR Associate,Bachelor's,2022-06-13,3,Travel_Rarely,16,37145,3,1,4,2,4,Yes,3,4,Yes
1150,23,Male,Married,Human Resources,HR Associate,Bachelor's,2022-09-22,3,Travel_Rarely,26,40839,1,1,3,4,3,No,3,1,No
1151,30,Female,Single,Customer Support,Support Team Lead,Bachelor's,2022-12-28,3,Travel_Frequently,1,49612,0,2,3,3,3,No,3,1,No
1152,25,Male,Divorced,Customer Support,Support Associate,High School,2022-04-17,3,Travel_Rarely,9,40024,1,0,4,3,2,Yes,4,4,No
1153,39,Male,Single,Operations,Logistics Coordinator,High School,2019-12-03,6,Travel_Frequently,1,77548,1,2,3,4,3,No,3,0,No
1154,34,Female,Divorced,Marketing,Content Specialist,High School,2024-05-05,1,Travel_Rarely,1,69176,0,2,4,4,3,No,5,1,No
1155,33,Female,Divorced,Operations,Operations Associate,Bachelor's,2024-05-18,1,Travel_Rarely,6,32792,1,2,4,3,3,No,2,2,No
1156,35,Female,Single,Finance,Finance Manager,Master's,2025-09-10,0,Travel_Rarely,1,79412,0,1,3,2,3,No,3,6,No
1157,41,Male,Single,Engineering,QA Engineer,High School,2020-08-22,5,Non-Travel,1,118439,5,4,3,3,4,No,3,2,No
1158,37,Female,Single,Human Resources,HR Associate,Master's,2024-02-18,1,Non-Travel,3,32939,0,1,3,2,2,No,4,0,Yes
1159,29,Male,Divorced,Operations,Operations Manager,High School,2017-03-28,8,Travel_Frequently,24,63000,4,3,3,3,4,No,4,3,No
1160,40,Male,Married,Operations,Logistics Coordinator,High School,2024-05-16,1,Non-Travel,21,58531,1,3,3,1,4,No,4,2,No
1161,30,Male,Single,Sales,Sales Executive,High School,2024-01-13,1,Non-Travel,5,43959,1,1,3,3,3,No,3,2,No
1162,25,Male,Single,Finance,Financial Analyst,Bachelor's,2020-11-17,5,Travel_Rarely,1,51571,5,3,3,3,2,Yes,2,1,Yes
1163,30,Female,Single,Engineering,Engineering Manager,High School,2023-09-19,2,Travel_Rarely,25,143116,1,1,3,3,2,No,3,2,No
1164,40,Female,Single,Sales,Sales Executive,Bachelor's,2021-05-13,4,Travel_Rarely,12,47457,4,1,1,4,4,Yes,4,3,No
1165,25,Female,Married,Engineering,Software Engineer,Bachelor's,2020-03-02,5,Non-Travel,2,71039,4,0,2,3,4,No,4,1,No
1166,37,Male,Single,Sales,Sales Executive,Bachelor's,2024-12-17,1,Travel_Rarely,2,41204,0,1,3,4,2,No,4,3,No
1167,38,Male,Married,Customer Support,Support Associate,PhD,2024-02-26,1,Travel_Rarely,2,27504,1,3,3,2,4,No,3,3,No
1168,47,Female,Single,Human Resources,HR Manager,Bachelor's,2023-01-06,2,Travel_Rarely,10,53276,0,1,1,1,3,Yes,4,3,No
1169,51,Male,Single,Engineering,Engineering Manager,Master's,2023-03-30,2,Travel_Rarely,3,144288,2,0,3,3,1,No,3,0,No
1170,34,Female,Married,Customer Support,Support Team Lead,Bachelor's,2011-04-21,14,Non-Travel,3,67313,1,2,1,3,4,No,3,3,No
1171,35,Male,Single,Sales,Sales Executive,Bachelor's,2025-09-28,0,Travel_Frequently,1,41780,0,2,4,3,1,No,2,3,No
1172,40,Male,Single,Human Resources,HR Manager,Bachelor's,2023-01-24,2,Travel_Rarely,8,50724,2,3,2,2,3,No,2,0,No
1173,23,Male,Single,Operations,Logistics Coordinator,Bachelor's,2024-04-17,1,Non-Travel,5,58962,1,4,2,3,2,Yes,1,1,No
1174,48,Male,Married,Sales,Sales Manager,Master's,2020-01-21,5,Travel_Rarely,1,70505,1,1,3,3,2,No,3,5,No
1175,31,Male,Married,Engineering,QA Engineer,High School,2024-01-26,1,Non-Travel,7,109644,0,6,3,2,4,No,5,1,Yes
1176,31,Male,Divorced,Engineering,Senior Engineer,Master's,2023-07-20,2,Travel_Frequently,13,78325,0,2,4,3,3,No,3,3,No
1177,37,Male,Married,Sales,Account Manager,Bachelor's,2025-04-28,0,Travel_Rarely,5,64848,0,3,4,3,3,No,3,2,No
1178,46,Female,Married,Operations,Operations Associate,PhD,2025-07-13,0,Travel_Frequently,3,32554,0,5,2,4,2,No,3,0,Yes
1179,30,Female,Married,Engineering,Software Engineer,Bachelor's,2024-06-07,1,Non-Travel,1,59877,1,0,4,2,2,Yes,4,1,No
1180,35,Male,Divorced,Sales,Account Manager,Master's,2019-07-19,6,Non-Travel,14,78572,0,3,2,3,3,No,2,6,No
1181,21,Female,Married,Engineering,QA Engineer,Bachelor's,2024-05-03,1,Travel_Rarely,14,103324,1,4,3,2,4,No,5,1,No
1182,25,Female,Married,Sales,Account Manager,Bachelor's,2020-09-18,5,Non-Travel,7,90386,1,4,3,3,4,Yes,3,3,Yes
1183,35,Female,Married,Engineering,Engineering Manager,Bachelor's,2020-11-19,5,Travel_Rarely,12,152182,0,0,4,3,4,No,3,2,No
1184,42,Female,Single,Human Resources,HR Associate,Bachelor's,2022-11-04,3,Travel_Rarely,27,39264,0,3,3,4,3,No,3,4,No
1185,40,Female,Single,Human Resources,Recruiter,Master's,2018-03-14,7,Travel_Frequently,1,63168,1,3,3,2,3,No,3,3,No
1186,35,Male,Single,Engineering,Software Engineer,Bachelor's,2023-04-13,2,Non-Travel,1,66839,2,3,1,3,3,Yes,2,1,No
1187,37,Male,Single,Sales,Account Manager,Bachelor's,2023-05-18,2,Travel_Rarely,4,69107,0,2,2,4,4,Yes,2,2,No
1188,21,Female,Married,Operations,Logistics Coordinator,Master's,2024-03-20,1,Travel_Rarely,1,58766,1,2,3,3,4,No,3,0,No
1189,43,Male,Single,Engineering,Engineering Manager,Bachelor's,2024-12-30,1,Non-Travel,7,130798,1,5,3,4,3,Yes,3,1,Yes
1190,24,Male,Married,Marketing,Marketing Manager,High School,2023-03-29,2,Travel_Rarely,4,50686,2,0,4,3,2,No,2,1,Yes
1191,33,Female,Single,Engineering,Software Engineer,Bachelor's,2025-08-08,0,Travel_Rarely,5,61782,0,2,3,3,4,No,4,2,No
1192,31,Female,Married,Sales,Sales Manager,Bachelor's,2024-08-20,1,Travel_Rarely,15,54638,1,2,4,4,3,No,3,3,No
1193,22,Female,Single,Customer Support,Support Associate,Master's,2023-07-21,2,Travel_Rarely,3,32538,0,0,4,3,4,No,3,1,No
1194,32,Female,Single,Engineering,Software Engineer,Master's,2013-04-14,12,Travel_Rarely,3,91167,0,1,1,4,3,Yes,3,6,No
1195,42,Female,Married,Finance,Financial Analyst,High School,2023-10-05,2,Travel_Rarely,1,41338,1,2,3,1,4,Yes,3,3,No
1196,26,Male,Single,Customer Support,Support Team Lead,Bachelor's,2025-04-17,0,Travel_Rarely,20,41510,0,1,3,3,4,Yes,4,4,No
1197,23,Male,Married,Sales,Account Manager,Bachelor's,2025-01-26,0,Travel_Rarely,28,73851,0,2,3,3,4,No,3,1,No
1198,21,Male,Married,Finance,Financial Analyst,Master's,2024-04-22,1,Travel_Rarely,7,47742,1,3,4,1,4,Yes,3,1,No
1199,42,Male,Married,Sales,Sales Manager,Bachelor's,2025-04-09,0,Non-Travel,13,50468,0,2,2,3,1,No,5,1,No
1200,36,Male,Single,Operations,Logistics Coordinator,Bachelor's,2023-04-17,2,Travel_Rarely,6,59062,0,1,2,1,3,No,4,3,No
1201,34,Male,Single,Operations,Logistics Coordinator,Master's,2020-11-04,5,Travel_Rarely,2,75412,0,2,3,2,3,No,3,1,No
1202,41,Male,Single,Sales,Sales Manager,Bachelor's,2024-01-21,1,Non-Travel,6,50413,1,2,2,3,2,Yes,3,0,No
1203,33,Female,Married,Customer Support,Support Team Lead,PhD,2017-11-30,8,Travel_Rarely,1,58045,1,2,1,3,3,No,3,1,Yes
1204,27,Female,Divorced,Operations,Operations Manager,Bachelor's,2024-07-27,1,Travel_Rarely,14,45825,0,2,4,2,3,No,3,3,No
1205,43,Male,Single,Operations,Logistics Coordinator,Master's,2023-05-23,2,Non-Travel,3,59373,2,1,3,3,3,No,3,1,No
1206,43,Male,Married,Operations,Operations Manager,Bachelor's,2015-05-23,10,Travel_Rarely,12,67268,3,3,3,4,4,Yes,4,3,No
1207,21,Male,Single,Sales,Sales Manager,Master's,2024-09-22,1,Travel_Rarely,12,56588,1,3,4,2,4,Yes,1,1,No
1208,32,Female,Married,Finance,Financial Analyst,Bachelor's,2018-03-19,7,Travel_Rarely,1,53955,0,0,2,4,4,No,3,2,No
1209,48,Female,Married,Marketing,Marketing Manager,Bachelor's,2022-08-02,3,Travel_Frequently,21,59078,2,0,2,4,1,Yes,3,2,No
1210,28,Female,Divorced,Sales,Sales Executive,Master's,2022-06-20,3,Non-Travel,1,48954,1,3,2,4,2,Yes,5,3,Yes
1211,33,Female,Single,Marketing,Marketing Manager,Master's,2015-02-01,10,Non-Travel,7,75551,2,3,2,3,3,No,4,1,No
1212,24,Male,Married,Finance,Accountant,Master's,2024-04-01,1,Travel_Rarely,3,60450,1,2,3,4,1,No,4,4,No
1213,31,Male,Single,Sales,Sales Manager,Bachelor's,2023-10-11,2,Travel_Frequently,11,55974,0,2,1,3,3,No,3,1,No
1214,28,Male,Married,Customer Support,Support Associate,High School,2024-11-03,1,Travel_Rarely,6,27092,0,2,4,3,2,No,5,0,No
1215,35,Female,Married,Customer Support,Support Team Lead,Bachelor's,2019-11-25,6,Travel_Rarely,2,54706,5,0,4,3,4,No,4,0,No
1216,33,Male,Married,Sales,Account Manager,Bachelor's,2025-04-05,0,Travel_Rarely,4,76233,0,3,3,4,1,Yes,4,6,No
1217,30,Male,Married,Marketing,Content Specialist,PhD,2024-12-24,1,Travel_Frequently,1,68485,1,3,1,3,4,No,4,5,Yes
1218,31,Female,Married,Engineering,QA Engineer,Bachelor's,2025-11-21,0,Travel_Frequently,6,117557,0,4,4,2,2,Yes,4,3,Yes
1219,46,Male,Single,Engineering,Senior Engineer,High School,2025-11-07,0,Non-Travel,6,86279,0,1,3,2,3,Yes,4,2,Yes
1220,36,Male,Single,Sales,Account Manager,Bachelor's,2025-09-29,0,Travel_Rarely,2,68858,0,2,4,1,4,No,3,3,No
1221,41,Male,Single,Engineering,QA Engineer,Master's,2020-07-26,5,Non-Travel,8,117017,4,4,2,3,3,No,5,0,No
1222,38,Female,Married,Finance,Accountant,Bachelor's,2013-02-06,12,Non-Travel,5,99165,0,2,3,2,3,No,4,1,No
1223,23,Male,Married,Operations,Operations Manager,PhD,2022-07-25,3,Non-Travel,9,52138,0,0,3,3,1,No,3,2,No
1224,21,Female,Single,Operations,Logistics Coordinator,Master's,2024-12-31,1,Non-Travel,2,52839,1,1,3,3,2,No,4,1,No
1225,45,Female,Married,Sales,Sales Executive,Bachelor's,2019-05-13,6,Travel_Rarely,1,46701,2,2,3,4,4,Yes,3,3,No
1226,39,Male,Married,Sales,Sales Manager,Master's,2024-09-21,1,Travel_Rarely,2,59082,0,2,3,4,3,No,5,2,No
1227,38,Female,Married,Engineering,Software Engineer,High School,2024-07-24,1,Non-Travel,19,56083,0,1,2,3,3,Yes,4,0,No
1228,46,Male,Single,Sales,Account Manager,Bachelor's,2025-07-16,0,Non-Travel,1,71760,0,1,2,3,3,No,4,2,No
1229,36,Male,Single,Operations,Logistics Coordinator,Bachelor's,2024-07-07,1,Travel_Rarely,5,53820,0,3,3,3,1,No,4,3,Yes
1230,21,Female,Married,Marketing,Marketing Manager,Bachelor's,2025-08-14,0,Travel_Rarely,9,49223,0,2,3,2,2,Yes,3,5,No
1231,33,Male,Single,Customer Support,Support Team Lead,Master's,2023-08-22,2,Non-Travel,1,45534,0,3,2,3,2,No,3,6,No
1232,38,Male,Single,Engineering,QA Engineer,Master's,2026-01-01,0,Travel_Rarely,9,101471,0,2,4,1,2,No,4,2,Yes
1233,26,Male,Single,Human Resources,HR Associate,Master's,2019-12-24,6,Non-Travel,7,37284,0,1,4,3,1,No,4,0,No
1234,23,Male,Single,Customer Support,Support Associate,Bachelor's,2025-02-03,0,Travel_Rarely,7,29577,0,0,3,3,3,No,3,1,No
1235,35,Male,Single,Engineering,Engineering Manager,Bachelor's,2024-11-13,1,Travel_Rarely,10,125964,1,1,3,2,4,No,5,2,No
1236,39,Male,Divorced,Sales,Sales Executive,Master's,2014-05-27,11,Non-Travel,5,51526,2,1,4,4,2,No,3,2,No
1237,23,Female,Single,Customer Support,Support Associate,Bachelor's,2022-09-24,3,Non-Travel,13,36041,1,4,3,2,3,No,3,2,Yes
1238,26,Male,Single,Engineering,Senior Engineer,Master's,2019-12-06,6,Non-Travel,6,100092,2,3,2,2,4,No,2,4,No
1239,38,Male,Married,Marketing,Content Specialist,Master's,2023-08-07,2,Travel_Rarely,4,67393,2,1,3,4,3,No,4,2,No
1240,35,Male,Married,Customer Support,Support Associate,Master's,2023-09-30,2,Travel_Frequently,16,35081,0,2,1,3,4,No,3,4,No
1241,27,Male,Single,Marketing,Marketing Associate,Bachelor's,2022-09-20,3,Travel_Rarely,14,44178,0,3,2,3,2,No,4,1,No
1242,44,Female,Single,Customer Support,Support Associate,Bachelor's,2022-04-11,3,Travel_Rarely,1,37550,1,3,3,3,4,No,2,3,No
1243,25,Male,Single,Sales,Sales Executive,Bachelor's,2020-10-17,5,Non-Travel,7,49139,0,1,4,2,4,No,3,1,No
1244,29,Female,Single,Customer Support,Support Team Lead,Bachelor's,2016-06-27,9,Non-Travel,1,63939,2,3,2,1,3,No,3,3,No
1245,32,Female,Married,Operations,Operations Associate,Master's,2025-12-10,0,Non-Travel,15,33951,0,1,3,4,4,No,1,1,No
1246,27,Female,Single,Sales,Sales Executive,Bachelor's,2023-07-06,2,Travel_Rarely,4,42661,2,2,4,4,3,No,2,0,Yes
1247,22,Male,Married,Sales,Account Manager,High School,2023-09-18,2,Non-Travel,10,67877,2,1,4,3,2,No,5,2,No
1248,29,Male,Married,Engineering,Engineering Manager,Master's,2021-08-21,4,Travel_Frequently,10,150829,4,1,3,2,4,No,3,5,Yes
1249,37,Male,Single,Customer Support,Support Team Lead,Master's,2025-07-04,0,Non-Travel,9,37109,0,3,3,4,4,No,4,2,No
1250,34,Female,Married,Finance,Accountant,Bachelor's,2025-02-21,0,Travel_Rarely,13,57071,0,4,3,3,3,No,3,0,No
1251,36,Female,Single,Customer Support,Support Team Lead,High School,2017-11-02,8,Non-Travel,8,65236,0,2,3,3,4,No,1,4,No
1252,42,Male,Married,Operations,Operations Associate,Master's,2018-05-24,7,Travel_Rarely,2,48832,1,0,2,4,3,No,3,4,No
1253,42,Male,Divorced,Customer Support,Support Associate,Bachelor's,2025-12-07,0,Travel_Rarely,23,34738,0,3,3,2,4,Yes,3,2,No
1254,31,Male,Single,Sales,Sales Executive,PhD,2020-12-31,5,Non-Travel,28,45471,1,3,3,3,3,Yes,4,1,No
1255,32,Female,Married,Human Resources,HR Associate,Master's,2025-10-21,0,Travel_Rarely,7,38001,0,5,1,1,1,No,2,1,Yes
1256,33,Male,Single,Operations,Operations Manager,Master's,2025-05-26,0,Travel_Rarely,9,44903,0,3,4,3,2,No,2,1,Yes
1257,38,Female,Married,Sales,Sales Executive,Bachelor's,2023-08-31,2,Travel_Frequently,3,42931,0,2,4,4,3,No,3,3,No
1258,37,Male,Married,Sales,Account Manager,Master's,2025-10-24,0,Travel_Rarely,17,69790,0,1,2,4,3,Yes,4,1,No
1259,34,Male,Single,Sales,Sales Executive,Bachelor's,2021-09-11,4,Travel_Rarely,8,47268,0,1,4,4,4,No,3,3,Yes
1260,32,Female,Married,Sales,Sales Manager,High School,2021-05-19,4,Travel_Rarely,8,60939,0,0,3,2,3,Yes,4,4,No
1261,23,Male,Single,Sales,Sales Executive,PhD,2024-02-15,1,Travel_Rarely,1,35876,0,2,3,2,4,Yes,4,1,Yes
1262,23,Male,Married,Customer Support,Support Team Lead,Bachelor's,2023-08-06,2,Non-Travel,3,43565,0,2,3,4,4,No,4,4,No
1263,39,Female,Married,Human Resources,Recruiter,Bachelor's,2023-04-09,2,Travel_Rarely,8,62451,1,0,3,2,3,No,5,1,No
1264,44,Male,Single,Finance,Finance Manager,Bachelor's,2023-09-26,2,Travel_Rarely,4,88201,1,3,3,3,3,Yes,3,1,No
1265,28,Male,Married,Marketing,Content Specialist,Master's,2019-10-10,6,Non-Travel,1,74040,2,2,3,2,3,No,4,0,No
1266,48,Female,Single,Sales,Sales Executive,Bachelor's,2022-12-09,3,Travel_Frequently,5,37465,0,3,3,3,2,No,2,2,No
1267,29,Male,Married,Operations,Operations Manager,Master's,2022-09-11,3,Travel_Rarely,12,47390,0,2,2,3,4,No,4,3,No
1268,25,Male,Divorced,Sales,Sales Executive,Master's,2020-09-18,5,Travel_Frequently,1,48746,0,2,4,3,1,No,3,2,No
1269,28,Male,Married,Sales,Sales Executive,Master's,2024-09-08,1,Non-Travel,9,40988,0,0,3,1,4,No,4,0,No
1270,22,Female,Married,Sales,Account Manager,Master's,2023-04-24,2,Travel_Rarely,1,75012,2,1,4,3,2,No,3,2,No
1271,31,Male,Married,Engineering,Engineering Manager,Bachelor's,2025-09-26,0,Travel_Frequently,5,123129,0,0,3,3,4,Yes,3,2,No
1272,42,Female,Single,Engineering,Senior Engineer,Master's,2018-08-04,7,Travel_Rarely,1,93407,2,3,4,2,3,No,4,2,No
1273,35,Male,Divorced,Customer Support,Support Associate,Bachelor's,2020-12-29,5,Non-Travel,10,38511,0,2,4,4,4,Yes,4,5,No
1274,22,Female,Married,Marketing,Content Specialist,Bachelor's,2023-11-22,2,Travel_Rarely,4,75484,2,0,2,1,1,Yes,4,6,Yes
1275,30,Male,Single,Sales,Sales Executive,High School,2022-07-29,3,Non-Travel,12,43472,0,1,2,4,4,No,5,3,No
1276,23,Female,Divorced,Sales,Account Manager,Bachelor's,2023-03-17,2,Travel_Rarely,9,85263,1,2,2,1,3,No,1,1,No
1277,44,Female,Single,Sales,Account Manager,Bachelor's,2025-07-14,0,Travel_Rarely,1,68434,0,3,3,2,3,No,3,4,No
1278,50,Female,Single,Finance,Accountant,Bachelor's,2019-03-17,6,Non-Travel,5,74073,2,1,1,2,2,No,3,1,No
1279,30,Male,Married,Marketing,Content Specialist,High School,2024-11-01,1,Travel_Frequently,9,65871,1,2,2,3,1,No,5,0,No
1280,53,Female,Single,Marketing,Content Specialist,Bachelor's,2021-04-29,4,Travel_Frequently,15,84343,0,1,3,1,2,No,4,3,Yes
1281,21,Female,Married,Sales,Sales Manager,High School,2024-01-19,1,Travel_Rarely,5,56154,1,3,2,3,1,No,3,2,No
1282,21,Male,Married,Finance,Accountant,Bachelor's,2024-11-25,1,Non-Travel,2,65361,0,3,1,1,2,No,3,3,No
1283,34,Male,Single,Operations,Logistics Coordinator,Bachelor's,2020-02-25,5,Travel_Rarely,8,68488,0,2,3,3,4,Yes,3,3,No
1284,28,Female,Divorced,Engineering,Software Engineer,Master's,2025-06-27,0,Non-Travel,9,58804,0,3,2,3,4,No,3,1,No
1285,49,Female,Single,Sales,Account Manager,Bachelor's,2012-02-04,13,Travel_Rarely,1,114351,0,2,3,1,3,No,3,4,No
1286,27,Female,Married,Operations,Operations Associate,Bachelor's,2023-01-18,2,Travel_Rarely,19,34410,2,3,2,3,2,No,5,1,Yes
1287,26,Male,Married,Engineering,Senior Engineer,Bachelor's,2019-06-25,6,Non-Travel,14,104898,2,8,2,4,4,Yes,3,2,Yes
1288,29,Male,Married,Customer Support,Support Team Lead,High School,2025-07-11,0,Travel_Rarely,1,45942,0,2,2,2,2,No,4,1,No
1289,34,Male,Married,Marketing,Marketing Manager,Bachelor's,2023-10-04,2,Non-Travel,9,51413,0,3,4,3,4,Yes,4,4,Yes
1290,38,Male,Married,Sales,Sales Executive,High School,2019-04-28,6,Travel_Frequently,7,51912,3,5,3,4,3,No,4,1,No
1291,39,Male,Married,Marketing,Marketing Associate,Bachelor's,2024-04-03,1,Travel_Rarely,1,44586,0,4,3,1,3,No,5,1,No
1292,24,Male,Single,Marketing,Marketing Manager,Bachelor's,2024-06-27,1,Travel_Rarely,15,52052,1,2,2,2,2,Yes,4,2,Yes
1293,23,Female,Single,Engineering,Senior Engineer,Master's,2022-03-12,3,Travel_Rarely,6,107164,3,2,3,2,4,Yes,4,2,No
1294,25,Female,Single,Engineering,Engineering Manager,Bachelor's,2020-11-26,5,Travel_Frequently,4,140496,0,2,2,2,2,No,3,1,No
1295,29,Female,Married,Engineering,Engineering Manager,High School,2025-08-30,0,Travel_Frequently,10,143830,0,2,4,4,4,Yes,3,1,No
1296,26,Female,Single,Sales,Sales Manager,Bachelor's,2019-11-27,6,Non-Travel,35,60019,0,5,2,2,2,Yes,5,0,No
1297,21,Male,Married,Finance,Finance Manager,Bachelor's,2024-08-11,1,Travel_Rarely,3,87464,0,2,4,4,4,Yes,3,0,No
1298,32,Male,Single,Human Resources,HR Manager,Master's,2021-12-30,4,Non-Travel,4,51198,1,1,4,4,3,Yes,3,2,No
1299,30,Female,Single,Sales,Sales Executive,High School,2023-12-05,2,Travel_Frequently,1,41266,1,1,4,4,2,No,2,3,No
1300,32,Female,Single,Marketing,Content Specialist,Master's,2022-03-03,3,Travel_Rarely,26,60776,1,1,4,2,3,No,4,1,No
1301,32,Female,Single,Operations,Logistics Coordinator,Bachelor's,2015-10-18,10,Travel_Rarely,6,72109,2,2,3,3,3,No,3,1,No
1302,31,Female,Single,Marketing,Marketing Manager,Bachelor's,2023-09-19,2,Travel_Rarely,24,52146,1,1,2,2,3,No,2,1,No
1303,25,Male,Married,Customer Support,Support Associate,Bachelor's,2025-03-09,0,Travel_Rarely,11,34242,0,3,4,2,3,Yes,5,1,No
1304,40,Male,Married,Engineering,QA Engineer,High School,2024-08-24,1,Non-Travel,5,89006,1,3,4,4,1,Yes,2,2,No
1305,35,Male,Married,Sales,Sales Executive,High School,2022-11-11,3,Travel_Rarely,11,45195,0,0,3,4,3,No,3,2,No
1306,24,Female,Married,Customer Support,Support Team Lead,Bachelor's,2024-05-22,1,Travel_Rarely,6,40492,1,2,2,2,4,Yes,2,2,No
1307,36,Male,Married,Sales,Sales Executive,Master's,2022-11-04,3,Travel_Rarely,1,49579,3,4,2,4,1,No,2,3,No
1308,34,Male,Married,Sales,Sales Executive,Master's,2024-12-17,1,Travel_Rarely,3,37944,0,1,3,4,2,No,3,1,Yes
1309,26,Male,Single,Sales,Sales Executive,Bachelor's,2021-10-06,4,Travel_Rarely,15,48586,0,2,3,2,4,No,4,1,No
1310,31,Male,Single,Sales,Account Manager,Bachelor's,2023-05-09,2,Travel_Rarely,18,65960,0,1,3,1,3,No,4,2,Yes
1311,38,Male,Married,Customer Support,Support Associate,High School,2023-10-02,2,Travel_Rarely,2,36816,2,1,3,4,4,No,3,3,No
1312,36,Female,Single,Engineering,Software Engineer,Master's,2020-10-25,5,Travel_Rarely,13,77381,3,1,3,4,4,No,3,6,No
1313,26,Female,Married,Engineering,Software Engineer,Bachelor's,2025-11-17,0,Travel_Rarely,2,52486,0,2,3,3,2,Yes,5,1,No
1314,36,Male,Married,Sales,Sales Executive,Bachelor's,2025-11-01,0,Travel_Rarely,18,40650,0,2,4,3,3,No,4,2,No
1315,24,Male,Married,Operations,Logistics Coordinator,Bachelor's,2024-02-04,1,Travel_Frequently,1,61649,1,5,2,2,2,Yes,3,1,Yes
1316,27,Male,Married,Sales,Account Manager,High School,2024-11-28,1,Travel_Rarely,1,65443,1,1,3,3,4,No,4,5,No
1317,32,Female,Single,Sales,Account Manager,Master's,2023-10-06,2,Non-Travel,7,65835,2,5,2,3,3,No,1,2,No
1318,41,Female,Married,Sales,Sales Executive,Master's,2022-07-04,3,Non-Travel,1,48696,0,3,4,2,3,Yes,5,2,No
1319,48,Male,Single,Sales,Sales Executive,Bachelor's,2024-11-18,1,Travel_Rarely,2,41888,1,4,2,3,3,No,1,2,No
1320,31,Female,Married,Sales,Account Manager,Bachelor's,2015-12-08,10,Non-Travel,5,98109,3,2,2,1,4,No,4,0,No
1321,32,Male,Single,Marketing,Marketing Associate,Bachelor's,2025-11-08,0,Travel_Rarely,1,33175,0,2,3,4,4,No,4,3,No
1322,21,Female,Married,Engineering,QA Engineer,Bachelor's,2025-12-28,0,Travel_Frequently,3,93560,0,1,4,2,4,Yes,5,2,No
1323,48,Female,Married,Sales,Sales Manager,Master's,2024-08-08,1,Travel_Frequently,13,56445,1,2,3,3,2,Yes,4,1,No
1324,22,Male,Single,Engineering,Software Engineer,Bachelor's,2023-09-27,2,Travel_Rarely,3,69513,2,2,3,3,3,No,4,1,No
1325,28,Female,Divorced,Sales,Sales Executive,Master's,2020-12-23,5,Non-Travel,5,46709,5,2,4,3,2,Yes,3,5,No
1326,30,Male,Married,Engineering,QA Engineer,Master's,2023-03-05,2,Travel_Rarely,20,117793,0,1,3,3,2,No,3,0,No
1327,35,Male,Married,Operations,Logistics Coordinator,Bachelor's,2022-08-11,3,Travel_Rarely,12,58692,0,1,3,4,3,Yes,3,1,No
1328,27,Female,Single,Sales,Account Manager,Bachelor's,2023-12-23,2,Non-Travel,1,66831,2,1,3,4,2,No,5,6,No
1329,31,Female,Married,Operations,Logistics Coordinator,Bachelor's,2019-11-19,6,Non-Travel,20,74283,3,1,3,3,2,No,4,2,Yes
1330,21,Female,Married,Sales,Account Manager,Bachelor's,2024-02-25,1,Travel_Rarely,3,71619,0,1,1,4,2,No,3,2,Yes
1331,34,Female,Married,Engineering,Engineering Manager,PhD,2024-01-06,1,Non-Travel,9,131848,1,1,1,4,2,No,4,2,Yes
1332,35,Female,Divorced,Sales,Account Manager,PhD,2021-06-26,4,Travel_Frequently,2,76795,0,0,4,2,2,Yes,3,3,Yes
1333,34,Male,Single,Sales,Sales Executive,Master's,2025-12-31,0,Travel_Rarely,4,39106,0,2,1,2,3,No,4,2,Yes
1334,28,Male,Married,Customer Support,Support Associate,High School,2025-05-24,0,Travel_Rarely,9,33938,0,3,2,3,1,No,4,1,No
1335,47,Female,Married,Engineering,Senior Engineer,Bachelor's,2011-10-18,14,Travel_Rarely,3,120157,2,3,2,4,1,Yes,3,2,No
1336,28,Female,Single,Customer Support,Support Associate,High School,2025-05-15,0,Travel_Rarely,2,26449,0,3,3,4,3,No,3,2,No
1337,32,Male,Married,Marketing,Content Specialist,Bachelor's,2024-02-07,1,Non-Travel,5,69041,1,3,2,3,3,Yes,2,2,No
1338,34,Male,Married,Operations,Operations Manager,Bachelor's,2023-05-12,2,Travel_Frequently,2,57079,1,1,4,3,3,Yes,3,1,No
1339,24,Male,Married,Sales,Sales Executive,Bachelor's,2021-07-12,4,Travel_Rarely,3,43951,2,2,4,2,3,Yes,4,5,No
1340,32,Male,Married,Human Resources,HR Manager,Bachelor's,2024-05-13,1,Travel_Rarely,3,54992,0,1,4,3,4,Yes,2,3,Yes
1341,35,Male,Married,Customer Support,Support Team Lead,Bachelor's,2025-10-15,0,Travel_Frequently,12,39661,0,3,4,2,1,No,3,4,No
1342,32,Female,Married,Sales,Sales Executive,Bachelor's,2025-03-29,0,Travel_Frequently,12,42341,0,1,2,3,3,No,3,1,No
1343,31,Male,Single,Operations,Logistics Coordinator,Bachelor's,2025-04-10,0,Non-Travel,7,57162,0,2,3,3,4,No,3,5,No
1344,30,Male,Single,Engineering,Engineering Manager,High School,2024-01-30,1,Travel_Rarely,19,136986,1,0,3,3,4,No,1,0,No
1345,46,Female,Single,Customer Support,Support Team Lead,Bachelor's,2025-05-10,0,Travel_Rarely,6,46368,0,1,4,4,4,No,3,0,Yes
1346,28,Male,Single,Engineering,QA Engineer,PhD,2023-04-18,2,Travel_Rarely,5,109031,2,1,4,4,2,No,3,1,No
1347,38,Male,Married,Operations,Operations Manager,Master's,2021-12-22,4,Travel_Rarely,4,43373,0,2,2,3,3,No,3,5,No
1348,42,Female,Married,Engineering,Engineering Manager,PhD,2025-10-28,0,Travel_Frequently,4,118470,0,0,3,3,3,No,3,3,No
1349,29,Female,Single,Sales,Sales Executive,Bachelor's,2024-12-17,1,Travel_Frequently,3,39548,1,6,3,2,4,Yes,3,0,Yes
1350,42,Female,Divorced,Human Resources,HR Manager,Bachelor's,2019-05-26,6,Travel_Rarely,8,55933,1,1,3,3,4,No,4,0,Yes
1351,41,Female,Married,Sales,Account Manager,Bachelor's,2024-06-17,1,Travel_Rarely,4,67782,1,3,3,4,3,No,4,0,No
1352,30,Female,Married,Engineering,Software Engineer,Bachelor's,2023-09-30,2,Travel_Rarely,2,57875,0,2,2,4,3,Yes,2,1,Yes
1353,49,Male,Single,Human Resources,Recruiter,Bachelor's,2025-03-30,0,Travel_Frequently,6,72790,0,0,2,4,1,No,5,0,Yes
1354,27,Male,Single,Customer Support,Support Team Lead,High School,2024-06-28,1,Travel_Rarely,1,40950,0,5,2,4,2,No,3,1,No
1355,35,Female,Single,Sales,Sales Manager,High School,2021-04-26,4,Travel_Rarely,2,61966,0,1,4,2,4,No,3,1,Yes
1356,31,Female,Married,Human Resources,Recruiter,Bachelor's,2014-07-25,11,Travel_Rarely,9,86975,5,3,3,4,1,No,4,0,No
1357,39,Female,Married,Engineering,Senior Engineer,Bachelor's,2025-05-13,0,Travel_Rarely,22,80229,0,3,4,1,4,No,2,1,No
1358,41,Female,Married,Sales,Account Manager,High School,2019-04-22,6,Travel_Rarely,20,83280,2,2,3,2,3,No,4,2,No
1359,37,Male,Married,Engineering,QA Engineer,Bachelor's,2024-05-16,1,Travel_Rarely,2,96161,1,5,2,3,3,No,4,2,No
1360,30,Male,Single,Marketing,Marketing Associate,Bachelor's,2015-07-25,10,Travel_Rarely,1,51708,3,0,3,1,3,No,3,1,No
1361,31,Male,Divorced,Engineering,QA Engineer,Master's,2025-03-30,0,Non-Travel,11,112771,0,2,4,3,4,No,3,2,No
1362,49,Male,Single,Operations,Operations Manager,PhD,2025-09-12,0,Travel_Frequently,4,44159,0,1,3,3,3,No,3,1,No
1363,33,Male,Married,Customer Support,Support Associate,Bachelor's,2019-08-15,6,Travel_Rarely,18,39098,4,1,1,2,4,No,5,0,Yes
1364,33,Female,Married,Sales,Sales Executive,High School,2024-03-18,1,Non-Travel,14,40982,1,1,3,3,3,No,3,2,No
1365,25,Female,Single,Customer Support,Support Associate,Bachelor's,2020-03-10,5,Travel_Rarely,34,37757,2,1,3,2,3,No,3,0,No
1366,45,Male,Married,Engineering,Senior Engineer,Master's,2025-06-23,0,Travel_Rarely,12,71621,0,4,4,2,1,No,4,1,No
1367,48,Male,Married,Sales,Sales Executive,Bachelor's,2025-11-04,0,Non-Travel,1,40469,0,1,2,2,4,Yes,3,4,No
1368,41,Female,Single,Operations,Operations Manager,PhD,2022-03-05,3,Non-Travel,2,50237,1,2,3,4,3,Yes,2,2,No
1369,28,Male,Married,Finance,Accountant,PhD,2024-12-26,1,Travel_Rarely,5,59423,1,2,2,2,3,No,4,1,No
1370,45,Female,Single,Engineering,Senior Engineer,High School,2017-10-07,8,Travel_Frequently,4,99632,3,0,1,3,3,No,4,2,Yes
1371,35,Male,Single,Operations,Logistics Coordinator,Master's,2022-01-30,3,Travel_Rarely,3,64268,1,2,1,1,4,No,3,2,No
1372,51,Female,Divorced,Sales,Account Manager,Master's,2022-01-12,3,Travel_Frequently,4,78263,3,0,3,2,1,No,4,2,Yes
1373,36,Female,Single,Operations,Logistics Coordinator,Master's,2023-04-27,2,Non-Travel,15,65151,2,1,3,2,4,Yes,3,1,No
1374,31,Female,Married,Customer Support,Support Team Lead,Bachelor's,2014-01-14,11,Travel_Rarely,5,68418,2,0,2,3,3,No,5,5,No
1375,23,Female,Single,Human Resources,HR Manager,Bachelor's,2022-02-25,3,Travel_Rarely,7,53118,0,8,2,2,3,No,4,2,No
1376,32,Male,Single,Operations,Logistics Coordinator,Bachelor's,2021-05-05,4,Non-Travel,24,61293,0,3,2,3,4,No,3,1,Yes
1377,36,Male,Divorced,Sales,Account Manager,Bachelor's,2015-05-08,10,Non-Travel,7,102786,3,0,2,3,2,Yes,3,1,No
1378,42,Female,Single,Operations,Operations Manager,Master's,2013-08-29,12,Non-Travel,9,64374,1,4,3,3,4,No,3,3,No
1379,32,Male,Married,Human Resources,Recruiter,High School,2018-05-21,7,Travel_Frequently,20,65603,2,2,1,4,4,No,3,4,Yes
1380,27,Female,Married,Sales,Account Manager,Master's,2018-11-26,7,Travel_Rarely,1,77547,0,2,3,4,2,Yes,3,0,No
1381,41,Male,Married,Customer Support,Support Team Lead,High School,2024-07-25,1,Non-Travel,12,48662,0,0,2,3,1,Yes,3,3,No
1382,26,Male,Married,Operations,Logistics Coordinator,Bachelor's,2023-09-15,2,Travel_Rarely,1,53629,1,2,2,4,3,No,2,3,No
1383,28,Male,Single,Operations,Logistics Coordinator,Master's,2023-04-07,2,Travel_Rarely,22,62838,1,1,2,3,3,No,5,2,No
1384,54,Male,Single,Operations,Operations Associate,Bachelor's,2022-05-18,3,Travel_Rarely,2,32636,0,1,4,3,4,Yes,4,1,No
1385,30,Male,Single,Finance,Accountant,Bachelor's,2024-04-11,1,Non-Travel,4,54176,0,1,2,1,3,No,4,2,Yes
1386,40,Female,Married,Sales,Sales Manager,Bachelor's,2025-07-09,0,Travel_Rarely,2,54854,0,1,4,4,3,No,2,4,No
1387,36,Male,Married,Customer Support,Support Associate,Master's,2017-09-11,8,Travel_Rarely,17,44399,3,1,2,3,4,No,3,2,No
1388,37,Male,Single,Sales,Account Manager,Bachelor's,2025-02-28,0,Travel_Rarely,8,77571,0,4,3,1,3,Yes,3,2,No
1389,32,Male,Divorced,Operations,Operations Manager,Bachelor's,2023-06-25,2,Travel_Frequently,13,45857,2,4,2,3,3,No,4,1,No
1390,33,Female,Divorced,Engineering,QA Engineer,Master's,2025-11-04,0,Non-Travel,13,97925,0,0,3,3,3,No,4,3,No
1391,37,Female,Married,Engineering,QA Engineer,Bachelor's,2025-11-05,0,Travel_Rarely,8,105890,0,4,3,4,4,Yes,4,5,No
1392,21,Male,Single,Marketing,Marketing Manager,High School,2024-10-31,1,Travel_Rarely,9,55794,0,1,4,3,3,Yes,4,3,Yes
1393,43,Female,Married,Human Resources,HR Associate,Bachelor's,2017-10-27,8,Travel_Rarely,7,48691,0,0,3,4,2,No,4,4,No
1394,41,Male,Single,Sales,Sales Manager,Bachelor's,2016-08-05,9,Travel_Rarely,3,66866,1,2,2,4,2,Yes,3,3,No
1395,38,Female,Single,Engineering,Engineering Manager,Master's,2025-08-25,0,Travel_Rarely,4,111023,0,1,2,3,2,No,4,3,Yes
1396,21,Female,Married,Sales,Sales Executive,Master's,2024-07-05,1,Travel_Frequently,8,43397,0,0,1,2,4,No,3,1,No
1397,30,Male,Married,Engineering,QA Engineer,Bachelor's,2023-06-14,2,Non-Travel,16,126198,0,1,3,2,4,Yes,3,2,No
1398,44,Male,Married,Engineering,Software Engineer,Bachelor's,2020-11-25,5,Non-Travel,1,61905,1,2,2,3,4,No,4,3,No
1399,28,Female,Single,Operations,Operations Manager,Bachelor's,2021-03-28,4,Travel_Rarely,10,52074,1,1,4,4,3,No,3,3,No
1400,46,Female,Married,Operations,Operations Manager,Master's,2020-09-06,5,Travel_Rarely,2,55905,1,5,3,4,2,No,4,1,Yes
1401,21,Male,Single,Engineering,QA Engineer,Bachelor's,2024-12-05,1,Travel_Rarely,1,108619,0,1,4,3,4,Yes,4,2,Yes
1402,45,Male,Single,Operations,Logistics Coordinator,Master's,2020-10-13,5,Non-Travel,2,76548,2,4,3,4,4,No,4,1,No
1403,36,Male,Married,Customer Support,Support Team Lead,Master's,2024-10-09,1,Non-Travel,13,44870,1,1,2,4,3,No,4,0,No
1404,32,Female,Married,Sales,Sales Manager,Master's,2022-12-30,3,Travel_Rarely,4,63623,1,1,2,3,1,Yes,3,2,Yes
1405,25,Male,Single,Marketing,Marketing Manager,Bachelor's,2025-08-05,0,Travel_Rarely,8,53110,0,0,4,2,3,Yes,3,4,No
1406,27,Male,Married,Sales,Sales Manager,Bachelor's,2022-07-02,3,Travel_Rarely,24,57144,2,7,4,2,4,Yes,3,1,No
1407,57,Male,Married,Engineering,Software Engineer,Master's,2025-05-02,0,Travel_Rarely,22,63239,0,0,4,3,3,No,4,2,No
1408,29,Male,Single,Customer Support,Support Team Lead,Master's,2020-09-19,5,Travel_Rarely,5,52511,2,2,4,3,3,No,3,3,No
1409,41,Female,Divorced,Customer Support,Support Associate,Master's,2020-11-25,5,Non-Travel,9,38563,0,2,4,1,4,Yes,3,2,Yes
1410,37,Male,Single,Sales,Account Manager,Bachelor's,2023-11-18,2,Travel_Rarely,1,76127,1,1,3,4,2,No,4,4,No
1411,34,Female,Divorced,Human Resources,HR Associate,High School,2021-12-30,4,Travel_Rarely,2,40985,3,4,3,3,3,No,4,3,No
1412,44,Female,Single,Finance,Finance Manager,Bachelor's,2020-04-03,5,Non-Travel,13,82201,5,1,2,2,3,No,3,1,Yes
1413,39,Male,Divorced,Operations,Operations Manager,Bachelor's,2023-12-19,2,Travel_Rarely,4,48330,0,1,1,4,2,Yes,4,1,No
1414,30,Male,Married,Marketing,Content Specialist,Master's,2019-03-15,6,Travel_Rarely,4,86329,0,4,2,4,3,No,2,1,No
1415,35,Male,Single,Engineering,Engineering Manager,Master's,2020-05-08,5,Travel_Rarely,27,142938,1,2,3,3,3,Yes,4,1,Yes
1416,37,Male,Single,Sales,Sales Manager,High School,2024-10-19,1,Travel_Rarely,18,57874,1,1,4,3,3,No,3,3,Yes
1417,28,Female,Married,Customer Support,Support Associate,Bachelor's,2025-01-24,0,Travel_Rarely,4,35394,0,1,4,3,2,No,3,2,Yes
1418,30,Male,Single,Customer Support,Support Team Lead,Bachelor's,2025-11-12,0,Non-Travel,3,33125,0,1,3,4,3,No,5,0,No
1419,21,Male,Single,Operations,Operations Manager,Master's,2024-04-04,1,Travel_Frequently,2,46307,1,2,1,3,4,Yes,2,1,No
1420,35,Male,Married,Sales,Sales Manager,Master's,2023-12-27,2,Non-Travel,19,60305,1,3,3,4,3,Yes,3,5,No
1421,21,Male,Single,Customer Support,Support Team Lead,Master's,2024-05-13,1,Non-Travel,1,46546,1,0,4,4,3,No,3,1,No
1422,34,Male,Single,Operations,Logistics Coordinator,Bachelor's,2025-01-19,0,Travel_Frequently,2,59469,0,0,2,4,2,No,3,2,Yes
1423,39,Female,Single,Engineering,QA Engineer,Bachelor's,2025-04-15,0,Travel_Rarely,9,84988,0,3,2,4,3,No,5,1,No
1424,39,Male,Married,Sales,Sales Executive,Bachelor's,2019-03-04,6,Travel_Rarely,6,52489,1,2,3,3,2,No,4,1,No
1425,40,Female,Married,Human Resources,HR Manager,Bachelor's,2021-07-01,4,Travel_Rarely,2,42906,0,1,2,2,4,Yes,3,4,Yes
1426,31,Female,Single,Finance,Financial Analyst,High School,2020-12-25,5,Travel_Rarely,15,46006,2,1,3,4,4,No,3,4,No
1427,32,Male,Married,Customer Support,Support Team Lead,High School,2022-10-06,3,Travel_Rarely,13,49354,0,3,3,3,3,Yes,4,0,No
1428,34,Male,Single,Operations,Operations Associate,Bachelor's,2024-03-19,1,Non-Travel,10,37720,0,3,3,3,2,Yes,5,3,No
1429,26,Female,Single,Engineering,Software Engineer,Master's,2023-01-02,3,Travel_Rarely,5,52506,0,4,1,3,3,No,2,1,Yes
1430,25,Male,Single,Human Resources,HR Manager,Master's,2024-10-11,1,Non-Travel,7,46134,1,2,2,2,3,Yes,3,1,Yes
1431,22,Female,Married,Customer Support,Support Associate,Bachelor's,2023-01-14,2,Travel_Rarely,5,31660,0,2,1,1,1,No,3,1,No
1432,21,Female,Married,Marketing,Marketing Manager,PhD,2025-05-20,0,Travel_Frequently,10,55628,0,3,4,3,2,Yes,4,2,No
1433,35,Male,Married,Engineering,Senior Engineer,Master's,2023-02-16,2,Travel_Rarely,26,94351,1,5,2,1,4,Yes,4,2,No
1434,30,Male,Married,Finance,Financial Analyst,Bachelor's,2024-10-28,1,Travel_Rarely,11,44065,1,2,2,3,3,Yes,4,3,No
1435,28,Male,Married,Operations,Operations Associate,High School,2021-07-20,4,Travel_Rarely,7,41245,4,2,3,1,4,No,3,4,No
1436,25,Female,Single,Engineering,Senior Engineer,Master's,2025-07-05,0,Travel_Rarely,1,82785,0,1,3,3,3,No,3,1,Yes
1437,23,Male,Single,Sales,Account Manager,PhD,2025-03-09,0,Travel_Rarely,20,70435,0,2,1,3,3,Yes,3,5,Yes
1438,29,Male,Single,Human Resources,Recruiter,Master's,2021-10-15,4,Non-Travel,4,77426,0,1,2,4,4,No,3,3,No
1439,39,Male,Single,Engineering,Engineering Manager,Bachelor's,2018-04-07,7,Travel_Rarely,8,154053,0,1,2,3,1,No,4,2,No
1440,37,Male,Single,Human Resources,Recruiter,Master's,2017-11-18,8,Non-Travel,1,88470,7,1,3,1,3,No,3,4,No
1441,38,Female,Single,Operations,Operations Manager,Bachelor's,2018-08-04,7,Non-Travel,22,60443,6,2,3,3,3,No,3,3,Yes
1442,26,Female,Single,Engineering,QA Engineer,Bachelor's,2019-08-12,6,Non-Travel,1,124619,0,0,3,4,4,Yes,4,1,No
1443,34,Female,Divorced,Operations,Logistics Coordinator,Bachelor's,2024-12-28,1,Travel_Frequently,11,53617,1,2,3,4,4,Yes,2,3,No
1444,31,Female,Divorced,Engineering,Engineering Manager,Bachelor's,2020-11-26,5,Travel_Rarely,13,151572,2,0,4,2,3,Yes,3,3,No
1445,30,Male,Divorced,Finance,Accountant,Bachelor's,2017-06-10,8,Travel_Rarely,8,79974,1,1,4,2,4,No,2,1,No
1446,31,Female,Married,Human Resources,HR Manager,Bachelor's,2015-06-18,10,Travel_Rarely,5,70374,6,2,3,1,3,No,3,3,No
1447,22,Female,Single,Customer Support,Support Team Lead,Master's,2023-03-22,2,Travel_Rarely,7,51270,0,1,1,2,3,No,3,0,Yes
1448,32,Male,Divorced,Human Resources,HR Associate,Bachelor's,2023-09-30,2,Travel_Rarely,7,37559,2,4,2,3,2,No,4,1,No
1449,40,Male,Married,Customer Support,Support Associate,PhD,2013-06-05,12,Travel_Rarely,9,45498,1,1,3,3,1,Yes,3,2,No
1450,27,Male,Single,Customer Support,Support Associate,Bachelor's,2023-11-02,2,Travel_Rarely,1,30752,2,2,3,4,4,No,5,3,No
1451,24,Female,Single,Finance,Finance Manager,Bachelor's,2021-01-06,4,Travel_Rarely,8,83360,3,0,3,4,3,Yes,3,2,Yes
1452,31,Male,Married,Engineering,Software Engineer,Master's,2024-08-12,1,Travel_Rarely,5,63321,0,3,3,4,2,Yes,3,1,No
1453,39,Male,Single,Customer Support,Support Associate,Bachelor's,2023-06-04,2,Travel_Rarely,33,35049,2,1,1,2,2,No,4,2,Yes
1454,24,Male,Married,Operations,Operations Associate,High School,2021-02-15,4,Non-Travel,26,33984,2,0,1,4,3,No,3,0,No
1455,33,Female,Single,Customer Support,Support Team Lead,Master's,2014-02-10,11,Non-Travel,9,58359,4,2,4,2,3,No,3,3,No
1456,40,Female,Divorced,Engineering,QA Engineer,High School,2022-06-03,3,Travel_Frequently,10,96296,2,2,3,3,3,No,3,4,No
1457,33,Female,Married,Sales,Sales Executive,High School,2016-02-01,9,Travel_Rarely,31,52394,1,1,3,3,4,Yes,4,1,No
1458,29,Female,Single,Marketing,Marketing Associate,Master's,2024-07-05,1,Non-Travel,17,43255,1,0,3,2,4,No,2,4,No
1459,31,Female,Single,Customer Support,Support Associate,High School,2019-01-31,6,Non-Travel,16,41469,1,2,3,3,3,Yes,4,1,No
1460,29,Female,Married,Sales,Sales Manager,Master's,2022-03-31,3,Travel_Rarely,6,58312,2,0,4,3,3,Yes,1,0,Yes
1461,29,Male,Married,Customer Support,Support Associate,High School,2022-12-09,3,Travel_Rarely,1,34366,0,2,3,4,4,No,4,1,No
1462,33,Female,Single,Human Resources,HR Associate,Master's,2025-08-16,0,Non-Travel,2,38080,0,4,3,2,2,Yes,3,4,Yes
1463,44,Female,Single,Customer Support,Support Team Lead,Master's,2025-08-12,0,Travel_Frequently,1,44111,0,2,2,4,3,No,3,2,No
1464,23,Male,Divorced,Finance,Accountant,High School,2025-03-15,0,Travel_Frequently,1,53785,0,1,2,4,3,No,4,2,No
1465,27,Male,Married,Finance,Accountant,Master's,2018-01-04,7,Travel_Rarely,1,74330,0,1,3,4,3,No,1,0,No
1466,29,Male,Single,Sales,Sales Executive,Bachelor's,2022-04-12,3,Travel_Rarely,1,38586,1,0,2,2,3,Yes,3,0,No
1467,46,Male,Single,Operations,Logistics Coordinator,Bachelor's,2021-10-16,4,Non-Travel,1,62664,0,1,2,2,2,Yes,3,5,Yes
1468,38,Male,Single,Sales,Sales Executive,Master's,2024-03-10,1,Travel_Rarely,4,36244,1,3,2,3,3,No,3,5,No
1469,36,Male,Married,Finance,Financial Analyst,Bachelor's,2024-06-19,1,Non-Travel,5,48000,1,2,3,2,3,No,3,2,No
1470,32,Male,Single,Human Resources,HR Manager,Master's,2022-05-28,3,Travel_Rarely,2,53977,0,2,3,3,2,No,3,1,Yes
1471,29,Male,Single,Operations,Operations Associate,Bachelor's,2021-01-01,5,Travel_Rarely,27,41998,0,0,1,3,3,Yes,3,4,No
1472,32,Male,Single,Sales,Sales Executive,Bachelor's,2016-03-07,9,Travel_Rarely,11,55844,1,2,4,3,3,No,5,1,No
1473,38,Female,Single,Operations,Operations Manager,High School,2024-07-06,1,Travel_Rarely,1,57045,1,2,3,1,4,Yes,3,2,No
1474,39,Male,Married,Marketing,Marketing Manager,Bachelor's,2023-09-05,2,Travel_Rarely,2,50837,2,1,3,2,2,No,4,3,Yes
1475,39,Male,Married,Sales,Account Manager,High School,2021-05-03,4,Travel_Frequently,3,85903,2,1,1,2,3,Yes,4,1,No
1476,24,Male,Divorced,Engineering,Engineering Manager,High School,2023-12-10,2,Non-Travel,1,119070,2,2,2,3,4,Yes,4,0,No
1477,31,Male,Single,Operations,Operations Manager,Master's,2025-12-12,0,Non-Travel,15,45525,0,3,3,3,4,No,4,1,No
1478,31,Female,Divorced,Customer Support,Support Team Lead,Bachelor's,2015-12-06,10,Non-Travel,15,59311,7,1,4,2,1,No,4,4,No
1479,35,Female,Single,Human Resources,HR Manager,Bachelor's,2023-09-21,2,Travel_Frequently,6,47686,1,2,3,3,4,No,5,4,No
1480,29,Female,Single,Engineering,Senior Engineer,PhD,2019-06-05,6,Travel_Rarely,7,108456,0,2,3,2,4,Yes,3,0,Yes
1481,42,Male,Married,Marketing,Marketing Associate,Bachelor's,2023-07-02,2,Travel_Rarely,8,41481,1,0,4,2,3,No,3,0,No
1482,33,Female,Married,Finance,Accountant,Master's,2022-03-27,3,Travel_Frequently,4,64844,3,0,3,3,4,No,4,4,No
1483,40,Male,Single,Engineering,QA Engineer,Master's,2025-05-19,0,Non-Travel,6,101993,0,2,3,4,4,No,4,1,Yes
1484,41,Female,Married,Engineering,Senior Engineer,Master's,2024-06-17,1,Travel_Rarely,21,89105,1,1,3,3,3,No,4,2,No
1485,34,Female,Single,Marketing,Content Specialist,Master's,2025-01-26,0,Travel_Rarely,22,56807,0,0,3,3,4,No,3,6,No
1486,25,Male,Married,Marketing,Marketing Manager,High School,2025-12-10,0,Travel_Rarely,24,41927,0,2,3,1,4,No,2,2,Yes
1487,40,Female,Single,Finance,Accountant,Bachelor's,2019-05-13,6,Travel_Frequently,1,76864,4,1,3,4,3,No,3,4,No
1488,39,Male,Divorced,Human Resources,Recruiter,Bachelor's,2011-04-15,14,Non-Travel,8,107934,1,1,4,1,3,No,3,1,No
1489,32,Female,Single,Human Resources,HR Manager,Bachelor's,2021-08-17,4,Non-Travel,4,58887,0,1,3,3,3,Yes,5,1,Yes
1490,36,Male,Single,Engineering,Senior Engineer,Master's,2025-06-12,0,Travel_Rarely,3,76916,0,4,3,3,4,No,3,2,No
1491,30,Male,Married,Engineering,Software Engineer,Master's,2025-10-16,0,Non-Travel,1,54998,0,2,2,1,3,No,3,3,No
1492,31,Male,Single,Customer Support,Support Team Lead,Bachelor's,2025-09-03,0,Travel_Rarely,9,43546,0,3,4,4,3,No,4,1,No
1493,21,Male,Single,Sales,Sales Executive,Bachelor's,2025-05-13,0,Non-Travel,8,41007,0,2,2,3,2,No,2,2,No
1494,39,Female,Married,Engineering,QA Engineer,High School,2012-11-24,13,Travel_Frequently,3,129725,1,1,3,2,4,No,3,3,No
1495,28,Female,Married,Customer Support,Support Team Lead,Master's,2022-09-20,3,Travel_Frequently,1,46368,3,1,3,4,3,No,3,2,No
1496,30,Female,Married,Finance,Financial Analyst,Bachelor's,2015-03-04,10,Non-Travel,10,63620,1,3,4,2,1,No,3,2,No
1497,35,Female,Married,Engineering,Engineering Manager,Master's,2020-09-02,5,Travel_Frequently,3,145081,1,1,4,3,4,Yes,5,0,No
1498,28,Male,Single,Engineering,Engineering Manager,Bachelor's,2017-03-23,8,Travel_Rarely,9,159211,0,2,3,4,3,No,5,0,No
1499,27,Female,Divorced,Marketing,Marketing Associate,Bachelor's,2025-08-25,0,Travel_Frequently,3,35572,0,1,3,3,2,No,3,4,No
1500,38,Male,Married,Sales,Account Manager,Bachelor's,2019-03-03,6,Travel_Rarely,5,90615,2,3,2,1,4,No,3,1,No
