EmployeeID,Age,Gender,MaritalStatus,Department,JobRole,Education,HireDate,TenureYears,BusinessTravel,DistanceFromHomeKM,MonthlyIncome,YearsSinceLastPromotion,NumCompaniesWorked,WorkLifeBalance,EnvironmentSatisfaction,JobSatisfaction,OverTime,PerformanceRating,TrainingTimesLastYear,Attrition,SegmentLabel,AttritionRiskScore,RiskCategory
1,38,Male,Married,Engineering,Software Engineer,High School,2022-09-03,3,Travel_Rarely,9,62116,0,3,2,3,3,No,3,1,No,Disengaged,0.3296734695684417,Medium
2,22,Female,Married,Finance,Finance Manager,High School,2024-05-03,1,Non-Travel,1,72934,0,2,3,1,4,Yes,4,2,Yes,Early-Career Builder,,
3,21,Female,Single,Operations,Operations Manager,High School,2024-01-17,1,Non-Travel,3,42891,1,2,2,3,2,No,2,3,No,High Performer / Flight Risk,0.3823088512004203,Medium
4,41,Female,Single,Finance,Financial Analyst,Master's,2015-11-23,10,Non-Travel,3,66549,1,2,4,4,4,Yes,3,0,No,Stable Core,0.2083438682900729,Low
5,35,Female,Married,Sales,Sales Executive,High School,2023-09-29,2,Travel_Rarely,1,42808,2,4,2,3,2,No,4,1,No,High Performer / Flight Risk,0.4186231775284465,Medium
6,31,Male,Married,Marketing,Marketing Associate,Bachelor's,2019-05-15,6,Travel_Rarely,9,43126,0,1,3,1,2,Yes,4,1,No,High Performer / Flight Risk,0.4146671644215876,Medium
7,28,Female,Married,Engineering,Senior Engineer,Master's,2024-05-22,1,Travel_Rarely,6,81925,1,0,3,2,4,No,5,3,No,Early-Career Builder,0.3222218288414122,Medium
8,34,Male,Divorced,Engineering,Engineering Manager,High School,2025-08-08,0,Travel_Rarely,5,124194,0,2,3,2,2,No,3,5,Yes,High Performer / Flight Risk,,
9,31,Male,Divorced,Human Resources,Recruiter,Bachelor's,2017-09-08,8,Travel_Rarely,1,85233,0,1,2,3,4,No,3,2,No,Stable Core,0.1091691088223354,Low
10,44,Male,Single,Marketing,Marketing Associate,PhD,2022-12-12,3,Travel_Frequently,7,42043,1,1,3,2,1,No,3,4,No,High Performer / Flight Risk,0.4408034252577232,Medium
11,36,Male,Single,Customer Support,Support Associate,Master's,2025-04-24,0,Non-Travel,6,31794,0,3,3,4,2,No,4,4,No,High Performer / Flight Risk,0.3379292372461209,Medium
12,38,Female,Married,Operations,Operations Manager,Bachelor's,2025-11-27,0,Travel_Rarely,17,40850,0,0,3,1,3,No,3,1,Yes,Early-Career Builder,,
13,21,Male,Single,Finance,Accountant,Bachelor's,2024-11-03,1,Non-Travel,6,62913,1,4,4,2,3,Yes,1,4,No,Early-Career Builder,0.4548482934628255,Medium
14,28,Male,Single,Human Resources,HR Associate,Master's,2024-04-05,1,Travel_Rarely,1,32953,0,1,2,3,4,Yes,1,3,No,Disengaged,0.4969560484044523,Medium
15,30,Female,Married,Sales,Sales Manager,Bachelor's,2024-04-27,1,Travel_Rarely,7,56747,1,6,4,4,3,No,4,1,Yes,Early-Career Builder,,
16,23,Male,Single,Marketing,Content Specialist,Master's,2025-04-13,0,Non-Travel,5,58430,0,1,3,4,3,No,3,2,No,Early-Career Builder,0.3551489788641669,Medium
17,46,Male,Married,Marketing,Content Specialist,Bachelor's,2020-01-07,5,Travel_Rarely,2,73810,0,0,4,4,3,No,4,2,No,Early-Career Builder,0.2366662079270371,Low
18,27,Male,Divorced,Sales,Sales Executive,Master's,2019-11-07,6,Travel_Frequently,1,50887,2,6,3,4,2,No,3,3,No,High Performer / Flight Risk,0.3443433300156411,Medium
19,32,Male,Single,Marketing,Marketing Manager,Master's,2024-07-19,1,Travel_Rarely,1,60487,1,0,2,2,3,No,4,2,No,Disengaged,0.3795341895052774,Medium
20,37,Male,Divorced,Sales,Sales Executive,Master's,2025-08-06,0,Non-Travel,9,37754,0,6,3,2,3,Yes,4,1,No,Early-Career Builder,0.3573154339949559,Medium
21,21,Male,Single,Engineering,Engineering Manager,High School,2024-05-27,1,Travel_Frequently,4,127973,1,1,4,3,2,No,4,4,Yes,High Performer / Flight Risk,,
22,43,Female,Divorced,Sales,Account Manager,Master's,2024-02-26,1,Travel_Frequently,6,68173,1,0,4,3,2,No,4,1,No,High Performer / Flight Risk,0.3609367120928407,Medium
23,29,Male,Single,Customer Support,Support Team Lead,Master's,2019-05-12,6,Non-Travel,1,56796,3,2,2,1,3,No,3,3,No,Disengaged,0.3405960697046113,Medium
24,44,Female,Single,Operations,Operations Associate,Bachelor's,2019-08-18,6,Travel_Rarely,31,34496,2,1,2,2,2,Yes,4,1,No,High Performer / Flight Risk,0.350641512545654,Medium
25,34,Male,Single,Customer Support,Support Associate,Bachelor's,2024-03-31,1,Non-Travel,1,33863,1,1,3,3,1,No,4,0,No,High Performer / Flight Risk,0.253599659556218,Low
26,32,Male,Married,Human Resources,HR Associate,Bachelor's,2013-03-05,12,Travel_Rarely,4,55328,4,2,3,3,2,Yes,3,0,No,Stable Core,0.2540041739424433,Low
27,21,Female,Married,Sales,Sales Manager,Master's,2024-12-08,1,Non-Travel,6,57088,1,2,2,3,3,No,3,3,No,Disengaged,0.362514957835714,Medium
28,28,Female,Married,Sales,Sales Manager,High School,2019-08-04,6,Travel_Rarely,32,65680,6,3,3,4,3,No,3,2,No,Stable Core,0.3054330224211626,Medium
29,48,Female,Married,Customer Support,Support Associate,Bachelor's,2020-11-25,5,Travel_Rarely,1,38808,0,0,1,4,3,No,3,4,No,Disengaged,0.4582537202797841,Medium
30,32,Male,Divorced,Operations,Operations Manager,Bachelor's,2015-08-19,10,Travel_Rarely,1,65919,3,2,2,3,4,No,4,5,No,Stable Core,0.1291795406220475,Low
31,32,Male,Single,Marketing,Marketing Associate,Bachelor's,2022-09-21,3,Travel_Rarely,10,44765,2,2,3,3,4,No,4,2,No,Early-Career Builder,0.3202231312438456,Medium
32,48,Male,Married,Sales,Sales Executive,Bachelor's,2025-05-19,0,Travel_Rarely,5,44525,0,0,3,3,4,No,4,2,No,Early-Career Builder,0.2339941297069672,Low
33,36,Female,Single,Engineering,QA Engineer,Bachelor's,2023-09-14,2,Travel_Frequently,12,97456,0,3,1,2,4,No,2,1,Yes,Disengaged,,
34,30,Male,Single,Engineering,QA Engineer,Master's,2022-08-07,3,Travel_Rarely,7,109200,3,4,1,4,2,No,3,0,Yes,Disengaged,,
35,25,Male,Married,Finance,Finance Manager,Master's,2020-07-09,5,Non-Travel,2,92053,0,3,3,3,3,No,4,2,No,Stable Core,0.2740604439910981,Low
36,56,Female,Single,Finance,Financial Analyst,Bachelor's,2024-11-08,1,Travel_Rarely,4,48440,0,1,3,1,2,No,3,2,Yes,High Performer / Flight Risk,,
37,31,Male,Married,Human Resources,HR Manager,High School,2021-05-24,4,Travel_Rarely,15,59893,0,5,4,3,1,No,3,3,No,High Performer / Flight Risk,0.4362361654911307,Medium
38,26,Male,Married,Customer Support,Support Team Lead,Master's,2023-09-10,2,Travel_Rarely,1,42473,0,6,1,3,3,No,2,1,Yes,Disengaged,,
39,47,Female,Married,Human Resources,HR Manager,Bachelor's,2025-07-13,0,Travel_Rarely,3,51084,0,2,4,1,4,No,5,5,No,Early-Career Builder,0.2707195989328994,Low
40,33,Male,Married,Sales,Account Manager,Bachelor's,2018-01-03,7,Travel_Rarely,3,98563,2,1,1,1,4,Yes,2,5,Yes,Disengaged,,
41,40,Female,Married,Operations,Logistics Coordinator,Master's,2021-06-18,4,Travel_Rarely,1,68986,2,0,3,4,3,No,3,1,No,Early-Career Builder,0.2931280116991796,Low
42,32,Male,Single,Finance,Finance Manager,Bachelor's,2018-09-22,7,Non-Travel,1,86429,2,0,3,3,4,No,4,3,No,Stable Core,0.1554722868357849,Low
43,30,Male,Single,Sales,Account Manager,High School,2015-11-25,10,Non-Travel,5,86164,1,1,2,3,3,No,1,3,No,Stable Core,0.1449678231959916,Low
44,39,Male,Married,Sales,Account Manager,PhD,2024-01-24,1,Non-Travel,7,75424,1,1,3,4,2,No,2,0,No,High Performer / Flight Risk,0.3973817696364197,Medium
45,28,Male,Married,Sales,Sales Manager,Bachelor's,2025-11-16,0,Travel_Rarely,2,59136,0,4,3,4,1,No,4,2,No,High Performer / Flight Risk,0.4562112001905574,Medium
46,33,Female,Single,Sales,Account Manager,Bachelor's,2021-04-16,4,Non-Travel,9,79167,4,0,4,4,1,No,3,6,No,High Performer / Flight Risk,0.4047909702256518,Medium
47,37,Female,Married,Engineering,QA Engineer,High School,2018-01-23,7,Non-Travel,17,134193,7,2,4,2,4,Yes,3,2,No,Stable Core,0.284494225633198,Low
48,29,Female,Single,Sales,Sales Manager,High School,2021-01-23,4,Non-Travel,4,60880,0,2,4,4,2,No,4,1,Yes,High Performer / Flight Risk,,
49,29,Male,Single,Operations,Operations Manager,Master's,2020-12-26,5,Travel_Rarely,2,55629,0,1,4,2,4,No,4,3,No,Early-Career Builder,0.400769570454389,Medium
50,35,Male,Married,Operations,Logistics Coordinator,Master's,2024-04-20,1,Non-Travel,16,61302,1,1,2,1,2,No,3,0,No,High Performer / Flight Risk,0.4296859412269747,Medium
51,35,Male,Married,Engineering,Engineering Manager,Bachelor's,2019-08-03,6,Non-Travel,6,156694,0,1,3,3,3,No,3,4,No,Stable Core,0.2292863603388413,Low
52,39,Male,Married,Operations,Logistics Coordinator,High School,2023-10-07,2,Non-Travel,5,58215,2,1,3,4,1,No,3,2,No,High Performer / Flight Risk,0.3905656004054764,Medium
53,45,Female,Single,Finance,Accountant,Bachelor's,2025-04-15,0,Travel_Frequently,23,62827,0,4,3,3,4,No,2,1,No,Early-Career Builder,0.2988148808500612,Low
54,46,Male,Divorced,Customer Support,Support Associate,Master's,2025-11-08,0,Travel_Rarely,1,28344,0,2,3,2,3,Yes,4,2,No,Early-Career Builder,0.4734535908313638,Medium
55,35,Male,Married,Marketing,Marketing Manager,Bachelor's,2023-09-08,2,Travel_Rarely,8,59255,2,1,3,3,4,Yes,4,3,No,Early-Career Builder,0.4634814211983152,Medium
56,37,Female,Married,Customer Support,Support Team Lead,Bachelor's,2017-09-13,8,Non-Travel,8,52484,4,0,3,3,3,Yes,3,3,No,Stable Core,0.2073541574836956,Low
57,39,Male,Married,Sales,Sales Executive,Bachelor's,2021-10-30,4,Travel_Rarely,6,41232,3,4,1,4,2,Yes,2,2,Yes,Disengaged,,
58,40,Female,Married,Customer Support,Support Associate,Master's,2025-05-30,0,Travel_Rarely,5,29459,0,0,3,4,2,No,5,0,No,High Performer / Flight Risk,0.347912699262995,Medium
59,33,Female,Single,Customer Support,Support Associate,Bachelor's,2024-12-07,1,Travel_Frequently,9,32862,1,2,3,2,4,No,2,6,No,Early-Career Builder,0.3349363156989222,Medium
60,26,Male,Single,Finance,Accountant,Master's,2019-03-30,6,Travel_Rarely,1,66178,1,2,2,3,2,Yes,4,3,No,High Performer / Flight Risk,0.3894829319343666,Medium
61,21,Female,Married,Customer Support,Support Team Lead,Master's,2024-11-20,1,Travel_Frequently,1,45068,0,0,3,4,2,No,2,2,No,High Performer / Flight Risk,0.3905665404233817,Medium
62,33,Male,Married,Engineering,QA Engineer,Bachelor's,2022-08-20,3,Non-Travel,4,109873,2,1,3,2,3,Yes,5,3,No,Stable Core,0.4590698398149467,Medium
63,35,Male,Single,Operations,Logistics Coordinator,Bachelor's,2022-12-08,3,Travel_Rarely,18,74892,0,2,4,3,4,Yes,4,2,Yes,Early-Career Builder,,
64,37,Female,Married,Sales,Sales Executive,Bachelor's,2021-07-26,4,Non-Travel,1,48875,2,3,3,4,3,No,5,3,No,Early-Career Builder,0.2839601008313144,Low
65,29,Female,Married,Engineering,Senior Engineer,High School,2023-08-26,2,Non-Travel,7,83705,2,1,2,1,3,No,5,2,Yes,Disengaged,,
66,39,Male,Married,Engineering,Senior Engineer,Master's,2023-12-22,2,Travel_Frequently,2,77617,2,5,4,2,4,No,4,0,No,Early-Career Builder,0.2827142297167418,Low
67,21,Female,Divorced,Engineering,Senior Engineer,Bachelor's,2024-02-06,1,Travel_Frequently,1,74098,1,2,3,3,3,No,4,2,No,Early-Career Builder,0.2334109465459484,Low
68,29,Female,Married,Sales,Account Manager,Bachelor's,2021-06-10,4,Non-Travel,15,78722,2,1,3,3,2,No,2,0,Yes,High Performer / Flight Risk,,
69,39,Female,Single,Operations,Operations Associate,Master's,2025-11-20,0,Non-Travel,12,32109,0,1,4,1,4,No,3,1,No,Early-Career Builder,0.3548915784704084,Medium
70,31,Female,Married,Sales,Account Manager,Bachelor's,2024-09-23,1,Travel_Rarely,4,62986,1,4,3,3,1,Yes,4,1,Yes,High Performer / Flight Risk,,
71,24,Male,Married,Sales,Sales Manager,High School,2025-07-26,0,Travel_Rarely,14,56215,0,0,3,2,3,No,3,2,No,Early-Career Builder,0.4058450312327896,Medium
72,35,Male,Married,Finance,Financial Analyst,Bachelor's,2014-08-26,11,Non-Travel,18,73169,2,3,3,2,4,No,4,0,No,Stable Core,0.1172218800623563,Low
73,33,Female,Single,Human Resources,HR Associate,Bachelor's,2025-08-07,0,Travel_Rarely,11,35263,0,1,2,1,4,No,3,0,No,Disengaged,0.3999740170477659,Medium
74,27,Female,Married,Engineering,Senior Engineer,Master's,2025-03-16,0,Travel_Rarely,1,87920,0,3,3,4,2,No,3,3,Yes,High Performer / Flight Risk,,
75,24,Female,Married,Sales,Sales Manager,Bachelor's,2021-04-09,4,Travel_Rarely,14,68330,2,2,3,4,4,Yes,3,1,No,Early-Career Builder,0.395674178920513,Medium
76,38,Female,Single,Finance,Financial Analyst,Bachelor's,2023-06-28,2,Non-Travel,1,50551,1,1,4,4,4,Yes,3,4,No,Early-Career Builder,0.4483749962653153,Medium
77,47,Male,Single,Human Resources,HR Associate,Master's,2018-02-23,7,Travel_Frequently,3,54208,0,1,4,4,3,No,4,3,No,Early-Career Builder,0.1464104031786956,Low
78,44,Female,Married,Sales,Account Manager,High School,2017-05-26,8,Travel_Rarely,6,101471,3,2,1,1,3,No,4,3,No,Stable Core,0.326689088372794,Medium
79,29,Female,Married,Customer Support,Support Team Lead,Master's,2019-03-06,6,Travel_Rarely,8,52283,3,0,3,4,3,No,4,1,No,Early-Career Builder,0.3955939778497354,Medium
80,21,Female,Married,Operations,Operations Manager,Bachelor's,2024-10-25,1,Travel_Rarely,5,46696,1,2,3,2,4,No,5,0,Yes,Early-Career Builder,,
81,26,Male,Married,Engineering,Engineering Manager,Bachelor's,2019-02-01,6,Non-Travel,1,136971,4,0,3,3,3,No,4,0,No,Stable Core,0.2555666471469299,Low
82,26,Male,Married,Sales,Account Manager,Bachelor's,2024-08-01,1,Travel_Frequently,2,64437,1,3,2,2,2,Yes,4,2,No,High Performer / Flight Risk,0.5585328059235075,Medium
83,35,Female,Single,Human Resources,HR Associate,Bachelor's,2022-06-19,3,Travel_Rarely,1,43682,0,3,4,2,3,No,4,3,Yes,Early-Career Builder,,
84,40,Male,Married,Sales,Account Manager,Master's,2017-10-02,8,Travel_Rarely,6,83385,0,1,4,3,3,No,2,1,No,Stable Core,0.1332411293327805,Low
85,48,Male,Married,Sales,Sales Executive,Master's,2019-11-17,6,Travel_Rarely,6,53885,0,3,3,3,1,No,4,5,No,High Performer / Flight Risk,0.2155937843005168,Low
86,43,Male,Divorced,Customer Support,Support Associate,PhD,2021-04-08,4,Travel_Rarely,1,34960,0,2,4,3,2,No,2,5,No,High Performer / Flight Risk,0.283584481765404,Low
87,38,Female,Divorced,Operations,Operations Manager,Bachelor's,2019-06-27,6,Travel_Rarely,1,52050,2,4,2,1,4,Yes,3,0,No,Disengaged,0.3746147279136385,Medium
88,38,Male,Single,Operations,Logistics Coordinator,Master's,2024-06-25,1,Travel_Rarely,1,56561,1,3,4,3,4,Yes,3,2,Yes,Early-Career Builder,,
89,29,Female,Married,Sales,Account Manager,High School,2020-08-01,5,Travel_Frequently,13,81008,2,5,3,3,2,Yes,2,1,No,High Performer / Flight Risk,0.4456459570068129,Medium
90,38,Female,Divorced,Sales,Sales Executive,High School,2024-05-25,1,Travel_Frequently,3,43460,1,1,2,4,3,No,3,1,No,Disengaged,0.2578702118629071,Low
91,41,Male,Single,Customer Support,Support Associate,Master's,2017-10-29,8,Travel_Frequently,4,43475,0,1,2,4,3,No,4,1,No,Disengaged,0.2264519445566802,Low
92,28,Male,Single,Engineering,Engineering Manager,Bachelor's,2022-01-07,3,Non-Travel,3,127378,0,2,3,2,3,Yes,3,1,Yes,Stable Core,,
93,30,Female,Single,Sales,Account Manager,Bachelor's,2023-05-03,2,Travel_Frequently,4,77995,0,1,3,3,4,No,4,2,No,Early-Career Builder,0.3302242764284989,Medium
94,21,Male,Divorced,Operations,Operations Associate,Master's,2024-05-07,1,Travel_Rarely,15,33621,1,2,3,3,4,No,3,5,No,Early-Career Builder,0.2021461706760028,Low
95,41,Female,Married,Sales,Sales Executive,Bachelor's,2020-07-31,5,Travel_Frequently,13,49102,2,2,3,4,4,Yes,3,1,No,Early-Career Builder,0.3272184215553358,Medium
96,31,Female,Single,Sales,Sales Executive,Bachelor's,2024-09-02,1,Travel_Rarely,6,40405,1,0,3,1,3,No,3,1,Yes,Early-Career Builder,,
97,44,Female,Married,Finance,Finance Manager,High School,2024-08-29,1,Travel_Rarely,14,85167,1,1,2,4,2,No,3,1,No,High Performer / Flight Risk,0.3730119259914991,Medium
98,22,Male,Single,Sales,Sales Executive,PhD,2024-09-02,1,Travel_Frequently,7,36475,0,1,3,3,4,No,3,1,No,Early-Career Builder,0.2939649596458292,Low
99,25,Male,Single,Sales,Sales Manager,Bachelor's,2020-02-13,5,Travel_Rarely,7,68668,1,4,3,2,3,Yes,3,3,No,Early-Career Builder,0.4564142658089489,Medium
100,48,Female,Divorced,Sales,Account Manager,Bachelor's,2022-12-29,3,Travel_Frequently,1,78457,1,3,2,4,3,No,3,6,No,Disengaged,0.1423220680373084,Low
101,22,Female,Married,Sales,Sales Executive,Bachelor's,2024-10-31,1,Travel_Rarely,20,44805,0,4,2,3,4,Yes,3,1,Yes,Disengaged,,
102,40,Male,Married,Human Resources,HR Associate,Master's,2021-11-26,4,Travel_Rarely,17,38588,1,3,3,3,3,No,4,0,No,Early-Career Builder,0.3560688094722393,Medium
103,34,Male,Married,Operations,Operations Manager,High School,2019-08-12,6,Travel_Rarely,1,52152,4,1,2,2,1,No,4,2,No,High Performer / Flight Risk,0.309450660222292,Medium
104,22,Female,Single,Sales,Account Manager,Bachelor's,2023-10-21,2,Travel_Rarely,2,78394,2,2,4,2,3,Yes,3,1,No,Early-Career Builder,0.43642868382983,Medium
105,38,Female,Married,Engineering,QA Engineer,High School,2020-06-02,5,Non-Travel,2,113139,2,1,3,2,4,No,4,5,No,Stable Core,0.278879176913715,Low
106,49,Male,Single,Marketing,Content Specialist,Master's,2025-12-10,0,Non-Travel,1,65778,0,1,3,4,2,No,3,2,No,High Performer / Flight Risk,0.3268977672946736,Medium
107,43,Male,Married,Finance,Financial Analyst,Master's,2018-12-18,7,Travel_Rarely,12,54046,3,0,3,4,2,No,5,0,No,High Performer / Flight Risk,0.2192900468283601,Low
108,49,Female,Married,Sales,Account Manager,Master's,2024-02-24,1,Non-Travel,9,72370,1,2,3,3,4,Yes,4,1,No,Early-Career Builder,0.198380307328442,Low
109,39,Female,Single,Finance,Finance Manager,Bachelor's,2023-07-01,2,Travel_Rarely,3,84131,0,2,3,2,3,No,3,5,No,Early-Career Builder,0.3426797351273012,Medium
110,40,Male,Married,Sales,Account Manager,Bachelor's,2021-07-29,4,Travel_Rarely,1,82269,0,1,2,2,3,No,3,2,No,Disengaged,0.2880653500793344,Low
111,43,Female,Single,Human Resources,Recruiter,High School,2022-07-28,3,Non-Travel,7,61848,1,0,4,3,2,No,4,0,No,High Performer / Flight Risk,0.43032618348121,Medium
112,29,Male,Single,Customer Support,Support Associate,Bachelor's,2023-12-31,2,Non-Travel,14,33025,2,3,4,3,2,No,4,0,No,High Performer / Flight Risk,0.2983915562677554,Low
113,27,Male,Married,Operations,Logistics Coordinator,PhD,2021-03-09,4,Non-Travel,5,72658,2,2,2,3,4,No,1,0,No,Disengaged,0.3352658367578713,Medium
114,32,Male,Single,Marketing,Marketing Manager,Master's,2024-02-15,1,Non-Travel,4,67374,1,1,1,1,3,Yes,4,3,No,Disengaged,0.5096787727039765,Medium
115,21,Male,Single,Operations,Operations Manager,Master's,2025-06-23,0,Travel_Frequently,6,45117,0,2,4,2,3,No,5,4,No,Early-Career Builder,0.3272194353271058,Medium
116,23,Male,Married,Engineering,QA Engineer,Master's,2025-02-12,0,Non-Travel,14,93986,0,3,2,4,3,No,3,1,No,Disengaged,0.2934447959054624,Low
117,41,Male,Married,Human Resources,Recruiter,Master's,2025-02-04,0,Travel_Rarely,4,58726,0,1,3,4,2,No,5,5,No,High Performer / Flight Risk,0.3324575963331788,Medium
118,27,Female,Single,Sales,Account Manager,Bachelor's,2023-08-17,2,Travel_Frequently,8,74450,2,1,4,3,2,Yes,2,1,Yes,High Performer / Flight Risk,,
119,40,Male,Single,Operations,Operations Associate,Master's,2025-08-14,0,Non-Travel,11,31687,0,3,3,3,3,No,1,1,No,Early-Career Builder,0.2447432343152209,Low
120,43,Male,Married,Sales,Account Manager,Bachelor's,2023-07-19,2,Travel_Frequently,1,74871,1,0,4,2,3,Yes,4,3,No,Early-Career Builder,0.3442065195269094,Medium
121,23,Male,Single,Finance,Finance Manager,Bachelor's,2025-09-11,0,Travel_Rarely,21,77686,0,3,3,1,3,No,2,1,No,Early-Career Builder,0.3650892991630478,Medium
122,36,Male,Divorced,Finance,Financial Analyst,Master's,2025-12-04,0,Non-Travel,4,44678,0,1,3,2,3,Yes,4,4,Yes,Early-Career Builder,,
123,29,Male,Married,Marketing,Content Specialist,Bachelor's,2022-10-11,3,Travel_Rarely,3,69848,1,3,2,1,2,Yes,3,3,Yes,High Performer / Flight Risk,,
124,44,Female,Divorced,Sales,Sales Executive,Bachelor's,2025-10-26,0,Non-Travel,10,44558,0,2,3,3,4,Yes,4,5,No,Early-Career Builder,0.2877806831872288,Low
125,29,Male,Single,Human Resources,HR Manager,Master's,2025-08-04,0,Travel_Rarely,1,48245,0,0,4,3,3,Yes,4,2,No,Early-Career Builder,0.5899803428496645,Medium
126,41,Female,Married,Engineering,Engineering Manager,Master's,2025-01-09,0,Non-Travel,3,121054,0,2,4,3,4,No,4,2,No,Early-Career Builder,0.2429013205855144,Low
127,30,Female,Married,Marketing,Marketing Associate,Bachelor's,2023-08-17,2,Travel_Rarely,5,45025,0,1,3,1,3,No,2,6,No,Early-Career Builder,0.4296627904880885,Medium
128,40,Female,Single,Engineering,Software Engineer,Master's,2024-11-11,1,Travel_Rarely,12,53939,0,1,4,1,4,No,3,4,Yes,Early-Career Builder,,
129,26,Male,Single,Engineering,QA Engineer,Bachelor's,2021-09-12,4,Travel_Rarely,10,119954,1,1,1,2,4,Yes,3,0,No,Disengaged,0.4436865416347815,Medium
130,21,Male,Divorced,Engineering,QA Engineer,Bachelor's,2024-08-28,1,Travel_Rarely,6,90047,1,2,3,3,4,No,3,1,No,Early-Career Builder,0.1808279189892232,Low
131,34,Female,Married,Engineering,Engineering Manager,Bachelor's,2025-03-26,0,Travel_Rarely,1,123389,0,1,3,3,3,No,3,0,No,Stable Core,0.2680875928644823,Low
132,48,Female,Single,Finance,Financial Analyst,Bachelor's,2023-09-07,2,Travel_Frequently,17,43804,1,3,4,3,3,No,2,1,No,Early-Career Builder,0.2625610548866777,Low
133,33,Male,Single,Finance,Finance Manager,High School,2025-06-10,0,Travel_Rarely,10,70299,0,2,2,3,3,Yes,4,2,No,Disengaged,0.4459128022502069,Medium
134,45,Male,Married,Finance,Finance Manager,Bachelor's,2021-06-07,4,Travel_Rarely,8,77597,0,2,4,4,3,No,3,3,No,Early-Career Builder,0.2197654351912577,Low
135,40,Male,Single,Marketing,Marketing Manager,Bachelor's,2023-06-10,2,Travel_Rarely,4,53989,2,2,3,4,2,No,4,2,No,High Performer / Flight Risk,0.4246761467971672,Medium
136,38,Male,Married,Operations,Operations Manager,Bachelor's,2021-06-12,4,Non-Travel,4,56292,3,1,3,4,3,No,2,6,No,Early-Career Builder,0.2957635144088379,Low
137,35,Male,Single,Marketing,Marketing Associate,High School,2017-03-04,8,Travel_Frequently,9,49231,0,0,3,1,4,No,3,1,No,Stable Core,0.1709595011423543,Low
138,40,Female,Single,Sales,Sales Executive,Bachelor's,2024-06-05,1,Travel_Rarely,8,33222,1,6,4,2,4,No,2,2,No,Early-Career Builder,0.3045466142963465,Medium
139,24,Female,Divorced,Human Resources,Recruiter,Bachelor's,2021-06-02,4,Non-Travel,9,71082,0,1,3,3,4,No,5,4,No,Early-Career Builder,0.1928300377804386,Low
140,35,Female,Divorced,Human Resources,HR Associate,Master's,2023-06-08,2,Travel_Rarely,1,39703,0,2,4,3,4,No,4,0,No,Early-Career Builder,0.3114587243574187,Medium
141,47,Female,Single,Sales,Account Manager,Bachelor's,2017-12-22,8,Travel_Rarely,1,82537,6,0,3,3,4,Yes,2,0,No,Stable Core,0.2156324931892616,Low
142,30,Male,Divorced,Sales,Sales Manager,Bachelor's,2024-11-14,1,Non-Travel,18,59983,0,2,3,1,2,No,3,3,Yes,High Performer / Flight Risk,,
143,48,Male,Married,Sales,Sales Executive,Bachelor's,2019-09-19,6,Travel_Frequently,17,52830,1,1,3,3,3,No,3,3,No,Early-Career Builder,0.232919691292923,Low
144,36,Female,Married,Operations,Operations Associate,Bachelor's,2023-10-18,2,Non-Travel,6,40253,0,1,2,2,2,No,3,3,No,High Performer / Flight Risk,0.5334364804476944,Medium
145,31,Female,Married,Finance,Finance Manager,Bachelor's,2020-01-19,5,Non-Travel,1,93625,4,1,1,4,4,No,4,1,No,Disengaged,0.4251266511501346,Medium
146,31,Male,Divorced,Operations,Operations Associate,Bachelor's,2014-02-09,11,Travel_Rarely,5,45669,1,4,4,2,1,Yes,3,4,Yes,High Performer / Flight Risk,,
147,27,Female,Married,Sales,Sales Executive,High School,2024-08-15,1,Non-Travel,1,43907,1,3,4,2,4,No,5,1,No,Early-Career Builder,0.2905385473241322,Low
148,35,Male,Married,Engineering,Software Engineer,Bachelor's,2024-10-31,1,Travel_Rarely,1,64906,1,3,3,3,3,No,3,2,No,Early-Career Builder,0.266847222002865,Low
149,41,Male,Single,Finance,Accountant,Bachelor's,2015-06-09,10,Non-Travel,9,78843,0,3,1,1,4,No,3,1,No,Stable Core,0.270363814905747,Low
150,45,Male,Single,Engineering,QA Engineer,Master's,2023-01-17,2,Non-Travel,1,121409,2,3,3,2,4,No,3,3,No,Stable Core,0.2651798396992183,Low
151,34,Male,Divorced,Sales,Account Manager,Master's,2025-05-20,0,Travel_Rarely,3,66604,0,0,4,4,2,No,3,2,No,High Performer / Flight Risk,0.3953091735909668,Medium
152,28,Male,Married,Sales,Sales Manager,Bachelor's,2018-09-17,7,Non-Travel,22,58570,0,0,3,3,2,No,3,4,No,High Performer / Flight Risk,0.3038792637690401,Medium
153,34,Male,Married,Engineering,QA Engineer,Bachelor's,2025-07-20,0,Non-Travel,3,94159,0,3,3,4,2,No,4,1,No,High Performer / Flight Risk,0.4461997220961321,Medium
154,28,Female,Single,Marketing,Marketing Manager,High School,2024-04-28,1,Non-Travel,7,53407,0,2,4,4,3,No,3,0,No,Early-Career Builder,0.4224887559738445,Medium
155,21,Male,Divorced,Engineering,Senior Engineer,High School,2025-02-12,0,Non-Travel,1,80639,0,2,3,4,2,No,4,0,No,High Performer / Flight Risk,0.2447851289082797,Low
156,28,Male,Single,Engineering,Senior Engineer,Master's,2020-08-09,5,Travel_Rarely,17,96422,1,1,3,2,4,Yes,4,4,Yes,Stable Core,,
157,32,Female,Divorced,Sales,Sales Manager,Bachelor's,2025-08-05,0,Non-Travel,7,59557,0,2,4,2,3,Yes,3,2,No,Early-Career Builder,0.4953813910100903,Medium
158,24,Male,Married,Operations,Operations Associate,High School,2021-09-30,4,Travel_Rarely,1,37510,4,2,1,3,3,Yes,4,0,No,Disengaged,0.472876926988335,Medium
159,26,Male,Married,Engineering,Engineering Manager,Bachelor's,2022-05-02,3,Non-Travel,18,149067,1,1,3,4,4,Yes,3,2,No,Stable Core,0.3845944380377035,Medium
160,29,Male,Single,Sales,Sales Manager,Bachelor's,2020-07-06,5,Travel_Rarely,6,66107,3,1,2,2,3,No,4,0,Yes,Disengaged,,
161,29,Female,Single,Engineering,QA Engineer,Master's,2016-01-12,9,Non-Travel,4,142903,0,4,2,4,3,No,3,0,No,Stable Core,0.1732985371372938,Low
162,42,Female,Single,Operations,Logistics Coordinator,Bachelor's,2009-03-20,16,Travel_Rarely,6,90165,5,4,4,1,4,No,3,2,No,Stable Core,0.1318962446030035,Low
163,29,Male,Married,Sales,Sales Manager,Master's,2016-06-21,9,Travel_Rarely,9,71845,1,1,4,2,4,Yes,4,2,No,Stable Core,0.3006066062514162,Medium
164,26,Male,Single,Sales,Sales Executive,Master's,2019-07-27,6,Travel_Rarely,1,48863,0,3,2,3,4,Yes,4,3,Yes,Disengaged,,
165,37,Female,Married,Marketing,Marketing Manager,Master's,2025-11-27,0,Travel_Frequently,7,51885,0,3,2,4,1,No,3,1,No,High Performer / Flight Risk,0.51811038233004,Medium
166,32,Female,Married,Finance,Financial Analyst,Master's,2024-03-20,1,Travel_Rarely,3,46104,0,2,3,3,2,Yes,4,6,No,High Performer / Flight Risk,0.5336821046536975,Medium
167,31,Female,Single,Engineering,Engineering Manager,PhD,2025-10-19,0,Non-Travel,1,113660,0,2,3,3,3,No,4,4,No,Early-Career Builder,0.39958991848475,Medium
168,37,Female,Married,Customer Support,Support Associate,Master's,2020-07-13,5,Travel_Rarely,5,36068,0,2,2,2,4,No,4,2,Yes,Disengaged,,
169,33,Female,Divorced,Engineering,QA Engineer,Bachelor's,2021-05-17,4,Travel_Rarely,1,109610,4,0,4,4,4,No,3,6,No,Stable Core,0.159956139183468,Low
170,36,Female,Married,Human Resources,HR Manager,Bachelor's,2023-06-02,2,Travel_Rarely,13,47738,0,0,3,2,2,No,4,2,No,High Performer / Flight Risk,0.481533502769724,Medium
171,29,Female,Single,Marketing,Marketing Manager,PhD,2019-12-27,6,Travel_Rarely,7,63667,1,2,3,2,4,Yes,2,4,Yes,Early-Career Builder,,
172,45,Male,Single,Customer Support,Support Team Lead,High School,2025-07-30,0,Travel_Rarely,7,44479,0,1,3,3,4,No,3,2,No,Early-Career Builder,0.3971845388029985,Medium
173,44,Female,Divorced,Sales,Sales Manager,High School,2023-09-30,2,Non-Travel,12,60347,2,2,2,3,3,No,1,1,No,Disengaged,0.2661095625729164,Low
174,23,Female,Single,Operations,Logistics Coordinator,Bachelor's,2025-12-22,0,Travel_Rarely,6,58680,0,4,3,2,3,No,3,0,No,Early-Career Builder,0.4196063340932935,Medium
175,39,Male,Single,Finance,Finance Manager,Bachelor's,2025-09-01,0,Travel_Rarely,1,66942,0,2,3,4,2,No,2,0,No,High Performer / Flight Risk,0.3797159750053324,Medium
176,49,Male,Single,Customer Support,Support Associate,High School,2025-02-09,0,Travel_Rarely,8,30430,0,0,2,2,2,No,3,4,Yes,High Performer / Flight Risk,,
177,26,Male,Single,Customer Support,Support Team Lead,Bachelor's,2025-11-07,0,Non-Travel,3,44468,0,1,4,3,4,No,3,1,No,Early-Career Builder,0.3822688259052438,Medium
178,29,Male,Single,Customer Support,Support Team Lead,Bachelor's,2024-10-18,1,Travel_Rarely,39,46248,1,1,3,4,2,No,3,5,Yes,High Performer / Flight Risk,,
179,29,Male,Single,Human Resources,HR Manager,PhD,2021-08-29,4,Travel_Rarely,4,63920,0,2,4,4,2,No,4,2,Yes,High Performer / Flight Risk,,
180,48,Female,Single,Customer Support,Support Associate,High School,2024-10-06,1,Travel_Rarely,6,35250,1,4,2,3,3,No,3,0,No,Disengaged,0.3420644185187078,Medium
181,31,Male,Single,Engineering,Senior Engineer,Bachelor's,2025-04-18,0,Travel_Rarely,6,74898,0,3,1,4,3,No,4,5,No,Disengaged,0.523554468813998,Medium
182,28,Male,Single,Engineering,Software Engineer,Bachelor's,2022-12-13,3,Non-Travel,1,57550,0,2,3,3,4,No,1,2,No,Early-Career Builder,0.3348510995721538,Medium
183,27,Male,Divorced,Marketing,Marketing Manager,Bachelor's,2025-10-27,0,Non-Travel,1,53356,0,1,3,3,2,No,4,2,No,High Performer / Flight Risk,0.281259458102832,Low
184,34,Female,Single,Engineering,QA Engineer,PhD,2017-05-24,8,Non-Travel,8,136461,0,2,3,4,2,No,3,3,No,Stable Core,0.2627690499091553,Low
185,37,Male,Married,Operations,Logistics Coordinator,High School,2021-12-03,4,Non-Travel,2,60941,0,5,2,3,4,No,3,3,No,Disengaged,0.3140269075834746,Medium
186,29,Female,Married,Sales,Sales Manager,Master's,2025-11-09,0,Travel_Frequently,3,58447,0,3,1,4,3,No,3,2,Yes,Disengaged,,
187,32,Female,Single,Human Resources,HR Associate,Master's,2019-11-16,6,Travel_Rarely,8,36680,2,3,3,4,1,No,4,2,No,High Performer / Flight Risk,0.3859081472264822,Medium
188,36,Male,Single,Engineering,Engineering Manager,High School,2009-05-06,16,Travel_Rarely,1,193893,0,0,3,1,3,No,3,3,No,Stable Core,0.1621028262754024,Low
189,26,Female,Married,Operations,Operations Manager,Master's,2023-08-26,2,Travel_Rarely,14,55704,0,0,3,3,3,No,2,2,No,Early-Career Builder,0.4189282322903149,Medium
190,39,Female,Single,Operations,Logistics Coordinator,Bachelor's,2015-09-28,10,Non-Travel,10,73141,3,1,2,4,2,No,2,6,Yes,Stable Core,,
191,33,Male,Divorced,Customer Support,Support Team Lead,Master's,2012-03-12,13,Travel_Rarely,15,66520,0,4,1,4,1,No,5,1,Yes,Stable Core,,
192,23,Female,Married,Engineering,Senior Engineer,Master's,2024-12-11,1,Travel_Rarely,14,90212,1,4,2,3,1,No,2,1,No,High Performer / Flight Risk,0.354976230891584,Medium
193,32,Male,Married,Customer Support,Support Associate,High School,2018-07-19,7,Travel_Rarely,1,41247,3,6,3,4,2,No,4,3,Yes,High Performer / Flight Risk,,
194,30,Female,Single,Sales,Account Manager,Bachelor's,2024-02-02,1,Non-Travel,3,68457,1,2,3,2,2,No,5,3,No,High Performer / Flight Risk,0.443862125218103,Medium
195,35,Female,Single,Engineering,Engineering Manager,Bachelor's,2019-07-29,6,Non-Travel,2,156258,0,3,4,2,3,No,3,0,No,Stable Core,0.2224093431448297,Low
196,40,Male,Single,Sales,Account Manager,Bachelor's,2022-06-14,3,Travel_Rarely,1,73406,0,1,3,2,3,No,3,3,No,Early-Career Builder,0.3173852080268168,Medium
197,36,Male,Married,Customer Support,Support Associate,Bachelor's,2024-11-18,1,Travel_Rarely,24,34533,1,2,2,3,2,No,5,3,No,High Performer / Flight Risk,0.3381497324914376,Medium
198,32,Male,Married,Customer Support,Support Associate,Bachelor's,2023-07-03,2,Travel_Rarely,12,34636,2,3,3,3,3,No,3,2,No,Early-Career Builder,0.3137254672712187,Medium
199,30,Female,Single,Sales,Account Manager,PhD,2024-10-26,1,Travel_Rarely,18,70634,1,2,2,2,1,Yes,5,3,No,High Performer / Flight Risk,0.4985067037293461,Medium
200,28,Female,Married,Human Resources,HR Manager,Bachelor's,2018-10-17,7,Non-Travel,18,58789,3,2,4,3,4,Yes,4,2,No,Early-Career Builder,0.1819841893859668,Low
201,35,Female,Married,Human Resources,HR Associate,Master's,2020-04-10,5,Travel_Rarely,2,35836,2,1,3,4,2,No,4,1,No,High Performer / Flight Risk,0.5017731348077317,Medium
202,27,Male,Single,Operations,Operations Manager,Master's,2020-08-25,5,Travel_Rarely,5,47148,0,3,3,3,4,No,4,1,No,Early-Career Builder,0.4029584950152676,Medium
203,43,Male,Single,Engineering,Software Engineer,Master's,2025-11-19,0,Non-Travel,7,54325,0,0,3,3,3,Yes,3,4,No,Early-Career Builder,0.4737588577620473,Medium
204,29,Male,Single,Operations,Operations Associate,Bachelor's,2025-05-21,0,Travel_Rarely,6,32733,0,3,3,3,4,Yes,3,4,No,Early-Career Builder,0.4460061763348678,Medium
205,24,Male,Single,Finance,Accountant,High School,2021-02-26,4,Non-Travel,1,52447,1,1,3,2,3,Yes,4,5,Yes,Early-Career Builder,,
206,31,Male,Single,Sales,Sales Manager,Bachelor's,2020-12-01,5,Travel_Rarely,2,69340,1,2,3,2,3,Yes,4,3,No,Early-Career Builder,0.4707433016585661,Medium
207,31,Female,Single,Finance,Financial Analyst,Master's,2020-10-26,5,Non-Travel,3,50495,0,0,3,3,3,No,2,2,Yes,Early-Career Builder,,
208,33,Female,Divorced,Customer Support,Support Associate,Master's,2024-11-07,1,Non-Travel,2,30659,0,3,3,3,2,No,4,4,No,High Performer / Flight Risk,0.2371502834980677,Low
209,47,Male,Single,Customer Support,Support Associate,Bachelor's,2024-10-18,1,Travel_Rarely,1,31951,1,3,3,4,1,Yes,4,2,No,High Performer / Flight Risk,0.3784140786987432,Medium
210,45,Male,Married,Engineering,QA Engineer,Bachelor's,2023-06-01,2,Travel_Rarely,4,105809,1,5,1,4,4,Yes,3,0,No,Disengaged,0.4026691654701064,Medium
211,31,Male,Single,Engineering,Software Engineer,High School,2018-11-19,7,Travel_Rarely,5,63697,0,1,4,3,4,No,3,4,No,Early-Career Builder,0.1888492193961514,Low
212,29,Female,Married,Sales,Sales Executive,High School,2025-08-10,0,Travel_Rarely,4,39488,0,2,4,4,3,No,5,3,No,Early-Career Builder,0.3674970804073094,Medium
213,36,Female,Married,Sales,Sales Manager,High School,2019-01-15,6,Non-Travel,1,66284,1,1,3,1,3,No,5,3,Yes,Stable Core,,
214,38,Female,Single,Engineering,QA Engineer,PhD,2021-12-14,4,Travel_Rarely,6,104210,4,3,3,3,3,No,4,2,No,Stable Core,0.365949188316233,Medium
215,35,Female,Single,Engineering,Engineering Manager,Bachelor's,2019-01-03,6,Travel_Rarely,2,123373,0,4,4,2,3,No,4,2,No,Stable Core,0.2736827423546408,Low
216,26,Male,Divorced,Engineering,QA Engineer,Bachelor's,2022-10-13,3,Travel_Frequently,4,113651,2,2,1,3,3,No,3,1,No,Disengaged,0.4077748675686539,Medium
217,34,Male,Married,Operations,Operations Manager,Master's,2021-12-16,4,Travel_Rarely,1,58533,2,0,3,4,2,No,2,2,No,High Performer / Flight Risk,0.4368602376566896,Medium
218,21,Male,Married,Sales,Account Manager,Bachelor's,2024-11-11,1,Non-Travel,3,72381,1,2,3,2,3,No,4,3,Yes,Early-Career Builder,,
219,28,Male,Single,Human Resources,HR Associate,Master's,2025-12-11,0,Travel_Rarely,10,36983,0,3,3,4,2,No,3,2,No,High Performer / Flight Risk,0.4524270665804287,Medium
220,35,Male,Single,Marketing,Marketing Manager,Bachelor's,2023-12-03,2,Non-Travel,5,49628,1,0,4,4,4,Yes,4,2,No,Early-Career Builder,0.4450901129509541,Medium
221,27,Male,Single,Finance,Financial Analyst,Bachelor's,2019-08-23,6,Travel_Rarely,2,57521,1,0,3,4,2,Yes,3,3,No,High Performer / Flight Risk,0.4094651034219482,Medium
222,36,Male,Single,Marketing,Content Specialist,Master's,2024-08-27,1,Travel_Rarely,13,66050,1,3,3,3,4,No,4,1,No,Early-Career Builder,0.3017732249735585,Medium
223,37,Male,Married,Engineering,Senior Engineer,Bachelor's,2021-09-25,4,Travel_Rarely,7,99183,0,0,1,3,4,No,3,3,No,Disengaged,0.3754782985347822,Medium
224,38,Female,Single,Operations,Operations Associate,Master's,2024-06-27,1,Non-Travel,3,32697,0,1,4,4,3,No,4,2,No,Early-Career Builder,0.2997060700833094,Low
225,23,Female,Married,Engineering,Software Engineer,High School,2025-01-26,0,Travel_Rarely,3,59374,0,1,4,3,2,Yes,3,0,Yes,High Performer / Flight Risk,,
226,36,Male,Divorced,Sales,Sales Manager,Bachelor's,2025-05-22,0,Travel_Frequently,4,57051,0,4,3,3,4,No,2,2,No,Early-Career Builder,0.2231073144912818,Low
227,39,Female,Divorced,Engineering,Software Engineer,Bachelor's,2018-06-13,7,Non-Travel,1,80515,1,0,4,2,4,No,3,1,No,Stable Core,0.155391704358215,Low
228,33,Male,Married,Operations,Logistics Coordinator,Master's,2021-06-09,4,Travel_Rarely,2,54323,4,1,3,3,2,No,3,1,No,High Performer / Flight Risk,0.4129582860120683,Medium
229,35,Female,Single,Operations,Logistics Coordinator,Bachelor's,2021-03-20,4,Travel_Rarely,1,57847,0,0,3,4,2,Yes,4,1,No,High Performer / Flight Risk,0.5628599565678005,Medium
230,42,Female,Single,Customer Support,Support Associate,Bachelor's,2025-03-08,0,Travel_Rarely,17,34751,0,2,3,4,4,No,3,1,No,Early-Career Builder,0.3380280462664579,Medium
231,21,Male,Divorced,Operations,Operations Associate,Bachelor's,2024-01-31,1,Travel_Frequently,2,29305,1,2,1,2,3,No,4,2,Yes,Disengaged,,
232,35,Male,Single,Marketing,Marketing Manager,Master's,2024-11-05,1,Travel_Rarely,9,51763,1,3,3,3,2,No,3,1,No,High Performer / Flight Risk,0.4085455811571445,Medium
233,24,Male,Single,Engineering,Engineering Manager,High School,2021-02-25,4,Travel_Rarely,10,135405,3,1,3,1,3,No,3,2,Yes,Stable Core,,
234,39,Female,Single,Marketing,Marketing Associate,Master's,2024-06-28,1,Travel_Rarely,7,35592,0,0,4,2,2,No,3,1,No,High Performer / Flight Risk,0.5332472762499969,Medium
235,24,Male,Married,Operations,Operations Associate,High School,2025-06-05,0,Travel_Rarely,5,36763,0,0,3,4,3,No,3,2,No,Early-Career Builder,0.314662996964596,Medium
236,23,Male,Married,Engineering,Senior Engineer,High School,2022-07-26,3,Non-Travel,19,88690,1,0,2,4,4,Yes,4,2,Yes,Disengaged,,
237,36,Female,Married,Engineering,Senior Engineer,Master's,2022-09-26,3,Non-Travel,21,87257,1,1,1,3,4,No,5,1,No,Disengaged,0.5114489997195292,Medium
238,22,Female,Married,Customer Support,Support Associate,Bachelor's,2025-08-22,0,Travel_Frequently,1,29447,0,1,3,2,3,No,4,2,No,Early-Career Builder,0.3438348056267397,Medium
239,36,Male,Married,Operations,Operations Manager,Master's,2024-08-03,1,Non-Travel,1,44524,1,1,3,3,3,No,4,4,No,Early-Career Builder,0.2636603575104984,Low
240,38,Female,Single,Finance,Accountant,High School,2025-10-09,0,Travel_Rarely,6,61882,0,2,3,3,3,Yes,4,3,No,Early-Career Builder,0.4492687336777844,Medium
241,37,Male,Married,Sales,Sales Executive,High School,2025-03-17,0,Non-Travel,13,35809,0,5,3,3,1,No,4,1,No,High Performer / Flight Risk,0.2981216113438125,Low
242,30,Female,Married,Sales,Sales Manager,Bachelor's,2025-07-08,0,Non-Travel,8,57374,0,1,4,3,2,No,3,2,No,High Performer / Flight Risk,0.4669723345485311,Medium
243,21,Male,Married,Finance,Financial Analyst,Master's,2024-10-01,1,Travel_Rarely,5,43599,1,2,3,3,2,No,3,1,No,High Performer / Flight Risk,0.3708337765517698,Medium
244,29,Male,Single,Engineering,Engineering Manager,Bachelor's,2021-05-20,4,Travel_Rarely,26,123230,0,2,3,1,3,No,3,2,Yes,Stable Core,,
245,26,Male,Single,Operations,Operations Manager,Master's,2019-12-03,6,Non-Travel,5,58303,0,3,4,3,2,No,4,3,No,High Performer / Flight Risk,0.3257675203048231,Medium
246,45,Female,Single,Sales,Account Manager,Bachelor's,2021-07-21,4,Non-Travel,1,83206,2,2,2,4,4,Yes,3,4,Yes,Disengaged,,
247,28,Female,Married,Sales,Account Manager,High School,2018-06-29,7,Travel_Frequently,1,89933,1,1,3,3,3,Yes,3,2,No,Stable Core,0.1846226721869171,Low
248,41,Male,Single,Human Resources,HR Associate,Bachelor's,2025-08-20,0,Non-Travel,3,34378,0,0,2,2,4,Yes,4,2,No,Disengaged,0.3826500839052991,Medium
249,39,Female,Married,Marketing,Content Specialist,Master's,2021-07-23,4,Travel_Rarely,12,72920,2,4,2,3,3,Yes,4,3,No,Disengaged,0.3729807290672814,Medium
250,21,Female,Married,Sales,Account Manager,Bachelor's,2024-04-27,1,Travel_Frequently,17,80132,1,1,4,4,1,No,3,1,No,High Performer / Flight Risk,0.3584133298762474,Medium
251,35,Male,Single,Customer Support,Support Associate,Master's,2010-05-08,15,Travel_Frequently,14,53044,1,1,3,3,3,No,2,3,No,Stable Core,0.1405008369474321,Low
252,30,Female,Married,Finance,Finance Manager,Bachelor's,2023-04-21,2,Travel_Frequently,4,79232,0,2,4,4,3,Yes,4,2,No,Early-Career Builder,0.4847580761876601,Medium
253,35,Male,Single,Finance,Accountant,Master's,2025-11-29,0,Travel_Rarely,8,71809,0,1,4,4,3,No,1,3,No,Early-Career Builder,0.336370823440221,Medium
254,38,Male,Single,Sales,Sales Executive,Bachelor's,2010-09-07,15,Non-Travel,4,65787,2,0,3,3,4,No,4,2,No,Stable Core,0.1207850862371855,Low
255,34,Male,Divorced,Sales,Account Manager,PhD,2015-05-08,10,Travel_Rarely,1,91302,4,3,4,3,3,Yes,5,2,No,Stable Core,0.2188336446271063,Low
256,50,Male,Married,Marketing,Marketing Associate,Bachelor's,2012-01-05,13,Travel_Rarely,17,57285,10,2,3,4,3,Yes,3,4,No,Stable Core,0.1676812995667464,Low
257,31,Male,Single,Finance,Accountant,Master's,2024-07-05,1,Non-Travel,1,64444,0,4,2,4,2,No,4,0,No,High Performer / Flight Risk,0.4662483441220043,Medium
258,45,Male,Married,Customer Support,Support Team Lead,High School,2020-07-02,5,Travel_Rarely,3,55529,0,1,2,4,3,No,3,1,Yes,Disengaged,,
259,22,Male,Divorced,Sales,Account Manager,Master's,2025-09-11,0,Non-Travel,13,77270,0,0,3,1,4,No,4,6,No,Early-Career Builder,0.3049165510523272,Medium
260,34,Male,Divorced,Customer Support,Support Associate,Bachelor's,2023-03-06,2,Travel_Rarely,4,36249,0,1,4,2,3,Yes,3,2,Yes,Early-Career Builder,,
261,38,Male,Single,Sales,Account Manager,Master's,2016-12-10,9,Travel_Frequently,1,97413,0,3,3,4,3,No,5,4,No,Stable Core,0.1444096187226077,Low
262,31,Female,Married,Sales,Sales Manager,Master's,2025-10-23,0,Non-Travel,10,55384,0,2,4,3,4,Yes,4,3,No,Early-Career Builder,0.408219341206874,Medium
263,29,Female,Single,Sales,Account Manager,Bachelor's,2020-02-28,5,Travel_Rarely,1,80616,3,0,3,3,4,No,3,1,No,Stable Core,0.2776849427941862,Low
264,29,Female,Single,Customer Support,Support Associate,Bachelor's,2016-10-15,9,Travel_Rarely,10,39666,0,1,3,3,3,No,1,5,No,Stable Core,0.2413740993819288,Low
265,34,Male,Married,Customer Support,Support Team Lead,High School,2014-11-21,11,Non-Travel,8,56248,1,3,3,3,4,No,4,2,No,Stable Core,0.1514444389245153,Low
266,27,Female,Married,Finance,Finance Manager,High School,2021-08-09,4,Travel_Rarely,2,97034,0,2,3,2,4,Yes,4,1,No,Stable Core,0.456275148092234,Medium
267,30,Male,Married,Engineering,Senior Engineer,Bachelor's,2024-09-30,1,Travel_Rarely,3,72183,1,4,2,3,4,Yes,2,2,No,Disengaged,0.4538012894816596,Medium
268,21,Male,Single,Marketing,Marketing Associate,Master's,2024-07-23,1,Travel_Rarely,3,36579,1,2,3,4,4,No,4,3,No,Early-Career Builder,0.2720891193378561,Low
269,28,Male,Single,Customer Support,Support Associate,Bachelor's,2024-07-18,1,Non-Travel,1,35124,0,1,2,3,3,No,4,1,Yes,Disengaged,,
270,36,Male,Single,Customer Support,Support Team Lead,High School,2019-12-14,6,Non-Travel,8,49351,4,1,4,4,3,No,4,5,No,Early-Career Builder,0.3094255270327494,Medium
271,28,Male,Married,Marketing,Content Specialist,Bachelor's,2022-06-29,3,Travel_Frequently,29,71070,0,2,4,3,2,No,3,3,No,High Performer / Flight Risk,0.4178565531301783,Medium
272,21,Female,Married,Engineering,Software Engineer,Master's,2024-01-25,1,Travel_Rarely,13,56642,0,1,4,3,1,No,2,0,No,High Performer / Flight Risk,0.3816419612944402,Medium
273,38,Male,Married,Customer Support,Support Associate,Bachelor's,2013-12-25,12,Non-Travel,1,48832,3,1,2,4,4,No,3,3,No,Stable Core,0.1382111347553835,Low
274,38,Male,Divorced,Human Resources,HR Associate,Bachelor's,2024-03-02,1,Travel_Frequently,1,40334,0,3,2,4,2,No,3,1,No,High Performer / Flight Risk,0.3467422617256218,Medium
275,40,Female,Married,Operations,Operations Associate,PhD,2025-02-05,0,Travel_Rarely,2,37636,0,3,3,3,3,Yes,3,2,No,Early-Career Builder,0.4634416639543669,Medium
276,26,Male,Single,Sales,Sales Manager,High School,2020-07-30,5,Travel_Rarely,15,75795,1,4,2,4,3,No,4,5,No,Disengaged,0.3431675045452542,Medium
277,36,Female,Married,Engineering,Senior Engineer,Bachelor's,2025-03-17,0,Travel_Rarely,6,78371,0,0,4,4,2,No,4,3,No,High Performer / Flight Risk,0.4247144442586014,Medium
278,37,Male,Married,Customer Support,Support Team Lead,High School,2025-06-05,0,Travel_Rarely,11,45458,0,1,1,2,4,Yes,4,4,No,Disengaged,0.4984896743505934,Medium
279,49,Male,Divorced,Operations,Operations Manager,Bachelor's,2021-11-14,4,Travel_Rarely,2,54081,0,3,2,3,1,No,3,4,No,High Performer / Flight Risk,0.2148325943489051,Low
280,22,Male,Single,Finance,Accountant,Bachelor's,2023-08-23,2,Non-Travel,23,59203,0,4,3,1,2,No,4,2,Yes,High Performer / Flight Risk,,
281,36,Female,Single,Engineering,Engineering Manager,Bachelor's,2021-04-26,4,Travel_Rarely,11,126086,1,5,4,3,2,No,3,4,No,Stable Core,0.3103295226457261,Medium
282,21,Male,Single,Finance,Financial Analyst,Master's,2024-06-15,1,Travel_Rarely,1,44837,1,3,2,4,2,No,5,4,No,High Performer / Flight Risk,0.347987849606635,Medium
283,35,Male,Single,Sales,Sales Manager,Bachelor's,2023-02-09,2,Travel_Rarely,1,57919,1,3,4,3,3,No,1,3,No,Early-Career Builder,0.3474416475147302,Medium
284,37,Male,Single,Marketing,Marketing Manager,PhD,2018-03-15,7,Travel_Frequently,44,61733,1,4,2,3,2,No,3,1,No,High Performer / Flight Risk,0.2360435604907003,Low
285,34,Male,Single,Sales,Sales Executive,High School,2017-05-29,8,Travel_Rarely,23,48372,0,2,3,4,4,No,4,2,No,Stable Core,0.168708638726393,Low
286,40,Male,Single,Human Resources,HR Manager,Master's,2023-01-15,2,Non-Travel,13,52124,0,3,4,3,3,No,4,1,Yes,Early-Career Builder,,
287,31,Male,Married,Operations,Logistics Coordinator,PhD,2020-06-05,5,Travel_Rarely,4,72750,0,1,3,3,3,No,3,1,No,Stable Core,0.3992972448975925,Medium
288,40,Female,Single,Operations,Operations Associate,Master's,2024-04-06,1,Non-Travel,5,33067,1,3,2,3,2,No,3,5,No,High Performer / Flight Risk,0.3327515042202731,Medium
289,33,Female,Divorced,Operations,Operations Associate,Bachelor's,2025-01-18,0,Travel_Rarely,1,34967,0,1,4,4,4,Yes,4,2,Yes,Early-Career Builder,,
290,21,Female,Single,Engineering,Software Engineer,Bachelor's,2024-03-02,1,Non-Travel,32,57463,1,1,3,1,1,No,3,2,Yes,High Performer / Flight Risk,,
291,30,Female,Single,Sales,Sales Manager,Master's,2025-04-20,0,Non-Travel,17,57093,0,6,4,3,1,No,4,5,No,High Performer / Flight Risk,0.400682548070616,Medium
292,22,Male,Single,Sales,Sales Manager,Bachelor's,2023-11-07,2,Travel_Rarely,11,53954,0,2,3,2,4,No,4,1,No,Early-Career Builder,0.4204102575878396,Medium
293,34,Male,Married,Customer Support,Support Associate,Bachelor's,2024-10-14,1,Travel_Rarely,23,34772,1,3,3,3,4,No,3,0,Yes,Early-Career Builder,,
294,31,Male,Married,Finance,Accountant,Master's,2025-08-01,0,Travel_Rarely,6,58183,0,2,2,4,4,No,2,1,Yes,Disengaged,,
295,40,Male,Married,Customer Support,Support Team Lead,PhD,2021-11-09,4,Travel_Rarely,3,45162,0,2,3,1,4,No,3,0,Yes,Early-Career Builder,,
296,40,Male,Married,Human Resources,Recruiter,Bachelor's,2023-04-24,2,Travel_Frequently,1,56771,1,2,3,3,2,Yes,4,2,Yes,High Performer / Flight Risk,,
297,47,Female,Single,Customer Support,Support Team Lead,Bachelor's,2025-07-02,0,Travel_Rarely,13,43432,0,3,1,4,4,No,4,4,No,Disengaged,0.4888399653521711,Medium
298,37,Female,Single,Customer Support,Support Team Lead,Bachelor's,2022-12-05,3,Non-Travel,2,39200,3,2,4,3,3,No,4,0,No,Early-Career Builder,0.3637281383606028,Medium
299,40,Female,Single,Customer Support,Support Team Lead,Bachelor's,2025-11-22,0,Non-Travel,4,44279,0,3,4,3,4,Yes,3,3,No,Early-Career Builder,0.4924996526241385,Medium
300,25,Male,Single,Finance,Financial Analyst,Master's,2024-03-14,1,Travel_Rarely,7,45981,1,1,4,1,3,No,3,3,No,Early-Career Builder,0.4352312644941682,Medium
301,28,Male,Single,Marketing,Content Specialist,Bachelor's,2018-06-14,7,Non-Travel,14,72065,3,3,3,4,3,Yes,5,1,No,Stable Core,0.2133691900660813,Low
302,56,Male,Married,Customer Support,Support Associate,Bachelor's,2023-07-14,2,Non-Travel,7,30577,1,2,3,1,4,No,4,2,No,Early-Career Builder,0.2629382116772918,Low
303,42,Female,Married,Customer Support,Support Associate,Master's,2023-04-13,2,Travel_Rarely,2,37517,2,3,4,4,4,No,3,2,No,Early-Career Builder,0.3127408896801696,Medium
304,29,Female,Married,Operations,Operations Associate,Master's,2021-04-05,4,Travel_Rarely,2,36923,2,0,4,4,2,No,2,3,Yes,High Performer / Flight Risk,,
305,33,Female,Divorced,Engineering,Software Engineer,Master's,2022-05-22,3,Travel_Frequently,1,74004,0,3,3,2,4,No,2,3,No,Early-Career Builder,0.2586600931121938,Low
306,41,Male,Married,Finance,Financial Analyst,Master's,2021-08-30,4,Travel_Rarely,2,54824,0,4,3,4,4,No,5,2,No,Early-Career Builder,0.2952352514488509,Low
307,47,Female,Single,Sales,Account Manager,Bachelor's,2023-01-30,2,Travel_Rarely,1,75674,2,3,3,3,3,Yes,5,3,No,Early-Career Builder,0.2589421898443662,Low
308,30,Male,Single,Customer Support,Support Associate,Bachelor's,2025-10-17,0,Non-Travel,24,32336,0,2,3,4,2,Yes,3,3,Yes,High Performer / Flight Risk,,
309,39,Female,Married,Finance,Finance Manager,Bachelor's,2025-12-05,0,Non-Travel,13,75010,0,3,1,4,2,No,4,5,Yes,Disengaged,,
310,34,Female,Married,Marketing,Content Specialist,Bachelor's,2021-11-06,4,Travel_Rarely,8,71663,4,2,3,3,4,No,5,3,No,Early-Career Builder,0.2303618124377141,Low
311,44,Female,Single,Engineering,Senior Engineer,Master's,2025-04-17,0,Non-Travel,15,92667,0,1,2,4,3,No,3,2,No,Disengaged,0.308168578016632,Medium
312,34,Male,Married,Engineering,QA Engineer,Bachelor's,2025-05-22,0,Travel_Rarely,8,100682,0,6,3,3,3,Yes,4,0,No,Early-Career Builder,0.4525550014850241,Medium
313,46,Male,Married,Marketing,Content Specialist,Bachelor's,2024-06-10,1,Non-Travel,9,70950,1,2,4,2,3,Yes,4,1,No,Early-Career Builder,0.3197265632497814,Medium
314,45,Male,Single,Operations,Logistics Coordinator,Bachelor's,2025-10-14,0,Travel_Rarely,1,57976,0,3,3,3,4,Yes,3,1,No,Early-Career Builder,0.4038087821350828,Medium
315,41,Male,Single,Human Resources,HR Manager,Bachelor's,2025-06-09,0,Non-Travel,5,47725,0,4,3,2,4,No,3,2,No,Early-Career Builder,0.3320245081745787,Medium
316,44,Male,Single,Operations,Operations Manager,High School,2020-12-18,5,Travel_Rarely,1,53064,2,1,1,4,2,No,4,2,No,Disengaged,0.3754633138493974,Medium
317,29,Female,Single,Marketing,Content Specialist,Master's,2023-12-05,2,Travel_Rarely,8,66879,0,1,4,4,4,No,3,1,No,Early-Career Builder,0.3463768241296271,Medium
318,39,Male,Single,Operations,Logistics Coordinator,Master's,2018-07-16,7,Non-Travel,5,70193,0,0,3,4,4,No,3,2,No,Stable Core,0.16466851382534,Low
319,40,Male,Married,Finance,Accountant,Bachelor's,2022-10-04,3,Travel_Rarely,14,62239,0,1,3,4,3,No,5,2,No,Early-Career Builder,0.2979841511378995,Low
320,41,Male,Married,Engineering,Software Engineer,High School,2015-04-29,10,Non-Travel,8,82718,4,2,3,4,2,No,3,1,No,Stable Core,0.1977134262093462,Low
321,43,Female,Married,Customer Support,Support Associate,Bachelor's,2024-10-23,1,Non-Travel,1,32026,1,0,2,4,3,No,5,1,No,Disengaged,0.2284389760801609,Low
322,48,Male,Single,Human Resources,Recruiter,High School,2023-10-19,2,Travel_Frequently,9,62037,0,1,3,3,2,No,3,1,No,High Performer / Flight Risk,0.3769040737079703,Medium
323,28,Male,Single,Engineering,Software Engineer,Bachelor's,2025-03-26,0,Travel_Rarely,10,54849,0,4,3,4,3,No,3,2,No,Early-Career Builder,0.4265820968023863,Medium
324,29,Male,Married,Sales,Sales Executive,Bachelor's,2016-10-20,9,Travel_Rarely,35,52157,3,1,3,4,4,No,3,3,No,Stable Core,0.1833155044511045,Low
325,44,Male,Single,Engineering,Engineering Manager,Master's,2007-10-10,18,Non-Travel,1,212705,5,3,4,3,4,Yes,3,3,Yes,Stable Core,,
326,44,Male,Married,Operations,Operations Manager,Bachelor's,2025-06-29,0,Travel_Rarely,1,47060,0,2,4,2,3,No,3,1,No,Early-Career Builder,0.2857775713732498,Low
327,46,Female,Divorced,Customer Support,Support Associate,Master's,2025-02-25,0,Non-Travel,1,34738,0,0,4,2,1,Yes,3,2,Yes,High Performer / Flight Risk,,
328,24,Male,Married,Sales,Sales Manager,Bachelor's,2024-05-29,1,Non-Travel,6,59112,1,2,1,3,2,Yes,4,0,No,Disengaged,0.5011914180322321,Medium
329,36,Female,Single,Engineering,Engineering Manager,Master's,2010-03-11,15,Non-Travel,3,181176,0,4,3,3,3,Yes,3,2,No,Stable Core,0.2547456459125938,Low
330,23,Female,Single,Customer Support,Support Associate,High School,2022-03-16,3,Travel_Rarely,12,32911,0,1,2,2,3,Yes,3,2,Yes,Disengaged,,
331,46,Male,Divorced,Marketing,Marketing Associate,High School,2024-02-03,1,Travel_Rarely,1,41752,0,1,2,2,1,No,4,1,No,High Performer / Flight Risk,0.390265570760601,Medium
332,39,Male,Married,Customer Support,Support Team Lead,Bachelor's,2021-10-02,4,Travel_Rarely,25,45718,0,2,2,3,4,No,4,6,Yes,Disengaged,,
333,25,Male,Single,Sales,Account Manager,Master's,2021-10-22,4,Travel_Rarely,9,78785,1,1,2,3,2,No,3,1,No,High Performer / Flight Risk,0.3893237844417792,Medium
334,21,Male,Single,Sales,Sales Executive,Master's,2025-04-30,0,Travel_Rarely,16,39545,0,5,4,3,3,No,4,1,No,Early-Career Builder,0.3369471937167962,Medium
335,28,Female,Married,Human Resources,HR Manager,Bachelor's,2023-03-23,2,Non-Travel,2,50690,1,1,3,3,1,No,3,3,No,High Performer / Flight Risk,0.4243846857137562,Medium
336,42,Female,Single,Finance,Financial Analyst,Master's,2023-07-17,2,Travel_Rarely,15,44166,0,4,4,4,3,Yes,4,3,No,Early-Career Builder,0.4352612230296023,Medium
337,33,Male,Single,Finance,Finance Manager,Bachelor's,2023-05-20,2,Non-Travel,1,68461,2,1,3,3,4,Yes,4,1,No,Early-Career Builder,0.4361265288666434,Medium
338,48,Female,Divorced,Sales,Sales Executive,Bachelor's,2025-10-06,0,Travel_Frequently,2,38700,0,2,2,2,3,Yes,4,1,No,Disengaged,0.3799930190377925,Medium
339,32,Female,Married,Marketing,Content Specialist,Master's,2025-12-09,0,Non-Travel,5,51196,0,1,4,2,3,No,3,3,No,Early-Career Builder,0.4213564935063926,Medium
340,21,Female,Married,Engineering,Senior Engineer,High School,2024-09-01,1,Travel_Frequently,2,85311,1,2,4,4,3,No,3,1,No,Early-Career Builder,0.2830885412851346,Low
341,36,Female,Single,Customer Support,Support Team Lead,Master's,2024-08-06,1,Travel_Rarely,12,51194,1,1,4,3,4,No,4,3,No,Early-Career Builder,0.3587379925775607,Medium
342,43,Female,Single,Sales,Account Manager,Bachelor's,2013-01-04,12,Travel_Rarely,1,111957,3,2,4,3,3,No,4,2,No,Stable Core,0.0986796380453874,Low
343,26,Male,Single,Engineering,Senior Engineer,Bachelor's,2021-06-04,4,Non-Travel,1,82623,3,1,4,3,3,Yes,4,2,Yes,Early-Career Builder,,
344,21,Female,Married,Customer Support,Support Team Lead,Bachelor's,2024-04-11,1,Non-Travel,5,43074,0,3,4,4,3,No,2,6,No,Early-Career Builder,0.3603114111557153,Medium
345,25,Female,Married,Customer Support,Support Team Lead,Master's,2025-08-27,0,Travel_Frequently,5,45100,0,2,3,3,3,No,3,5,No,Early-Career Builder,0.3812761137742181,Medium
346,33,Female,Divorced,Customer Support,Support Team Lead,Bachelor's,2025-08-11,0,Non-Travel,18,42433,0,0,2,3,3,Yes,3,2,No,Disengaged,0.3570800269198838,Medium
347,30,Female,Single,Operations,Operations Associate,Bachelor's,2022-03-03,3,Non-Travel,1,38711,1,2,3,3,4,No,3,4,No,Early-Career Builder,0.2961218927955356,Low
348,21,Female,Married,Customer Support,Support Team Lead,Bachelor's,2025-09-23,0,Travel_Rarely,17,43054,0,3,4,2,3,No,4,1,No,Early-Career Builder,0.3755546775371939,Medium
349,36,Male,Single,Engineering,Software Engineer,PhD,2023-04-02,2,Non-Travel,1,60903,1,2,1,3,3,Yes,2,1,Yes,Disengaged,,
350,37,Male,Single,Sales,Account Manager,Bachelor's,2024-10-27,1,Travel_Rarely,1,72281,1,1,4,2,3,Yes,3,2,No,Early-Career Builder,0.3718458060990455,Medium
351,31,Female,Single,Sales,Sales Manager,Bachelor's,2020-01-06,5,Travel_Rarely,4,61800,0,0,2,2,3,No,3,2,No,Disengaged,0.5197165530465249,Medium
352,30,Male,Married,Sales,Sales Executive,High School,2020-05-15,5,Travel_Rarely,2,48451,0,2,1,3,2,Yes,4,2,No,Disengaged,0.5040831035166136,Medium
353,42,Female,Single,Engineering,Engineering Manager,Bachelor's,2024-06-18,1,Travel_Rarely,1,111117,1,2,4,4,3,Yes,3,0,No,Early-Career Builder,0.3854168464724221,Medium
354,23,Male,Divorced,Marketing,Marketing Manager,High School,2022-01-26,3,Travel_Rarely,41,65058,0,1,4,4,4,No,4,1,No,Early-Career Builder,0.2264850296320932,Low
355,37,Male,Married,Marketing,Content Specialist,Bachelor's,2025-02-05,0,Travel_Frequently,1,59490,0,5,1,1,3,No,3,1,No,Disengaged,0.449402114452566,Medium
356,40,Male,Single,Customer Support,Support Team Lead,Bachelor's,2022-10-08,3,Travel_Rarely,1,49823,3,1,2,3,2,Yes,4,0,No,High Performer / Flight Risk,0.4656708360988043,Medium
357,32,Female,Married,Sales,Sales Executive,Master's,2022-05-08,3,Travel_Rarely,10,49288,0,3,3,4,2,Yes,3,1,No,High Performer / Flight Risk,0.501636628386198,Medium
358,45,Female,Single,Operations,Operations Associate,Bachelor's,2018-12-12,7,Travel_Rarely,34,36824,1,1,4,4,1,No,3,2,No,High Performer / Flight Risk,0.2612721587743223,Low
359,49,Male,Married,Marketing,Marketing Associate,Bachelor's,2022-05-01,3,Travel_Rarely,7,44308,1,1,3,3,4,No,3,4,No,Early-Career Builder,0.2492113761718025,Low
360,38,Female,Married,Customer Support,Support Associate,Bachelor's,2024-07-07,1,Non-Travel,24,31517,1,0,1,2,4,No,3,2,Yes,Disengaged,,
361,50,Female,Single,Finance,Accountant,Bachelor's,2016-06-29,9,Travel_Rarely,12,76165,0,1,4,3,4,No,2,0,No,Stable Core,0.14774126609696,Low
362,27,Female,Single,Sales,Sales Manager,Master's,2020-05-01,5,Non-Travel,3,62322,1,4,1,3,3,No,4,1,Yes,Disengaged,,
363,38,Male,Married,Operations,Operations Associate,Bachelor's,2020-01-08,5,Non-Travel,1,42460,4,3,3,4,4,No,3,2,No,Early-Career Builder,0.2583515756706836,Low
364,43,Female,Single,Engineering,Software Engineer,Bachelor's,2019-05-05,6,Travel_Rarely,9,78613,0,0,4,3,3,No,3,1,No,Stable Core,0.2755440065437997,Low
365,31,Female,Single,Sales,Sales Executive,Bachelor's,2024-10-01,1,Travel_Rarely,6,32232,1,2,3,3,4,No,4,4,No,Early-Career Builder,0.3066669311972823,Medium
366,36,Male,Single,Engineering,Engineering Manager,Master's,2022-08-02,3,Travel_Frequently,6,129517,0,2,1,4,4,Yes,4,3,Yes,Disengaged,,
367,40,Male,Married,Engineering,Engineering Manager,Bachelor's,2021-04-02,4,Non-Travel,6,136561,0,0,2,3,1,No,4,4,No,High Performer / Flight Risk,0.3395088814464262,Medium
368,30,Male,Married,Customer Support,Support Team Lead,PhD,2020-10-25,5,Travel_Rarely,6,51021,0,2,3,3,4,Yes,4,2,No,Early-Career Builder,0.5594351035358784,Medium
369,40,Female,Single,Operations,Logistics Coordinator,Bachelor's,2014-01-13,11,Travel_Rarely,2,82704,3,2,2,4,3,No,3,2,No,Stable Core,0.1297975998675818,Low
370,31,Male,Married,Sales,Account Manager,Bachelor's,2025-04-01,0,Travel_Rarely,9,73849,0,3,2,3,1,No,3,2,Yes,High Performer / Flight Risk,,
371,26,Male,Married,Sales,Sales Executive,Bachelor's,2020-04-18,5,Travel_Rarely,6,44698,5,1,3,4,2,Yes,4,5,No,High Performer / Flight Risk,0.4140905701865527,Medium
372,37,Male,Married,Finance,Financial Analyst,Bachelor's,2022-11-20,3,Travel_Frequently,5,42475,2,1,3,1,1,No,3,1,Yes,High Performer / Flight Risk,,
373,28,Male,Married,Finance,Accountant,Master's,2024-08-27,1,Travel_Frequently,7,63342,1,3,3,3,4,No,2,4,No,Early-Career Builder,0.2744783174453202,Low
374,32,Male,Married,Sales,Sales Executive,Bachelor's,2025-01-15,0,Travel_Rarely,9,39763,0,1,3,4,3,No,3,2,No,Early-Career Builder,0.4018495030669746,Medium
375,31,Male,Single,Human Resources,HR Associate,Master's,2018-03-11,7,Non-Travel,2,45926,1,5,1,4,1,Yes,4,2,No,High Performer / Flight Risk,0.4417304153796403,Medium
376,43,Male,Divorced,Operations,Logistics Coordinator,Master's,2021-05-05,4,Non-Travel,10,65628,1,0,3,2,3,No,3,1,No,Early-Career Builder,0.2536104479398032,Low
377,36,Male,Single,Sales,Sales Manager,Bachelor's,2025-11-14,0,Travel_Rarely,2,51750,0,4,3,4,4,Yes,4,3,No,Early-Career Builder,0.4773911878945313,Medium
378,42,Male,Single,Engineering,Software Engineer,Master's,2021-04-25,4,Non-Travel,2,65141,0,3,3,3,2,Yes,4,1,No,High Performer / Flight Risk,0.4901948271058886,Medium
379,35,Male,Divorced,Marketing,Content Specialist,Master's,2023-08-24,2,Travel_Frequently,19,65650,1,2,4,2,4,No,5,2,No,Early-Career Builder,0.1834017677969891,Low
380,28,Male,Single,Finance,Finance Manager,High School,2025-05-09,0,Travel_Rarely,1,67424,0,3,4,2,3,No,3,3,No,Early-Career Builder,0.3397507005333418,Medium
381,30,Male,Married,Engineering,Software Engineer,Master's,2019-10-11,6,Travel_Rarely,3,67747,2,2,3,4,1,No,5,0,No,High Performer / Flight Risk,0.3124831538852521,Medium
382,38,Female,Married,Engineering,QA Engineer,High School,2022-10-17,3,Non-Travel,3,107233,0,0,2,1,3,No,2,5,No,Disengaged,0.3413028608703331,Medium
383,21,Male,Divorced,Human Resources,HR Associate,Bachelor's,2024-10-03,1,Travel_Rarely,13,37846,1,0,1,1,3,No,4,1,No,Disengaged,0.3832719504507146,Medium
384,26,Female,Single,Sales,Sales Executive,Bachelor's,2025-02-22,0,Travel_Rarely,12,36525,0,2,3,3,3,Yes,3,0,No,Early-Career Builder,0.4615717984779053,Medium
385,21,Male,Married,Sales,Sales Manager,Bachelor's,2024-11-12,1,Travel_Rarely,4,55466,1,4,4,3,2,No,5,3,No,High Performer / Flight Risk,0.3371344161387612,Medium
386,42,Female,Married,Engineering,Software Engineer,Master's,2014-06-12,11,Non-Travel,8,84117,0,3,3,3,4,No,4,5,No,Stable Core,0.1253026181530318,Low
387,39,Male,Married,Operations,Logistics Coordinator,Master's,2019-01-29,6,Travel_Rarely,4,64819,0,3,3,1,4,Yes,5,2,No,Stable Core,0.321892928426035,Medium
388,27,Male,Single,Finance,Accountant,High School,2022-11-24,3,Non-Travel,1,76341,3,5,2,3,3,Yes,3,0,No,Disengaged,0.3981084450200431,Medium
389,41,Female,Single,Sales,Sales Executive,Bachelor's,2023-11-14,2,Travel_Rarely,6,45823,1,0,3,2,4,No,4,3,No,Early-Career Builder,0.345405257658973,Medium
390,29,Female,Married,Customer Support,Support Associate,Bachelor's,2021-01-31,4,Travel_Rarely,21,38001,0,3,1,1,3,No,1,4,Yes,Disengaged,,
391,38,Male,Married,Finance,Finance Manager,Master's,2024-02-24,1,Travel_Rarely,2,72567,0,1,4,1,3,Yes,2,2,Yes,Early-Career Builder,,
392,45,Female,Single,Customer Support,Support Team Lead,Bachelor's,2023-01-02,3,Non-Travel,11,47750,0,1,2,3,1,Yes,4,0,Yes,High Performer / Flight Risk,,
393,40,Male,Married,Engineering,Software Engineer,Bachelor's,2023-04-18,2,Travel_Frequently,5,71231,2,4,1,2,4,No,5,0,No,Disengaged,0.4763802442258583,Medium
394,30,Male,Single,Sales,Account Manager,Master's,2019-07-13,6,Travel_Rarely,15,92470,1,2,3,4,3,Yes,3,1,No,Stable Core,0.3187107876462116,Medium
395,40,Female,Single,Customer Support,Support Associate,Bachelor's,2024-05-16,1,Travel_Rarely,2,36435,0,1,1,3,4,No,3,3,No,Disengaged,0.5430731986381062,Medium
396,36,Female,Married,Sales,Account Manager,Master's,2025-02-02,0,Travel_Rarely,27,60212,0,3,3,4,3,No,5,3,Yes,Early-Career Builder,,
397,39,Male,Single,Finance,Accountant,Master's,2025-04-04,0,Travel_Rarely,1,58135,0,2,3,3,4,No,3,6,Yes,Early-Career Builder,,
398,38,Male,Divorced,Finance,Financial Analyst,High School,2024-02-02,1,Travel_Rarely,6,45265,0,2,3,4,4,No,4,2,No,Early-Career Builder,0.2480741924969156,Low
399,36,Male,Divorced,Human Resources,HR Manager,Master's,2025-10-19,0,Travel_Rarely,14,45492,0,2,3,2,3,No,3,3,Yes,Early-Career Builder,,
400,43,Female,Single,Marketing,Marketing Associate,Master's,2023-12-05,2,Travel_Rarely,4,43166,2,2,4,3,4,No,2,4,No,Early-Career Builder,0.3316660558673578,Medium
401,31,Female,Single,Engineering,Engineering Manager,Bachelor's,2024-08-19,1,Non-Travel,9,121975,0,1,2,3,4,No,5,2,No,Disengaged,0.3058584258090132,Medium
402,36,Female,Single,Operations,Operations Associate,Bachelor's,2024-01-22,1,Travel_Rarely,1,36874,1,3,3,2,4,No,3,1,No,Early-Career Builder,0.3044677487868936,Medium
403,44,Female,Divorced,Human Resources,HR Associate,Master's,2020-10-28,5,Non-Travel,1,45750,0,0,3,3,3,Yes,5,0,No,Early-Career Builder,0.3731651728496368,Medium
404,26,Male,Married,Engineering,Senior Engineer,High School,2020-04-03,5,Travel_Rarely,3,97649,5,1,3,2,3,No,3,1,No,Stable Core,0.394302547761162,Medium
405,21,Male,Single,Engineering,QA Engineer,Bachelor's,2025-10-13,0,Travel_Rarely,2,100220,0,4,4,3,3,Yes,4,2,Yes,Early-Career Builder,,
406,49,Female,Married,Sales,Account Manager,Master's,2023-04-18,2,Non-Travel,2,76214,2,1,4,4,4,No,3,1,No,Early-Career Builder,0.1952751872954739,Low
407,22,Female,Married,Customer Support,Support Team Lead,Bachelor's,2024-06-15,1,Travel_Rarely,3,42890,1,0,3,3,3,No,3,1,Yes,Early-Career Builder,,
408,29,Female,Married,Finance,Accountant,Master's,2023-03-15,2,Travel_Rarely,3,62756,2,2,3,3,1,No,3,3,Yes,High Performer / Flight Risk,,
409,37,Male,Single,Customer Support,Support Associate,Master's,2023-05-04,2,Non-Travel,7,33124,2,1,3,4,4,No,3,1,No,Early-Career Builder,0.2644004913205266,Low
410,41,Female,Single,Engineering,Senior Engineer,Master's,2023-01-01,3,Non-Travel,5,94289,1,3,4,2,3,Yes,3,1,No,Early-Career Builder,0.495334582303489,Medium
411,32,Male,Single,Sales,Sales Executive,Master's,2015-03-09,10,Travel_Rarely,5,58180,4,0,3,3,4,No,4,0,No,Stable Core,0.1782958537921486,Low
412,28,Female,Divorced,Customer Support,Support Team Lead,High School,2022-01-29,3,Travel_Rarely,7,46159,1,3,2,2,3,Yes,4,1,Yes,Disengaged,,
413,42,Male,Married,Engineering,Engineering Manager,Bachelor's,2019-12-06,6,Travel_Rarely,2,142476,1,0,3,1,1,Yes,4,3,Yes,Stable Core,,
414,32,Male,Single,Customer Support,Support Associate,Master's,2021-12-10,4,Travel_Rarely,12,35003,1,2,3,1,2,No,5,2,No,High Performer / Flight Risk,0.3516869045825343,Medium
415,38,Male,Married,Operations,Operations Associate,High School,2023-01-24,2,Travel_Rarely,1,36808,0,2,3,3,4,Yes,4,1,No,Early-Career Builder,0.4113995449109349,Medium
416,44,Female,Divorced,Customer Support,Support Team Lead,High School,2024-03-14,1,Travel_Rarely,1,45357,1,0,2,4,1,No,4,2,No,High Performer / Flight Risk,0.2987526496937391,Low
417,34,Female,Single,Sales,Sales Executive,Master's,2021-10-22,4,Travel_Rarely,4,50105,2,3,3,3,4,No,2,2,No,Early-Career Builder,0.4136209053967132,Medium
418,29,Male,Married,Engineering,QA Engineer,Bachelor's,2023-10-04,2,Travel_Rarely,1,98786,2,2,4,4,4,No,4,3,No,Early-Career Builder,0.2889053174761269,Low
419,41,Female,Single,Operations,Logistics Coordinator,High School,2023-09-05,2,Travel_Rarely,2,56367,2,1,2,2,3,Yes,3,1,No,Disengaged,0.4904667078867867,Medium
420,31,Male,Married,Operations,Operations Associate,Bachelor's,2025-12-14,0,Travel_Rarely,1,31950,0,1,3,3,2,No,4,1,No,High Performer / Flight Risk,0.3462862127630945,Medium
421,35,Male,Single,Sales,Sales Manager,Bachelor's,2025-11-12,0,Travel_Rarely,1,59812,0,2,1,1,1,No,3,3,Yes,High Performer / Flight Risk,,
422,41,Female,Married,Customer Support,Support Associate,Bachelor's,2021-02-01,4,Travel_Rarely,10,37632,2,3,3,1,4,Yes,4,2,No,Early-Career Builder,0.3745698331752783,Medium
423,43,Male,Single,Customer Support,Support Associate,Bachelor's,2019-05-04,6,Travel_Rarely,7,40378,1,1,3,3,2,No,2,2,Yes,High Performer / Flight Risk,,
424,40,Female,Single,Sales,Account Manager,Master's,2024-11-22,1,Travel_Frequently,7,76555,0,5,4,3,4,No,3,2,No,Early-Career Builder,0.2830766332201119,Low
425,55,Male,Married,Finance,Finance Manager,Master's,2022-07-01,3,Travel_Rarely,7,77312,0,1,2,3,4,No,3,6,No,Disengaged,0.2191087705685413,Low
426,21,Male,Married,Operations,Operations Manager,High School,2025-06-20,0,Non-Travel,4,48905,0,0,3,3,3,No,3,6,No,Early-Career Builder,0.2867527011151168,Low
427,37,Female,Married,Customer Support,Support Associate,Bachelor's,2018-05-09,7,Non-Travel,6,41123,0,5,3,3,2,Yes,3,2,No,High Performer / Flight Risk,0.3854948530563065,Medium
428,46,Male,Single,Customer Support,Support Team Lead,Bachelor's,2024-03-27,1,Travel_Frequently,1,39694,1,2,2,2,4,No,2,0,No,Disengaged,0.3635223800421889,Medium
429,32,Female,Married,Sales,Sales Manager,Bachelor's,2024-08-08,1,Non-Travel,6,55731,0,3,2,2,1,Yes,4,2,No,High Performer / Flight Risk,0.6162115908261984,High
430,46,Male,Married,Customer Support,Support Associate,Master's,2010-10-24,15,Travel_Rarely,3,53299,1,1,2,4,2,No,3,4,No,Stable Core,0.2468356955685929,Low
431,26,Male,Single,Marketing,Marketing Manager,Master's,2020-03-26,5,Travel_Rarely,1,65586,1,2,3,3,3,No,4,3,No,Early-Career Builder,0.3190328131500091,Medium
432,27,Male,Married,Sales,Account Manager,Bachelor's,2024-08-24,1,Travel_Rarely,2,54846,1,2,3,2,1,No,4,4,Yes,High Performer / Flight Risk,,
433,46,Male,Married,Sales,Sales Manager,Master's,2024-03-27,1,Travel_Rarely,17,57126,1,1,3,1,4,Yes,4,1,Yes,Early-Career Builder,,
434,35,Female,Divorced,Engineering,Software Engineer,Bachelor's,2022-12-18,3,Travel_Rarely,5,64842,3,1,4,3,4,No,2,3,No,Early-Career Builder,0.2126889651441171,Low
435,34,Female,Single,Customer Support,Support Associate,Bachelor's,2022-03-31,3,Travel_Rarely,1,40001,3,0,4,3,3,Yes,4,3,Yes,Early-Career Builder,,
436,21,Female,Married,Operations,Logistics Coordinator,Bachelor's,2024-03-14,1,Non-Travel,2,56876,1,1,2,2,3,No,4,4,No,Disengaged,0.4196526033008517,Medium
437,31,Female,Single,Finance,Finance Manager,Master's,2019-03-28,6,Non-Travel,5,82014,2,2,3,1,4,Yes,4,4,No,Stable Core,0.3589137349307832,Medium
438,28,Male,Married,Sales,Sales Executive,High School,2022-05-08,3,Travel_Rarely,2,40726,2,0,4,2,4,Yes,4,1,No,Early-Career Builder,0.5003881872941983,Medium
439,31,Male,Married,Operations,Logistics Coordinator,Bachelor's,2018-06-23,7,Travel_Rarely,17,65840,0,1,3,2,3,No,3,5,No,Stable Core,0.2145060364571692,Low
440,39,Male,Single,Operations,Operations Associate,High School,2023-09-30,2,Travel_Frequently,9,39228,2,4,2,3,3,Yes,4,1,No,Disengaged,0.380804785438049,Medium
441,32,Male,Married,Marketing,Content Specialist,Master's,2017-02-01,8,Non-Travel,17,82059,0,1,3,1,4,Yes,4,1,No,Stable Core,0.2279400212450445,Low
442,49,Female,Single,Sales,Sales Manager,Bachelor's,2020-02-04,5,Travel_Frequently,11,73842,5,3,3,3,2,Yes,3,4,No,High Performer / Flight Risk,0.3125282392100582,Medium
443,31,Male,Single,Sales,Sales Executive,Master's,2018-03-31,7,Non-Travel,2,51986,0,4,4,1,3,No,3,0,No,Early-Career Builder,0.259818903689531,Low
444,24,Male,Married,Engineering,Senior Engineer,Bachelor's,2024-04-18,1,Travel_Frequently,12,81249,1,3,4,2,4,No,3,1,No,Early-Career Builder,0.2860925977450925,Low
445,34,Male,Married,Customer Support,Support Team Lead,Bachelor's,2023-03-20,2,Travel_Frequently,21,49689,1,3,3,3,1,No,4,4,No,High Performer / Flight Risk,0.3705703227674536,Medium
446,24,Female,Married,Sales,Sales Manager,PhD,2024-10-04,1,Travel_Frequently,1,54523,0,2,3,3,3,No,3,3,No,Early-Career Builder,0.3669903480038232,Medium
447,33,Male,Married,Engineering,Engineering Manager,Bachelor's,2024-08-13,1,Non-Travel,14,121278,1,6,1,4,4,No,4,2,No,Disengaged,0.4887198066810676,Medium
448,41,Male,Married,Marketing,Content Specialist,Master's,2025-06-18,0,Travel_Rarely,5,69637,0,2,3,2,2,No,5,1,No,High Performer / Flight Risk,0.390550373218994,Medium
449,30,Male,Single,Finance,Financial Analyst,Bachelor's,2021-05-24,4,Travel_Rarely,9,43991,0,2,3,3,2,No,4,1,No,High Performer / Flight Risk,0.4694740619620327,Medium
450,21,Female,Married,Human Resources,HR Manager,Bachelor's,2024-08-22,1,Non-Travel,3,48742,0,4,4,3,3,No,3,0,No,Early-Career Builder,0.3509720696066214,Medium
451,47,Male,Divorced,Customer Support,Support Associate,Bachelor's,2016-07-31,9,Travel_Rarely,11,41495,3,3,1,2,4,Yes,3,3,Yes,Disengaged,,
452,29,Male,Married,Marketing,Content Specialist,Bachelor's,2022-06-04,3,Non-Travel,2,68501,1,1,1,4,3,Yes,3,5,Yes,Disengaged,,
453,37,Female,Married,Sales,Sales Executive,Master's,2023-11-11,2,Non-Travel,9,47875,0,2,4,1,4,Yes,4,3,No,Early-Career Builder,0.4171085237702108,Medium
454,24,Female,Divorced,Operations,Operations Manager,Bachelor's,2025-12-17,0,Travel_Frequently,1,45924,0,1,2,3,4,Yes,2,5,No,Disengaged,0.4010091183086284,Medium
455,34,Female,Single,Engineering,QA Engineer,Master's,2024-05-06,1,Travel_Rarely,4,96152,1,3,2,3,4,No,4,2,No,Disengaged,0.319027095115717,Medium
456,33,Male,Married,Marketing,Marketing Associate,Master's,2023-12-11,2,Travel_Rarely,6,39996,2,3,3,3,3,Yes,3,0,Yes,Early-Career Builder,,
457,40,Male,Single,Engineering,Engineering Manager,Master's,2022-04-10,3,Travel_Frequently,6,152710,3,1,3,1,3,Yes,4,4,No,Stable Core,0.4524176455532173,Medium
458,41,Female,Single,Engineering,QA Engineer,Master's,2021-01-23,4,Non-Travel,15,118919,0,2,3,3,4,No,3,0,No,Stable Core,0.2974428959346687,Low
459,35,Male,Single,Engineering,Senior Engineer,Master's,2024-12-23,1,Non-Travel,45,84963,1,1,3,4,3,No,4,3,No,Early-Career Builder,0.3016767100313418,Medium
460,25,Male,Married,Finance,Financial Analyst,Bachelor's,2020-07-29,5,Travel_Rarely,6,51454,0,4,3,4,4,Yes,3,1,No,Early-Career Builder,0.4275318877430383,Medium
461,24,Male,Married,Operations,Logistics Coordinator,Master's,2024-10-23,1,Travel_Rarely,1,57179,0,0,3,4,2,No,3,2,No,High Performer / Flight Risk,0.4086945320376535,Medium
462,31,Female,Married,Customer Support,Support Team Lead,High School,2020-11-08,5,Travel_Rarely,4,52650,5,2,3,4,4,No,3,2,No,Early-Career Builder,0.379771348940238,Medium
463,42,Female,Single,Engineering,QA Engineer,Bachelor's,2025-11-16,0,Non-Travel,2,85504,0,1,3,4,4,No,2,3,Yes,Early-Career Builder,,
464,48,Male,Divorced,Finance,Financial Analyst,Bachelor's,2012-08-05,13,Travel_Rarely,5,64168,2,4,4,3,2,Yes,3,2,No,Stable Core,0.2236270863042152,Low
465,32,Male,Single,Sales,Account Manager,Bachelor's,2016-10-07,9,Non-Travel,1,91990,0,2,3,4,4,No,4,2,No,Stable Core,0.0976515476100882,Low
466,52,Female,Single,Operations,Operations Manager,Bachelor's,2023-06-26,2,Travel_Rarely,4,52692,0,2,4,4,3,Yes,4,5,No,Early-Career Builder,0.3432987247424959,Medium
467,22,Female,Single,Human Resources,HR Associate,Bachelor's,2025-06-29,0,Non-Travel,2,30001,0,2,3,1,4,No,4,4,No,Early-Career Builder,0.3055872799129916,Medium
468,21,Male,Single,Operations,Operations Manager,High School,2024-07-23,1,Non-Travel,8,51778,1,0,3,3,2,No,2,2,No,High Performer / Flight Risk,0.3338870828781492,Medium
469,35,Female,Single,Operations,Logistics Coordinator,Bachelor's,2024-12-22,1,Travel_Rarely,4,64945,1,3,3,3,3,No,4,1,No,Early-Career Builder,0.3296234733705958,Medium
470,25,Male,Married,Human Resources,HR Associate,Master's,2022-06-16,3,Travel_Frequently,5,37091,1,1,3,2,1,Yes,1,0,Yes,High Performer / Flight Risk,,
471,31,Male,Married,Engineering,Engineering Manager,Master's,2025-12-20,0,Travel_Rarely,16,109164,0,4,1,4,2,No,4,1,Yes,Disengaged,,
472,26,Female,Married,Engineering,QA Engineer,High School,2021-10-01,4,Non-Travel,1,110562,1,1,4,3,4,No,3,3,No,Stable Core,0.2404354651524058,Low
473,38,Male,Married,Sales,Account Manager,High School,2023-02-07,2,Travel_Rarely,1,69789,0,0,3,4,4,No,2,4,Yes,Early-Career Builder,,
474,46,Female,Single,Customer Support,Support Team Lead,Master's,2019-02-19,6,Travel_Rarely,22,51334,0,0,3,3,4,No,3,5,No,Early-Career Builder,0.3154781580352226,Medium
475,33,Male,Single,Customer Support,Support Team Lead,Bachelor's,2025-12-24,0,Travel_Rarely,4,42048,0,1,2,3,3,Yes,2,2,No,Disengaged,0.5445572920946902,Medium
476,47,Male,Married,Finance,Accountant,Master's,2024-07-28,1,Travel_Frequently,7,61268,0,3,2,4,3,No,4,5,No,Disengaged,0.2350188443477633,Low
477,27,Male,Married,Finance,Accountant,Bachelor's,2023-02-05,2,Travel_Frequently,14,62298,0,2,4,2,1,No,4,6,No,High Performer / Flight Risk,0.4116777008684789,Medium
478,22,Male,Single,Operations,Operations Associate,Bachelor's,2023-11-15,2,Travel_Rarely,1,35533,2,1,2,1,3,Yes,3,2,No,Disengaged,0.4862039735664945,Medium
479,41,Female,Divorced,Operations,Operations Associate,High School,2021-09-06,4,Travel_Rarely,22,40184,0,1,2,4,3,No,3,5,No,Disengaged,0.2815756499709248,Low
480,37,Male,Married,Sales,Account Manager,Bachelor's,2016-08-25,9,Travel_Frequently,29,87413,3,2,3,3,4,No,4,2,No,Stable Core,0.1373077550794633,Low
481,29,Female,Single,Sales,Sales Manager,High School,2019-06-11,6,Travel_Frequently,13,78281,0,1,3,4,4,No,4,1,No,Stable Core,0.3205600418673832,Medium
482,34,Male,Married,Marketing,Marketing Associate,PhD,2025-07-15,0,Travel_Rarely,4,34172,0,3,3,1,4,No,4,0,No,Early-Career Builder,0.3742116589505384,Medium
483,21,Female,Married,Sales,Sales Executive,Bachelor's,2024-04-15,1,Travel_Frequently,3,40321,0,1,3,2,1,Yes,3,3,Yes,High Performer / Flight Risk,,
484,36,Female,Married,Engineering,Engineering Manager,Bachelor's,2019-03-07,6,Travel_Rarely,29,154876,0,4,2,2,2,No,4,1,No,Stable Core,0.3544364121748298,Medium
485,46,Female,Single,Marketing,Marketing Manager,High School,2025-08-24,0,Non-Travel,2,49562,0,2,3,3,2,Yes,2,1,Yes,High Performer / Flight Risk,,
486,22,Female,Married,Engineering,Software Engineer,Master's,2023-04-06,2,Travel_Rarely,3,62184,2,1,2,4,3,No,2,4,No,Disengaged,0.4259584644389153,Medium
487,33,Male,Single,Engineering,Software Engineer,Master's,2015-05-13,10,Travel_Rarely,1,89524,0,3,3,3,4,No,4,3,No,Stable Core,0.1506166625037715,Low
488,32,Male,Single,Sales,Sales Manager,Bachelor's,2024-12-16,1,Travel_Rarely,2,57348,0,1,4,4,4,No,5,0,Yes,Early-Career Builder,,
489,27,Female,Single,Operations,Operations Associate,Master's,2022-05-16,3,Travel_Rarely,1,37398,2,3,4,3,2,No,4,1,No,High Performer / Flight Risk,0.4235219706569826,Medium
490,29,Female,Single,Customer Support,Support Team Lead,Bachelor's,2025-09-29,0,Travel_Rarely,7,39239,0,2,3,2,4,No,3,0,Yes,Early-Career Builder,,
491,40,Female,Single,Customer Support,Support Team Lead,Bachelor's,2025-05-29,0,Travel_Frequently,1,43687,0,1,2,3,4,No,3,2,No,Disengaged,0.3930486295952343,Medium
492,34,Male,Divorced,Engineering,Engineering Manager,Bachelor's,2025-10-27,0,Travel_Frequently,27,113957,0,2,3,1,2,Yes,2,2,Yes,High Performer / Flight Risk,,
493,37,Female,Single,Human Resources,Recruiter,Master's,2024-06-05,1,Travel_Rarely,1,57266,0,0,4,4,2,No,5,2,No,High Performer / Flight Risk,0.4171996873093551,Medium
494,45,Male,Single,Customer Support,Support Team Lead,Bachelor's,2021-08-28,4,Travel_Rarely,4,44788,4,4,3,1,2,No,3,0,No,High Performer / Flight Risk,0.4348513070187562,Medium
495,37,Male,Married,Operations,Operations Associate,Bachelor's,2021-06-17,4,Non-Travel,2,39179,1,2,3,2,2,No,4,1,No,High Performer / Flight Risk,0.3815850008708433,Medium
496,37,Female,Married,Engineering,Software Engineer,Master's,2025-03-09,0,Travel_Rarely,9,59211,0,2,3,3,4,No,3,0,No,Early-Career Builder,0.4157298427493711,Medium
497,21,Female,Divorced,Sales,Account Manager,Bachelor's,2025-05-18,0,Non-Travel,1,66885,0,0,3,4,4,No,4,1,No,Early-Career Builder,0.2578405313255072,Low
498,41,Male,Married,Engineering,QA Engineer,Bachelor's,2020-05-09,5,Travel_Frequently,12,109300,0,1,3,4,4,Yes,3,2,No,Stable Core,0.3539046005410639,Medium
499,30,Male,Single,Engineering,QA Engineer,Master's,2024-08-25,1,Travel_Rarely,1,113586,0,2,3,2,1,No,4,4,No,High Performer / Flight Risk,0.3905971352691347,Medium
500,25,Male,Single,Operations,Logistics Coordinator,Master's,2023-07-21,2,Travel_Frequently,1,68340,1,3,1,4,3,No,1,1,Yes,Disengaged,,
501,36,Male,Married,Marketing,Content Specialist,High School,2024-05-28,1,Travel_Rarely,10,65656,0,0,1,3,4,Yes,3,0,No,Disengaged,0.3345780107968114,Medium
502,41,Female,Married,Operations,Operations Associate,Bachelor's,2023-06-28,2,Travel_Rarely,12,38905,1,4,2,4,2,No,3,2,Yes,High Performer / Flight Risk,,
503,21,Female,Married,Engineering,Software Engineer,Master's,2025-05-07,0,Non-Travel,2,62218,0,3,4,3,3,No,2,0,No,Early-Career Builder,0.3011439074674632,Medium
504,48,Male,Married,Customer Support,Support Team Lead,Bachelor's,2023-12-31,2,Travel_Rarely,7,44993,0,1,4,3,1,Yes,3,4,Yes,High Performer / Flight Risk,,
505,53,Male,Single,Engineering,Software Engineer,High School,2025-06-05,0,Travel_Rarely,10,55897,0,2,3,4,3,No,4,3,No,Early-Career Builder,0.3248388296575715,Medium
506,26,Female,Married,Engineering,Software Engineer,Master's,2025-07-25,0,Travel_Frequently,5,55678,0,5,4,2,3,Yes,4,4,Yes,Early-Career Builder,,
507,40,Female,Single,Operations,Operations Associate,Bachelor's,2020-10-23,5,Travel_Rarely,7,37068,3,2,4,3,4,Yes,3,1,Yes,Early-Career Builder,,
508,26,Female,Married,Finance,Financial Analyst,Master's,2020-12-15,5,Non-Travel,7,45012,2,1,4,4,1,No,2,2,Yes,High Performer / Flight Risk,,
509,36,Male,Married,Sales,Account Manager,Bachelor's,2024-06-13,1,Travel_Frequently,21,77702,1,2,1,1,3,No,3,2,No,Disengaged,0.3868949668908724,Medium
510,33,Female,Married,Finance,Financial Analyst,Master's,2021-08-10,4,Travel_Rarely,3,46554,1,1,4,2,3,Yes,4,3,Yes,Early-Career Builder,,
511,34,Male,Single,Sales,Sales Manager,Bachelor's,2023-05-30,2,Non-Travel,3,58683,2,3,4,2,3,No,3,2,No,Early-Career Builder,0.3748885837308922,Medium
512,28,Male,Divorced,Customer Support,Support Team Lead,Bachelor's,2025-07-02,0,Non-Travel,5,44907,0,0,3,3,4,Yes,5,1,No,Early-Career Builder,0.3993290488571409,Medium
513,40,Male,Married,Marketing,Marketing Associate,Master's,2005-06-30,20,Non-Travel,23,65080,0,3,3,4,3,No,3,5,No,Stable Core,0.1409662256262684,Low
514,21,Male,Married,Finance,Finance Manager,Bachelor's,2024-04-18,1,Non-Travel,1,82405,1,2,4,3,4,No,4,1,No,Early-Career Builder,0.2562950995936425,Low
515,49,Male,Married,Sales,Account Manager,Bachelor's,2021-08-12,4,Travel_Frequently,12,72226,4,0,2,1,4,Yes,2,3,No,Disengaged,0.2813050841806814,Low
516,21,Male,Single,Engineering,Engineering Manager,Master's,2025-03-15,0,Travel_Frequently,2,120812,0,2,3,2,3,No,3,4,No,Early-Career Builder,0.3716099861069553,Medium
517,33,Male,Single,Human Resources,HR Associate,High School,2024-08-08,1,Travel_Rarely,17,38357,1,1,2,3,3,Yes,3,4,Yes,Disengaged,,
518,47,Male,Single,Marketing,Marketing Manager,Bachelor's,2018-12-13,7,Non-Travel,10,70967,1,1,2,3,2,No,3,3,No,High Performer / Flight Risk,0.2409579702281652,Low
519,38,Male,Married,Sales,Sales Executive,Bachelor's,2025-12-13,0,Non-Travel,3,37541,0,1,3,4,3,No,2,3,No,Early-Career Builder,0.2746316482570576,Low
520,36,Male,Divorced,Marketing,Content Specialist,Bachelor's,2014-06-15,11,Travel_Rarely,7,95555,1,0,3,4,4,Yes,3,5,No,Stable Core,0.1440429155805657,Low
521,29,Male,Single,Engineering,Senior Engineer,Bachelor's,2024-08-26,1,Non-Travel,11,76978,1,3,4,3,2,No,3,2,No,High Performer / Flight Risk,0.3589081975476387,Medium
522,39,Male,Single,Engineering,Engineering Manager,Bachelor's,2024-11-24,1,Non-Travel,1,131754,0,2,3,4,4,Yes,3,3,No,Stable Core,0.4575769182751296,Medium
523,49,Male,Married,Sales,Sales Manager,High School,2024-04-26,1,Travel_Rarely,2,55484,0,3,4,2,4,Yes,3,3,Yes,Early-Career Builder,,
524,35,Male,Single,Finance,Financial Analyst,Bachelor's,2025-02-15,0,Travel_Rarely,10,38665,0,3,3,4,3,No,3,4,No,Early-Career Builder,0.3476412620063555,Medium
525,27,Female,Married,Sales,Sales Executive,Master's,2025-04-27,0,Non-Travel,1,39284,0,0,3,2,1,Yes,2,2,Yes,High Performer / Flight Risk,,
526,52,Male,Married,Engineering,Software Engineer,Bachelor's,2022-07-01,3,Travel_Rarely,4,71028,0,3,3,1,1,Yes,3,2,No,High Performer / Flight Risk,0.4188226901321273,Medium
527,21,Female,Single,Operations,Logistics Coordinator,High School,2024-07-14,1,Travel_Frequently,1,55965,1,2,3,3,2,No,3,2,No,High Performer / Flight Risk,0.3285055523544715,Medium
528,30,Male,Married,Sales,Sales Manager,Master's,2023-07-07,2,Travel_Rarely,2,60778,0,3,3,2,3,No,3,4,No,Early-Career Builder,0.3642812296475473,Medium
529,24,Male,Single,Engineering,Software Engineer,Bachelor's,2025-10-13,0,Travel_Frequently,4,64169,0,3,4,2,1,No,3,1,Yes,High Performer / Flight Risk,,
530,25,Female,Single,Customer Support,Support Team Lead,High School,2020-05-31,5,Travel_Frequently,21,46980,5,1,3,3,4,No,4,0,No,Early-Career Builder,0.4214118528728415,Medium
531,25,Male,Divorced,Human Resources,HR Manager,Master's,2022-05-30,3,Travel_Rarely,14,53279,0,4,2,4,2,No,1,1,No,Disengaged,0.3479859633793213,Medium
532,36,Male,Married,Sales,Account Manager,Master's,2025-04-30,0,Non-Travel,8,66866,0,2,3,4,3,No,4,0,No,Early-Career Builder,0.3380466864364807,Medium
533,30,Male,Single,Operations,Operations Associate,Bachelor's,2024-06-19,1,Travel_Rarely,33,36928,1,2,3,3,3,No,4,0,No,Early-Career Builder,0.3604839057145487,Medium
534,27,Male,Single,Finance,Finance Manager,Master's,2024-01-11,1,Travel_Frequently,8,84130,1,3,4,2,4,No,3,2,No,Early-Career Builder,0.2684861190130413,Low
535,24,Female,Single,Engineering,Software Engineer,Bachelor's,2022-05-03,3,Travel_Rarely,22,67487,2,3,3,2,3,No,3,4,No,Early-Career Builder,0.337438767286764,Medium
536,37,Female,Married,Human Resources,HR Associate,Bachelor's,2016-04-19,9,Travel_Rarely,2,51383,0,3,2,3,3,Yes,5,2,No,Stable Core,0.2267000008061909,Low
537,32,Male,Single,Customer Support,Support Team Lead,Bachelor's,2024-03-10,1,Travel_Rarely,7,48451,1,3,2,3,3,Yes,4,2,Yes,Disengaged,,
538,34,Male,Single,Human Resources,HR Associate,Bachelor's,2021-12-16,4,Travel_Rarely,5,35638,1,2,2,4,1,No,4,1,No,High Performer / Flight Risk,0.376924253341565,Medium
539,31,Female,Divorced,Engineering,QA Engineer,Master's,2018-05-19,7,Non-Travel,4,111422,3,3,3,1,3,No,4,3,No,Stable Core,0.1999025182222567,Low
540,37,Female,Divorced,Sales,Sales Executive,PhD,2022-09-27,3,Non-Travel,23,49165,0,1,3,4,3,Yes,5,3,No,Early-Career Builder,0.3656747375301244,Medium
541,42,Female,Married,Engineering,Senior Engineer,Master's,2025-04-20,0,Non-Travel,22,78192,0,2,3,4,4,Yes,3,2,No,Early-Career Builder,0.3768274714425748,Medium
542,21,Female,Single,Engineering,Engineering Manager,Bachelor's,2024-06-17,1,Travel_Frequently,4,132040,0,3,4,3,3,No,3,3,No,Stable Core,0.2704367392485013,Low
543,27,Male,Single,Sales,Account Manager,Bachelor's,2023-03-23,2,Travel_Rarely,7,68965,0,0,3,3,2,No,3,3,No,High Performer / Flight Risk,0.4562570361271724,Medium
544,31,Female,Single,Human Resources,HR Manager,High School,2025-04-24,0,Non-Travel,1,40088,0,3,3,1,4,No,3,1,No,Early-Career Builder,0.3389998335782586,Medium
545,31,Female,Married,Marketing,Marketing Associate,High School,2022-08-23,3,Travel_Rarely,3,47379,0,1,3,3,4,Yes,4,2,No,Early-Career Builder,0.5635891598835678,Medium
546,37,Male,Single,Engineering,QA Engineer,High School,2020-03-03,5,Travel_Rarely,6,117069,3,6,3,1,4,No,4,0,No,Stable Core,0.3300386078805485,Medium
547,36,Male,Single,Engineering,Senior Engineer,Master's,2009-09-13,16,Travel_Rarely,41,116112,1,3,3,4,1,No,3,3,No,Stable Core,0.1939533439709476,Low
548,37,Male,Single,Sales,Account Manager,Bachelor's,2019-09-16,6,Non-Travel,18,76485,1,1,3,3,1,No,3,1,Yes,High Performer / Flight Risk,,
549,31,Male,Married,Customer Support,Support Associate,Master's,2017-03-29,8,Non-Travel,3,42966,8,2,1,2,2,Yes,3,3,Yes,Disengaged,,
550,33,Male,Married,Sales,Sales Executive,High School,2024-01-06,1,Travel_Rarely,1,45922,1,5,3,4,1,No,3,1,No,High Performer / Flight Risk,0.4069942395928814,Medium
551,24,Female,Married,Sales,Sales Executive,Bachelor's,2024-08-13,1,Non-Travel,1,43161,1,2,3,3,2,No,3,3,No,High Performer / Flight Risk,0.3074021969787721,Medium
552,32,Male,Single,Finance,Financial Analyst,Bachelor's,2021-08-11,4,Travel_Rarely,1,50124,1,1,4,3,3,No,4,2,No,Early-Career Builder,0.3895737679938037,Medium
553,35,Female,Single,Engineering,Engineering Manager,PhD,2015-07-22,10,Non-Travel,16,164100,0,3,2,3,4,No,4,3,No,Stable Core,0.1776684028687574,Low
554,42,Male,Married,Operations,Logistics Coordinator,Bachelor's,2024-11-11,1,Travel_Frequently,5,68813,0,3,2,3,4,No,3,4,No,Disengaged,0.2207265700230429,Low
555,37,Male,Single,Sales,Sales Executive,Master's,2018-10-05,7,Travel_Frequently,2,56043,4,1,4,3,4,No,4,2,No,Early-Career Builder,0.1922285810814591,Low
556,25,Female,Divorced,Sales,Sales Executive,Bachelor's,2025-07-27,0,Non-Travel,31,36229,0,4,2,1,2,Yes,5,0,Yes,High Performer / Flight Risk,,
557,37,Female,Married,Customer Support,Support Associate,PhD,2025-11-30,0,Non-Travel,4,33677,0,2,3,4,1,No,4,4,No,High Performer / Flight Risk,0.340962249826636,Medium
558,36,Male,Single,Finance,Accountant,Bachelor's,2023-11-03,2,Travel_Rarely,2,59975,0,0,3,2,3,No,3,4,Yes,Early-Career Builder,,
559,40,Female,Single,Marketing,Content Specialist,Master's,2010-09-14,15,Non-Travel,6,107253,1,4,3,3,3,No,3,3,No,Stable Core,0.1156835218431541,Low
560,21,Male,Married,Operations,Operations Manager,Bachelor's,2024-09-23,1,Travel_Rarely,12,47874,1,2,3,2,1,No,3,1,No,High Performer / Flight Risk,0.3362169575750035,Medium
561,49,Male,Single,Sales,Sales Executive,Bachelor's,2016-10-06,9,Travel_Rarely,2,45740,4,1,4,3,3,No,4,2,No,Stable Core,0.1234996861520323,Low
562,26,Female,Single,Sales,Sales Manager,Bachelor's,2022-10-03,3,Non-Travel,5,69583,3,2,4,2,3,No,1,2,No,Early-Career Builder,0.3763142780411275,Medium
563,35,Female,Married,Customer Support,Support Associate,High School,2024-01-29,1,Non-Travel,1,29394,0,2,4,2,3,Yes,3,3,No,Early-Career Builder,0.4770833985784583,Medium
564,36,Female,Married,Sales,Sales Manager,Master's,2021-05-19,4,Non-Travel,5,75315,0,3,2,2,4,No,4,5,No,Disengaged,0.3085665556125306,Medium
565,21,Male,Married,Operations,Operations Manager,High School,2024-07-10,1,Travel_Frequently,12,45752,1,1,3,4,1,No,4,4,No,High Performer / Flight Risk,0.3094945351037508,Medium
566,25,Female,Married,Human Resources,Recruiter,Bachelor's,2025-03-19,0,Non-Travel,1,61247,0,1,2,2,3,No,2,1,No,Disengaged,0.3783343970426644,Medium
567,30,Female,Married,Operations,Logistics Coordinator,Bachelor's,2023-11-03,2,Travel_Rarely,6,58006,1,0,1,1,2,No,3,5,No,Disengaged,0.5098235438262477,Medium
568,30,Male,Single,Operations,Operations Associate,Master's,2020-06-17,5,Travel_Rarely,4,39454,1,2,4,2,4,Yes,2,3,Yes,Early-Career Builder,,
569,31,Female,Married,Finance,Financial Analyst,Master's,2023-08-06,2,Travel_Rarely,5,49123,1,2,4,1,2,No,4,4,Yes,High Performer / Flight Risk,,
570,30,Female,Married,Engineering,Software Engineer,Bachelor's,2025-11-13,0,Non-Travel,1,68298,0,1,2,2,2,No,4,3,Yes,High Performer / Flight Risk,,
571,43,Male,Single,Operations,Operations Associate,Master's,2008-08-29,17,Travel_Rarely,6,64216,2,5,1,3,4,Yes,5,5,No,Stable Core,0.3058337400204697,Medium
572,40,Male,Single,Finance,Finance Manager,PhD,2025-04-29,0,Travel_Frequently,14,79010,0,0,3,4,4,No,4,6,No,Early-Career Builder,0.3169869827032266,Medium
573,39,Female,Married,Sales,Sales Executive,Master's,2025-03-10,0,Travel_Rarely,3,46353,0,1,4,1,3,No,3,1,Yes,Early-Career Builder,,
574,29,Male,Married,Finance,Accountant,Bachelor's,2024-07-15,1,Travel_Rarely,6,63092,0,5,4,3,4,Yes,3,2,No,Early-Career Builder,0.3678732792252444,Medium
575,44,Male,Divorced,Sales,Sales Manager,Master's,2023-05-06,2,Non-Travel,14,54179,1,4,2,3,3,Yes,4,3,No,Disengaged,0.3355572963284593,Medium
576,32,Female,Single,Operations,Operations Associate,Bachelor's,2018-07-30,7,Travel_Frequently,40,44459,5,2,2,3,1,No,2,1,No,High Performer / Flight Risk,0.2785379325348638,Low
577,37,Female,Married,Sales,Sales Executive,Bachelor's,2025-12-14,0,Travel_Frequently,8,41827,0,3,1,2,4,No,5,0,Yes,Disengaged,,
578,36,Male,Divorced,Engineering,Engineering Manager,Master's,2025-05-22,0,Non-Travel,10,110282,0,2,3,3,4,No,3,1,No,Early-Career Builder,0.2435098786297808,Low
579,22,Female,Single,Marketing,Marketing Associate,Bachelor's,2023-03-06,2,Travel_Rarely,3,42421,1,3,2,4,4,Yes,3,3,No,Disengaged,0.5381869638846499,Medium
580,34,Female,Married,Finance,Accountant,Master's,2025-06-06,0,Travel_Rarely,1,58738,0,2,4,3,2,Yes,3,0,No,High Performer / Flight Risk,0.4538290282034851,Medium
581,42,Female,Divorced,Engineering,Senior Engineer,Master's,2025-08-23,0,Travel_Rarely,8,77285,0,1,3,2,2,No,4,0,No,High Performer / Flight Risk,0.4364295230784777,Medium
582,21,Male,Married,Sales,Sales Manager,High School,2024-04-29,1,Travel_Rarely,1,54793,1,1,3,3,1,No,2,2,No,High Performer / Flight Risk,0.2825651188847662,Low
583,24,Male,Married,Marketing,Marketing Associate,Bachelor's,2024-05-05,1,Non-Travel,2,40236,1,5,2,4,2,No,4,1,No,High Performer / Flight Risk,0.39800502262768,Medium
584,30,Male,Single,Customer Support,Support Associate,Bachelor's,2019-11-20,6,Non-Travel,1,40222,0,1,4,1,3,No,2,1,No,Early-Career Builder,0.3215012879311544,Medium
585,29,Female,Divorced,Engineering,Senior Engineer,Master's,2024-02-21,1,Non-Travel,3,84969,1,3,2,4,2,No,4,2,No,High Performer / Flight Risk,0.3538654849333694,Medium
586,28,Female,Married,Finance,Accountant,Bachelor's,2023-08-31,2,Travel_Frequently,4,60890,2,1,3,2,4,Yes,2,2,No,Early-Career Builder,0.4265057910629626,Medium
587,31,Male,Single,Marketing,Marketing Associate,High School,2025-09-05,0,Travel_Rarely,8,37594,0,6,3,3,3,No,3,1,No,Early-Career Builder,0.3431607969784899,Medium
588,39,Male,Divorced,Engineering,Software Engineer,Bachelor's,2017-07-04,8,Travel_Rarely,6,76173,0,5,3,4,4,No,5,2,No,Stable Core,0.1580714118841804,Low
589,27,Male,Single,Operations,Operations Associate,Master's,2018-11-05,7,Non-Travel,6,42938,0,3,2,3,4,No,3,0,No,Disengaged,0.2349660320975221,Low
590,36,Male,Single,Human Resources,HR Manager,Bachelor's,2023-01-25,2,Travel_Rarely,3,51098,0,0,3,2,3,Yes,3,4,No,Early-Career Builder,0.5227480421227483,Medium
591,34,Male,Single,Customer Support,Support Associate,Bachelor's,2015-06-22,10,Travel_Rarely,2,50924,1,4,3,4,4,No,3,4,No,Stable Core,0.2094274286280943,Low
592,40,Male,Single,Sales,Sales Executive,Master's,2024-05-20,1,Non-Travel,4,40404,1,3,4,3,1,No,3,3,No,High Performer / Flight Risk,0.3328463627378247,Medium
593,28,Male,Married,Sales,Account Manager,High School,2022-01-16,3,Non-Travel,1,70748,1,1,1,2,4,No,3,1,No,Disengaged,0.370886688156956,Medium
594,32,Male,Single,Human Resources,HR Associate,Master's,2024-08-12,1,Travel_Rarely,8,40969,0,2,2,2,2,No,4,6,Yes,High Performer / Flight Risk,,
595,31,Female,Married,Engineering,Engineering Manager,Bachelor's,2025-10-30,0,Travel_Rarely,4,111525,0,0,3,3,3,No,3,1,No,Early-Career Builder,0.3120774455260037,Medium
596,40,Male,Married,Engineering,QA Engineer,Bachelor's,2025-07-17,0,Travel_Rarely,14,102937,0,4,4,3,2,No,3,4,No,High Performer / Flight Risk,0.3403977987720712,Medium
597,28,Male,Married,Operations,Operations Associate,Master's,2022-09-28,3,Non-Travel,1,44991,2,1,3,3,1,Yes,3,2,No,High Performer / Flight Risk,0.5091733484710841,Medium
598,33,Female,Married,Customer Support,Support Associate,Bachelor's,2021-07-25,4,Non-Travel,11,39768,1,3,4,3,4,No,3,3,No,Early-Career Builder,0.3116404281186899,Medium
599,30,Male,Divorced,Marketing,Marketing Manager,Bachelor's,2023-08-21,2,Travel_Rarely,1,55489,2,2,3,2,3,Yes,3,0,No,Early-Career Builder,0.5161097813630915,Medium
600,32,Male,Married,Sales,Sales Manager,High School,2023-06-21,2,Travel_Rarely,2,54478,2,2,4,3,4,Yes,3,1,No,Early-Career Builder,0.4743593769264224,Medium
601,28,Male,Divorced,Marketing,Content Specialist,Master's,2023-11-03,2,Travel_Frequently,14,80531,0,2,4,2,3,Yes,3,2,No,Early-Career Builder,0.4287803288973671,Medium
602,22,Female,Single,Operations,Operations Manager,Bachelor's,2023-04-13,2,Travel_Rarely,7,46223,2,3,4,4,1,No,2,0,No,High Performer / Flight Risk,0.4147009027688512,Medium
603,31,Male,Divorced,Engineering,QA Engineer,Master's,2025-02-02,0,Travel_Rarely,11,100971,0,1,3,4,4,Yes,3,2,No,Early-Career Builder,0.3552014789727677,Medium
604,24,Male,Single,Customer Support,Support Associate,Bachelor's,2024-11-18,1,Non-Travel,6,31474,0,4,2,3,1,Yes,3,2,No,High Performer / Flight Risk,0.5458334906227817,Medium
605,40,Male,Single,Customer Support,Support Associate,Bachelor's,2025-03-31,0,Non-Travel,3,34045,0,3,3,3,3,Yes,3,3,Yes,Early-Career Builder,,
606,34,Male,Married,Customer Support,Support Team Lead,Bachelor's,2025-12-02,0,Travel_Rarely,4,42629,0,3,3,3,3,No,3,6,Yes,Early-Career Builder,,
607,25,Male,Married,Finance,Financial Analyst,Master's,2024-02-28,1,Travel_Frequently,12,43640,0,5,3,2,2,No,3,0,Yes,High Performer / Flight Risk,,
608,28,Male,Divorced,Customer Support,Support Team Lead,PhD,2025-05-19,0,Travel_Rarely,20,48492,0,5,4,3,4,No,4,3,No,Early-Career Builder,0.3194532687089231,Medium
609,35,Female,Divorced,Customer Support,Support Associate,High School,2024-06-30,1,Travel_Rarely,1,29728,0,2,2,4,3,No,4,0,No,Disengaged,0.2416733782620118,Low
610,36,Male,Married,Marketing,Marketing Associate,Master's,2024-06-25,1,Travel_Rarely,5,38292,0,2,1,4,4,No,3,2,No,Disengaged,0.4731178444573155,Medium
611,38,Male,Married,Marketing,Marketing Manager,Bachelor's,2015-10-21,10,Travel_Rarely,6,78912,9,3,4,2,3,No,3,3,No,Stable Core,0.1149420257312792,Low
612,42,Male,Married,Human Resources,HR Associate,Bachelor's,2014-03-04,11,Travel_Frequently,1,48199,3,3,3,3,3,Yes,4,2,No,Stable Core,0.2200489257436579,Low
613,21,Female,Married,Engineering,Engineering Manager,Bachelor's,2025-06-14,0,Travel_Rarely,1,124189,0,2,3,3,2,No,5,2,No,High Performer / Flight Risk,0.2710761948511928,Low
614,39,Male,Married,Operations,Logistics Coordinator,High School,2025-03-31,0,Non-Travel,9,56898,0,2,3,3,3,No,3,3,No,Early-Career Builder,0.3193131829169373,Medium
615,34,Male,Married,Operations,Operations Associate,Master's,2021-06-23,4,Travel_Rarely,28,38664,1,4,3,3,2,No,3,3,Yes,High Performer / Flight Risk,,
616,32,Male,Married,Sales,Account Manager,Master's,2018-09-05,7,Travel_Rarely,3,91633,1,1,3,3,4,Yes,2,4,No,Stable Core,0.2589469611676989,Low
617,41,Male,Married,Finance,Accountant,Master's,2017-04-12,8,Non-Travel,13,72753,0,3,4,4,2,No,3,5,No,Stable Core,0.1837075279244598,Low
618,30,Male,Married,Operations,Operations Manager,High School,2024-07-18,1,Travel_Rarely,8,42036,0,2,2,1,3,No,5,4,No,Disengaged,0.3895555711079199,Medium
619,26,Female,Single,Sales,Sales Manager,Master's,2025-01-20,0,Travel_Frequently,4,55011,0,2,3,1,3,Yes,5,4,Yes,Early-Career Builder,,
620,33,Male,Single,Marketing,Marketing Manager,Bachelor's,2022-04-29,3,Non-Travel,2,65275,1,1,2,1,3,No,3,5,No,Disengaged,0.3361314292393348,Medium
621,21,Male,Married,Operations,Logistics Coordinator,Master's,2024-11-06,1,Travel_Rarely,4,48392,0,3,3,3,4,No,3,0,No,Early-Career Builder,0.3332534764152696,Medium
622,35,Female,Married,Finance,Financial Analyst,Master's,2025-11-14,0,Non-Travel,1,40808,0,2,4,2,3,No,2,3,No,Early-Career Builder,0.3286370280066968,Medium
623,39,Female,Single,Sales,Sales Manager,Bachelor's,2024-11-09,1,Travel_Frequently,2,55875,0,1,2,3,2,No,3,1,No,High Performer / Flight Risk,0.4909948162359573,Medium
624,21,Male,Married,Finance,Accountant,Bachelor's,2024-10-24,1,Non-Travel,6,60843,1,0,4,3,4,Yes,5,0,No,Early-Career Builder,0.3956943681025642,Medium
625,36,Female,Married,Operations,Operations Associate,Bachelor's,2025-12-16,0,Travel_Rarely,1,40094,0,1,4,1,3,No,3,4,No,Early-Career Builder,0.3689889578939844,Medium
626,34,Male,Divorced,Finance,Finance Manager,Master's,2014-01-17,11,Travel_Rarely,5,111319,0,0,1,3,4,No,3,4,Yes,Stable Core,,
627,36,Male,Married,Sales,Sales Manager,Bachelor's,2021-06-18,4,Travel_Rarely,2,66514,1,0,2,4,4,No,5,1,No,Disengaged,0.2958033751593834,Low
628,40,Male,Married,Marketing,Marketing Associate,PhD,2024-02-01,1,Travel_Rarely,1,37716,0,2,2,3,2,No,3,1,Yes,High Performer / Flight Risk,,
629,40,Female,Single,Finance,Financial Analyst,Master's,2020-03-07,5,Travel_Rarely,9,44828,5,0,2,1,4,No,3,0,No,Disengaged,0.4004802064891035,Medium
630,25,Male,Single,Engineering,Software Engineer,Bachelor's,2025-08-23,0,Travel_Rarely,6,58284,0,5,1,3,4,No,3,1,No,Disengaged,0.5292802861984164,Medium
631,27,Female,Divorced,Sales,Account Manager,Bachelor's,2018-12-10,7,Travel_Rarely,4,80220,3,0,2,4,3,Yes,2,3,No,Stable Core,0.2402412714548763,Low
632,41,Male,Single,Human Resources,HR Associate,Bachelor's,2022-01-28,3,Non-Travel,11,41206,0,2,3,4,3,Yes,3,2,Yes,Early-Career Builder,,
633,45,Male,Single,Engineering,Senior Engineer,Master's,2023-04-25,2,Non-Travel,2,75185,2,2,4,3,2,No,4,4,No,High Performer / Flight Risk,0.2596982440592036,Low
634,33,Female,Single,Engineering,Engineering Manager,High School,2024-12-29,1,Non-Travel,3,119035,1,1,3,2,2,No,3,4,No,High Performer / Flight Risk,0.4394224114137035,Medium
635,29,Female,Married,Engineering,Software Engineer,Bachelor's,2025-04-24,0,Travel_Rarely,3,66139,0,2,4,3,4,No,3,2,No,Early-Career Builder,0.3315503206577556,Medium
636,36,Female,Married,Marketing,Marketing Associate,Bachelor's,2022-10-09,3,Travel_Rarely,7,43425,1,1,3,4,4,No,1,0,No,Early-Career Builder,0.3876401018077987,Medium
637,32,Male,Married,Sales,Account Manager,Master's,2025-03-30,0,Travel_Rarely,2,59736,0,2,4,3,1,No,2,2,No,High Performer / Flight Risk,0.4822075504329313,Medium
638,43,Male,Single,Sales,Sales Executive,Master's,2024-03-18,1,Travel_Rarely,6,45585,1,1,4,1,4,No,4,2,No,Early-Career Builder,0.3573032241906949,Medium
639,39,Female,Divorced,Finance,Accountant,Bachelor's,2026-01-01,0,Travel_Rarely,1,57172,0,1,2,2,1,No,2,1,No,High Performer / Flight Risk,0.3729959981165011,Medium
640,32,Male,Single,Operations,Operations Manager,Bachelor's,2017-09-23,8,Travel_Rarely,1,51866,0,7,3,3,3,No,5,2,No,Stable Core,0.1814365894273967,Low
641,35,Male,Single,Marketing,Content Specialist,Master's,2025-12-03,0,Non-Travel,4,58742,0,1,4,4,4,No,3,1,No,Early-Career Builder,0.3743402760902015,Medium
642,41,Female,Divorced,Engineering,Engineering Manager,Bachelor's,2021-05-15,4,Travel_Rarely,10,109465,2,1,3,2,4,No,3,0,No,Stable Core,0.2518956566285082,Low
643,49,Male,Single,Human Resources,Recruiter,Bachelor's,2024-12-29,1,Travel_Rarely,12,70514,1,2,1,4,3,Yes,3,3,No,Disengaged,0.4286818520612445,Medium
644,29,Female,Single,Human Resources,HR Manager,Master's,2024-12-21,1,Non-Travel,1,44632,1,3,4,3,4,No,4,0,No,Early-Career Builder,0.3298532075842694,Medium
645,30,Female,Divorced,Finance,Financial Analyst,High School,2025-09-08,0,Non-Travel,9,45493,0,2,3,3,3,No,3,5,No,Early-Career Builder,0.2420465834993358,Low
646,34,Female,Single,Sales,Account Manager,Bachelor's,2023-12-31,2,Travel_Rarely,2,76077,0,4,3,2,3,No,3,2,Yes,Early-Career Builder,,
647,27,Male,Married,Engineering,Senior Engineer,Bachelor's,2021-01-22,4,Travel_Rarely,8,101187,2,3,3,1,4,No,3,3,No,Stable Core,0.2897113825255336,Low
648,27,Female,Married,Customer Support,Support Team Lead,Bachelor's,2024-10-25,1,Travel_Frequently,12,41868,1,2,4,1,2,No,4,2,Yes,High Performer / Flight Risk,,
649,21,Male,Married,Sales,Sales Executive,Master's,2025-06-01,0,Travel_Rarely,3,42303,0,2,1,3,1,No,4,1,No,High Performer / Flight Risk,0.5013743633129399,Medium
650,34,Male,Married,Customer Support,Support Team Lead,Bachelor's,2021-04-12,4,Travel_Frequently,8,49347,0,2,3,4,4,No,3,1,No,Early-Career Builder,0.376125572378201,Medium
651,34,Male,Single,Sales,Sales Manager,PhD,2017-02-04,8,Travel_Rarely,3,83252,4,1,4,3,1,No,4,1,No,High Performer / Flight Risk,0.2117642400054064,Low
652,29,Male,Married,Engineering,Senior Engineer,Bachelor's,2025-03-15,0,Travel_Rarely,23,79791,0,3,1,3,3,Yes,3,2,No,Disengaged,0.5138352286784986,Medium
653,37,Female,Single,Customer Support,Support Team Lead,Master's,2023-02-17,2,Travel_Rarely,16,45208,2,1,3,4,3,No,4,4,No,Early-Career Builder,0.3645770085289835,Medium
654,44,Male,Single,Engineering,Software Engineer,Master's,2023-08-06,2,Travel_Rarely,4,54952,2,2,3,3,4,No,3,1,Yes,Early-Career Builder,,
655,33,Male,Single,Human Resources,HR Associate,Master's,2025-12-14,0,Non-Travel,12,32920,0,0,4,3,4,Yes,4,0,No,Early-Career Builder,0.3465662255634922,Medium
656,36,Male,Single,Engineering,QA Engineer,Master's,2017-06-16,8,Travel_Rarely,6,122226,3,1,3,3,3,No,4,0,No,Stable Core,0.1445977365574083,Low
657,28,Male,Single,Engineering,Engineering Manager,Bachelor's,2023-03-30,2,Travel_Rarely,1,133895,1,1,2,4,3,No,4,1,No,Stable Core,0.3334928364906023,Medium
658,21,Male,Married,Sales,Account Manager,Bachelor's,2024-09-06,1,Travel_Frequently,6,75275,1,0,2,4,4,No,3,3,No,Disengaged,0.2959500695627805,Low
659,43,Female,Single,Finance,Financial Analyst,Bachelor's,2018-05-05,7,Travel_Rarely,13,57701,0,3,3,4,1,No,2,1,No,High Performer / Flight Risk,0.2429866763982299,Low
660,37,Male,Married,Customer Support,Support Team Lead,Master's,2023-01-14,2,Travel_Rarely,18,46363,2,2,2,4,4,Yes,5,2,No,Disengaged,0.406668324675579,Medium
661,27,Male,Single,Human Resources,Recruiter,High School,2023-12-07,2,Travel_Rarely,13,65367,2,2,2,3,3,No,3,3,No,Disengaged,0.3367701719879364,Medium
662,42,Male,Single,Sales,Account Manager,Bachelor's,2017-10-06,8,Travel_Rarely,3,85833,0,5,3,3,4,No,3,1,No,Stable Core,0.1294402821321313,Low
663,44,Male,Married,Sales,Account Manager,Master's,2025-12-29,0,Non-Travel,14,65832,0,4,2,3,1,Yes,3,4,No,High Performer / Flight Risk,0.3764571970963536,Medium
664,37,Female,Married,Marketing,Content Specialist,Master's,2023-11-30,2,Travel_Rarely,7,72419,1,2,3,4,3,Yes,4,1,No,Early-Career Builder,0.3742675788744926,Medium
665,45,Male,Single,Marketing,Content Specialist,Bachelor's,2022-01-06,3,Non-Travel,1,64339,3,1,2,3,3,Yes,4,3,No,Disengaged,0.3824560853018125,Medium
666,27,Male,Single,Marketing,Marketing Manager,Bachelor's,2018-06-07,7,Travel_Rarely,14,58342,2,3,4,3,3,No,5,2,No,Early-Career Builder,0.1450751483473299,Low
667,35,Male,Single,Finance,Accountant,High School,2023-09-18,2,Travel_Rarely,4,69532,0,4,3,3,2,Yes,5,1,No,High Performer / Flight Risk,0.4480946378327454,Medium
668,32,Male,Married,Customer Support,Support Team Lead,Master's,2019-11-16,6,Travel_Rarely,3,55806,0,2,2,3,4,No,3,2,No,Disengaged,0.3933842007696093,Medium
669,41,Female,Single,Marketing,Marketing Associate,High School,2013-10-31,12,Non-Travel,7,56736,0,1,3,3,3,Yes,4,3,No,Stable Core,0.2097315158342839,Low
670,23,Male,Single,Customer Support,Support Team Lead,Bachelor's,2022-05-19,3,Travel_Rarely,5,45193,0,4,2,4,1,No,3,4,Yes,High Performer / Flight Risk,,
671,36,Male,Single,Sales,Sales Executive,Master's,2020-12-19,5,Travel_Frequently,6,49203,5,1,3,4,3,No,2,2,No,Early-Career Builder,0.3560741101317524,Medium
672,31,Female,Married,Engineering,QA Engineer,High School,2021-01-20,4,Non-Travel,2,127285,1,2,3,3,4,No,4,3,No,Stable Core,0.2429815869095737,Low
673,38,Female,Married,Operations,Logistics Coordinator,Master's,2023-12-03,2,Non-Travel,3,54560,2,2,3,3,4,No,3,0,No,Early-Career Builder,0.3386663320478124,Medium
674,36,Female,Single,Sales,Sales Manager,Master's,2023-10-13,2,Travel_Rarely,12,57944,2,3,2,3,2,Yes,4,2,Yes,High Performer / Flight Risk,,
675,48,Female,Married,Customer Support,Support Team Lead,High School,2025-09-26,0,Travel_Rarely,13,43147,0,6,2,4,3,No,2,3,No,Disengaged,0.3244868973698849,Medium
676,25,Female,Single,Engineering,Engineering Manager,High School,2020-01-29,5,Travel_Rarely,5,118560,0,2,2,3,4,No,3,2,No,Stable Core,0.2860656873173284,Low
677,32,Female,Single,Sales,Account Manager,Bachelor's,2024-02-25,1,Travel_Rarely,6,66355,1,1,1,3,3,No,3,2,No,Disengaged,0.4673258762976345,Medium
678,37,Female,Single,Human Resources,HR Manager,Bachelor's,2025-09-05,0,Travel_Rarely,1,44763,0,4,3,3,4,No,4,0,Yes,Early-Career Builder,,
679,23,Male,Married,Operations,Operations Manager,Bachelor's,2025-05-01,0,Travel_Frequently,5,50475,0,1,2,2,1,No,2,3,No,High Performer / Flight Risk,0.4246356377748241,Medium
680,25,Female,Single,Sales,Account Manager,Bachelor's,2025-12-22,0,Non-Travel,1,70773,0,3,3,1,4,No,4,2,No,Early-Career Builder,0.3124130867664095,Medium
681,36,Male,Married,Finance,Financial Analyst,Master's,2012-04-04,13,Travel_Rarely,5,62720,2,1,2,2,2,No,3,0,No,Stable Core,0.2597236746928666,Low
682,33,Male,Single,Human Resources,HR Associate,High School,2025-10-31,0,Travel_Rarely,2,36903,0,1,3,4,3,Yes,3,3,Yes,Early-Career Builder,,
683,47,Male,Single,Sales,Sales Manager,High School,2018-05-03,7,Travel_Frequently,6,75810,0,2,2,2,4,Yes,2,1,Yes,Stable Core,,
684,36,Female,Single,Sales,Sales Manager,Bachelor's,2011-03-02,14,Travel_Frequently,3,95509,3,3,2,3,2,Yes,5,1,No,Stable Core,0.25904027272459,Low
685,38,Male,Single,Engineering,Engineering Manager,High School,2024-02-10,1,Non-Travel,1,115805,1,2,3,3,4,No,4,2,Yes,Early-Career Builder,,
686,31,Female,Single,Finance,Finance Manager,Bachelor's,2024-12-02,1,Non-Travel,6,77636,1,1,4,3,1,No,4,4,No,High Performer / Flight Risk,0.4082831706794653,Medium
687,21,Male,Single,Finance,Accountant,Master's,2025-12-03,0,Travel_Rarely,5,59317,0,2,2,3,3,No,3,2,No,Disengaged,0.4192806173524409,Medium
688,33,Female,Single,Marketing,Marketing Manager,High School,2016-11-16,9,Travel_Frequently,1,75132,1,1,3,2,4,No,4,1,No,Stable Core,0.1408818748203857,Low
689,52,Male,Married,Engineering,Engineering Manager,Bachelor's,2024-01-08,1,Non-Travel,17,124726,1,5,3,1,1,No,2,2,No,High Performer / Flight Risk,0.359751384425811,Medium
690,21,Female,Married,Finance,Finance Manager,Bachelor's,2025-01-01,1,Travel_Frequently,4,74444,1,2,4,2,4,No,3,3,No,Early-Career Builder,0.2613116887617205,Low
691,40,Male,Married,Sales,Account Manager,Bachelor's,2021-02-17,4,Travel_Rarely,9,88151,2,0,4,4,4,Yes,3,1,No,Early-Career Builder,0.2517691703694305,Low
692,29,Male,Single,Customer Support,Support Associate,High School,2023-03-11,2,Non-Travel,1,31729,1,1,4,3,3,Yes,2,1,Yes,Early-Career Builder,,
693,21,Female,Married,Sales,Sales Executive,Bachelor's,2024-04-01,1,Travel_Rarely,6,41648,0,1,3,2,3,Yes,3,4,Yes,Early-Career Builder,,
694,33,Male,Single,Operations,Operations Manager,Bachelor's,2022-04-14,3,Non-Travel,20,40813,1,2,2,4,3,Yes,3,0,No,Disengaged,0.4089565511603544,Medium
695,21,Male,Single,Engineering,QA Engineer,Bachelor's,2024-05-28,1,Travel_Rarely,4,106179,1,3,2,2,2,No,3,2,No,Disengaged,0.3243229842563671,Medium
696,34,Male,Single,Customer Support,Support Associate,Bachelor's,2025-11-10,0,Non-Travel,7,31511,0,2,4,3,4,No,3,2,No,Early-Career Builder,0.2695820250555266,Low
697,36,Male,Divorced,Operations,Operations Associate,Bachelor's,2017-10-10,8,Travel_Rarely,4,40193,3,0,3,1,2,Yes,1,4,No,High Performer / Flight Risk,0.3623764624918009,Medium
698,34,Female,Married,Finance,Financial Analyst,Bachelor's,2022-02-03,3,Non-Travel,1,49512,0,2,3,1,2,No,4,0,No,High Performer / Flight Risk,0.4095823518415152,Medium
699,38,Male,Single,Human Resources,HR Manager,Bachelor's,2013-01-16,12,Travel_Rarely,18,65387,5,1,4,4,3,No,4,5,No,Stable Core,0.1339212477869819,Low
700,43,Female,Single,Sales,Sales Manager,Bachelor's,2024-06-11,1,Non-Travel,9,56673,1,1,3,3,4,No,4,4,No,Early-Career Builder,0.3124126615289429,Medium
701,36,Male,Single,Finance,Accountant,Bachelor's,2012-10-15,13,Travel_Rarely,3,85461,0,2,3,2,4,Yes,3,2,No,Stable Core,0.2054999731015319,Low
702,42,Female,Divorced,Sales,Sales Manager,Bachelor's,2019-02-05,6,Travel_Rarely,8,74312,1,0,3,4,2,Yes,4,4,No,High Performer / Flight Risk,0.3633324194487259,Medium
703,30,Female,Married,Human Resources,HR Manager,Bachelor's,2025-02-10,0,Non-Travel,4,53930,0,0,1,4,2,No,3,1,Yes,Disengaged,,
704,26,Male,Single,Engineering,Engineering Manager,High School,2021-07-20,4,Travel_Frequently,1,135772,4,2,4,3,3,No,4,4,No,Stable Core,0.3002193617637111,Medium
705,39,Female,Married,Operations,Operations Associate,PhD,2025-06-06,0,Travel_Rarely,1,35959,0,0,1,1,4,No,3,4,No,Disengaged,0.4168158522352401,Medium
706,34,Female,Single,Operations,Logistics Coordinator,Bachelor's,2011-09-21,14,Non-Travel,36,92955,1,1,4,4,2,Yes,3,2,Yes,Stable Core,,
707,35,Female,Married,Customer Support,Support Team Lead,Bachelor's,2022-11-11,3,Travel_Rarely,4,43484,2,2,3,1,4,No,3,0,No,Early-Career Builder,0.4547990944154385,Medium
708,26,Male,Married,Engineering,Software Engineer,Master's,2024-07-05,1,Non-Travel,1,66090,0,1,3,1,4,No,4,3,No,Early-Career Builder,0.3427691287312977,Medium
709,38,Male,Single,Human Resources,Recruiter,Bachelor's,2024-12-08,1,Non-Travel,2,54185,0,0,3,2,2,No,3,3,Yes,High Performer / Flight Risk,,
710,25,Male,Divorced,Finance,Finance Manager,Bachelor's,2025-12-31,0,Travel_Rarely,1,67567,0,2,1,2,3,Yes,3,3,Yes,Disengaged,,
711,40,Male,Married,Human Resources,HR Manager,Bachelor's,2025-11-27,0,Non-Travel,1,44763,0,0,3,3,2,Yes,3,3,No,High Performer / Flight Risk,0.4747739754258277,Medium
712,35,Female,Single,Engineering,Engineering Manager,Bachelor's,2022-10-07,3,Travel_Rarely,13,133214,1,1,2,4,3,No,5,3,No,Stable Core,0.3075252961802956,Medium
713,38,Male,Married,Engineering,Engineering Manager,Bachelor's,2024-06-15,1,Travel_Rarely,12,140304,1,0,2,3,4,No,3,0,No,Stable Core,0.2841585605808216,Low
714,39,Female,Single,Operations,Logistics Coordinator,Bachelor's,2021-07-29,4,Non-Travel,3,69750,1,2,2,1,3,No,2,1,No,Disengaged,0.3686911127666714,Medium
715,37,Male,Single,Engineering,QA Engineer,Bachelor's,2024-03-21,1,Travel_Rarely,1,107506,1,2,1,3,4,No,4,0,Yes,Disengaged,,
716,38,Male,Married,Finance,Finance Manager,Bachelor's,2024-12-20,1,Travel_Rarely,1,81880,1,2,4,2,1,No,3,4,Yes,High Performer / Flight Risk,,
717,37,Male,Single,Sales,Account Manager,Bachelor's,2024-10-14,1,Travel_Rarely,12,66171,1,1,2,4,3,No,4,1,Yes,Disengaged,,
718,30,Male,Married,Customer Support,Support Team Lead,Bachelor's,2021-03-27,4,Travel_Rarely,5,49634,4,2,2,3,3,No,3,1,No,Disengaged,0.4393275518844495,Medium
719,31,Female,Married,Engineering,QA Engineer,PhD,2025-07-31,0,Travel_Frequently,4,105033,0,5,2,4,4,No,4,4,Yes,Disengaged,,
720,37,Female,Married,Sales,Sales Manager,Master's,2016-08-06,9,Non-Travel,8,72374,1,1,4,4,4,No,4,2,No,Stable Core,0.1213547305120354,Low
721,47,Female,Single,Finance,Finance Manager,Bachelor's,2016-11-23,9,Non-Travel,9,95140,0,4,3,2,3,Yes,5,1,No,Stable Core,0.2290085410323954,Low
722,21,Male,Married,Sales,Sales Executive,High School,2024-07-07,1,Non-Travel,1,46510,0,1,2,3,1,Yes,3,1,No,High Performer / Flight Risk,0.4558063578682493,Medium
723,48,Male,Married,Operations,Operations Manager,Bachelor's,2025-01-24,0,Travel_Frequently,5,48878,0,3,3,3,4,No,4,2,No,Early-Career Builder,0.211120672320266,Low
724,26,Male,Single,Sales,Sales Executive,High School,2022-12-18,3,Travel_Rarely,19,41355,3,0,1,4,4,No,4,1,No,Disengaged,0.4157568209523694,Medium
725,34,Male,Single,Marketing,Content Specialist,High School,2025-08-19,0,Travel_Rarely,6,65289,0,4,4,4,1,No,5,2,No,High Performer / Flight Risk,0.4145958351375836,Medium
726,49,Female,Married,Customer Support,Support Team Lead,Bachelor's,2024-04-21,1,Travel_Rarely,1,44090,1,1,4,3,2,No,3,3,No,High Performer / Flight Risk,0.3153066152183755,Medium
727,26,Male,Single,Sales,Sales Manager,Bachelor's,2021-04-28,4,Travel_Rarely,3,69804,0,1,4,4,1,No,3,0,No,High Performer / Flight Risk,0.4360586746432561,Medium
728,32,Male,Single,Operations,Operations Manager,High School,2021-07-07,4,Travel_Rarely,25,55522,0,3,3,3,4,No,3,2,Yes,Early-Career Builder,,
729,25,Female,Single,Operations,Operations Manager,Bachelor's,2023-04-17,2,Travel_Rarely,9,50210,0,2,3,1,2,Yes,3,2,Yes,High Performer / Flight Risk,,
730,29,Male,Single,Engineering,Engineering Manager,Master's,2018-03-23,7,Travel_Rarely,6,154756,0,1,3,4,3,No,3,2,No,Stable Core,0.1915544506701243,Low
731,27,Male,Single,Finance,Financial Analyst,Bachelor's,2024-01-11,1,Travel_Rarely,17,46839,0,0,3,3,3,No,4,4,No,Early-Career Builder,0.3552361324426539,Medium
732,30,Male,Married,Finance,Financial Analyst,Bachelor's,2020-09-19,5,Travel_Rarely,4,49920,2,2,3,3,4,No,5,1,No,Early-Career Builder,0.3100561162516647,Medium
733,41,Female,Married,Finance,Finance Manager,High School,2021-09-24,4,Travel_Rarely,21,82282,0,2,3,1,4,No,1,2,No,Early-Career Builder,0.3262195959083225,Medium
734,33,Male,Single,Customer Support,Support Team Lead,Bachelor's,2023-12-06,2,Travel_Rarely,6,51674,0,0,4,3,3,No,3,0,No,Early-Career Builder,0.4455601292464978,Medium
735,38,Female,Married,Marketing,Content Specialist,Master's,2021-03-14,4,Travel_Frequently,2,71089,4,2,3,3,4,Yes,3,1,No,Early-Career Builder,0.3348747580097318,Medium
736,32,Female,Married,Finance,Accountant,Bachelor's,2020-01-23,5,Non-Travel,3,62650,1,1,3,1,4,Yes,3,3,No,Early-Career Builder,0.3520927837601697,Medium
737,43,Male,Married,Marketing,Content Specialist,High School,2022-12-30,3,Travel_Frequently,7,68680,2,1,4,3,3,No,3,4,No,Early-Career Builder,0.2155392402365845,Low
738,41,Male,Married,Sales,Sales Executive,Bachelor's,2004-04-03,21,Travel_Frequently,36,75884,1,4,3,1,3,No,3,5,No,Stable Core,0.1430070496827231,Low
739,32,Male,Single,Engineering,Software Engineer,Master's,2022-03-20,3,Non-Travel,5,71530,2,0,2,3,3,No,3,2,No,Disengaged,0.3034695031378755,Medium
740,39,Female,Single,Customer Support,Support Team Lead,Bachelor's,2021-06-28,4,Travel_Frequently,1,36695,0,1,3,3,4,No,4,1,Yes,Early-Career Builder,,
741,24,Male,Single,Operations,Operations Associate,Bachelor's,2021-11-20,4,Travel_Rarely,1,33458,2,2,3,3,4,Yes,4,2,Yes,Early-Career Builder,,
742,40,Male,Single,Sales,Account Manager,Bachelor's,2024-06-17,1,Non-Travel,12,66672,0,3,3,1,3,No,3,3,No,Early-Career Builder,0.3424375344895891,Medium
743,34,Female,Married,Human Resources,Recruiter,Bachelor's,2024-09-24,1,Travel_Frequently,10,65065,0,4,3,4,2,No,4,5,No,High Performer / Flight Risk,0.4019038975344126,Medium
744,30,Female,Single,Engineering,QA Engineer,Bachelor's,2024-03-21,1,Travel_Frequently,12,107609,1,3,4,3,3,Yes,3,6,No,Early-Career Builder,0.3796812509869646,Medium
745,36,Female,Married,Sales,Sales Manager,Bachelor's,2023-08-21,2,Travel_Rarely,1,56150,0,0,3,2,3,No,3,4,No,Early-Career Builder,0.3890773652900385,Medium
746,40,Male,Single,Human Resources,HR Associate,Master's,2023-03-23,2,Travel_Rarely,3,41710,2,2,3,3,1,Yes,5,4,Yes,High Performer / Flight Risk,,
747,27,Female,Divorced,Sales,Account Manager,Bachelor's,2025-06-26,0,Travel_Rarely,17,72411,0,1,4,3,3,No,4,1,No,Early-Career Builder,0.2367078263533609,Low
748,30,Male,Married,Sales,Sales Executive,Master's,2015-07-07,10,Travel_Rarely,1,56829,2,0,3,2,4,Yes,4,0,Yes,Stable Core,,
749,39,Male,Married,Engineering,Senior Engineer,Master's,2022-02-03,3,Travel_Frequently,1,93811,3,1,1,2,3,No,4,1,Yes,Disengaged,,
750,31,Male,Single,Customer Support,Support Team Lead,High School,2025-08-19,0,Non-Travel,2,41081,0,0,2,4,3,No,3,1,No,Disengaged,0.3582556444550601,Medium
751,27,Male,Divorced,Marketing,Marketing Manager,High School,2024-01-19,1,Non-Travel,4,52583,1,6,3,2,4,No,5,0,No,Early-Career Builder,0.3021687237125801,Medium
752,32,Male,Married,Operations,Operations Manager,High School,2017-08-14,8,Travel_Rarely,18,63633,0,2,3,2,4,No,2,3,No,Stable Core,0.1850292409445862,Low
753,32,Male,Married,Marketing,Content Specialist,Master's,2025-07-24,0,Travel_Rarely,1,59299,0,3,3,4,3,Yes,4,1,No,Early-Career Builder,0.4962888521168895,Medium
754,30,Male,Single,Sales,Sales Manager,Master's,2023-08-27,2,Travel_Rarely,13,57834,2,1,2,4,2,No,3,2,No,High Performer / Flight Risk,0.438400709520224,Medium
755,21,Male,Divorced,Human Resources,Recruiter,Bachelor's,2024-08-19,1,Travel_Rarely,10,61235,1,1,4,2,4,No,1,2,No,Early-Career Builder,0.2201519336040213,Low
756,35,Male,Single,Finance,Finance Manager,Bachelor's,2023-05-10,2,Travel_Rarely,20,82994,2,1,3,2,3,No,3,1,Yes,Early-Career Builder,,
757,26,Male,Single,Operations,Operations Associate,Bachelor's,2021-09-20,4,Non-Travel,20,39796,1,2,3,2,2,Yes,5,2,No,High Performer / Flight Risk,0.474484993179607,Medium
758,36,Male,Single,Engineering,Engineering Manager,PhD,2021-01-02,4,Travel_Rarely,1,145287,4,4,4,1,4,Yes,4,1,Yes,Stable Core,,
759,28,Male,Single,Operations,Operations Associate,Bachelor's,2025-08-03,0,Non-Travel,1,32803,0,4,2,3,2,Yes,5,3,Yes,High Performer / Flight Risk,,
760,27,Male,Married,Operations,Operations Associate,Bachelor's,2018-03-24,7,Travel_Rarely,1,41286,1,1,1,4,4,No,5,1,No,Disengaged,0.3487209258249497,Medium
761,29,Male,Single,Operations,Operations Manager,Master's,2025-03-18,0,Travel_Rarely,9,44745,0,0,4,3,3,No,3,2,No,Early-Career Builder,0.3593751203233408,Medium
762,35,Female,Single,Operations,Operations Associate,Master's,2021-07-12,4,Travel_Rarely,1,39896,0,2,3,4,2,No,3,2,Yes,High Performer / Flight Risk,,
763,29,Male,Single,Operations,Logistics Coordinator,Bachelor's,2018-07-28,7,Non-Travel,6,81128,4,1,2,4,4,No,5,3,No,Stable Core,0.1909413858638351,Low
764,45,Male,Divorced,Engineering,QA Engineer,Master's,2023-05-19,2,Travel_Frequently,10,112251,0,1,4,2,4,No,4,0,No,Early-Career Builder,0.2876099025994592,Low
765,26,Female,Married,Operations,Logistics Coordinator,Bachelor's,2025-03-12,0,Non-Travel,12,53820,0,1,3,1,4,No,5,1,No,Early-Career Builder,0.3856092614254496,Medium
766,24,Female,Single,Sales,Sales Manager,Bachelor's,2022-09-18,3,Travel_Rarely,11,58076,1,4,3,2,4,No,3,1,No,Early-Career Builder,0.4061814623281031,Medium
767,34,Female,Married,Finance,Accountant,High School,2025-11-19,0,Travel_Rarely,2,56552,0,1,4,3,3,Yes,3,4,No,Early-Career Builder,0.5242332003343018,Medium
768,50,Male,Married,Human Resources,HR Manager,Bachelor's,2020-02-21,5,Travel_Rarely,5,57642,0,5,4,3,4,No,3,1,No,Early-Career Builder,0.274909653679689,Low
769,34,Female,Married,Operations,Logistics Coordinator,Bachelor's,2021-08-02,4,Non-Travel,3,63792,0,0,2,2,4,Yes,3,3,No,Disengaged,0.438146540228584,Medium
770,27,Female,Single,Operations,Logistics Coordinator,Bachelor's,2022-01-16,3,Travel_Rarely,18,60113,3,1,3,4,1,No,4,2,No,High Performer / Flight Risk,0.4500629746886173,Medium
771,36,Female,Single,Engineering,QA Engineer,Bachelor's,2024-08-09,1,Travel_Rarely,10,116905,1,2,4,2,1,No,3,1,Yes,High Performer / Flight Risk,,
772,28,Male,Married,Operations,Operations Associate,Bachelor's,2025-02-03,0,Travel_Rarely,2,36926,0,1,3,3,1,No,4,2,No,High Performer / Flight Risk,0.3974647161471938,Medium
773,43,Female,Single,Engineering,Senior Engineer,Bachelor's,2018-06-16,7,Non-Travel,15,97750,2,2,4,1,4,No,2,4,No,Stable Core,0.2135427030129102,Low
774,45,Male,Single,Human Resources,HR Manager,Master's,2025-02-25,0,Travel_Frequently,9,42853,0,6,2,3,3,No,3,2,No,Disengaged,0.3273244614822498,Medium
775,42,Male,Single,Sales,Account Manager,High School,2024-12-04,1,Non-Travel,18,71160,1,4,2,4,4,No,4,2,No,Disengaged,0.28847809203979,Low
776,36,Male,Married,Engineering,Software Engineer,Master's,2025-04-24,0,Travel_Rarely,3,55689,0,3,4,3,1,No,4,3,No,High Performer / Flight Risk,0.421166618823838,Medium
777,40,Female,Single,Engineering,Senior Engineer,Bachelor's,2018-06-24,7,Travel_Rarely,1,112987,7,1,3,1,2,Yes,3,2,No,Stable Core,0.2888911873387945,Low
778,26,Female,Single,Sales,Account Manager,Master's,2019-10-13,6,Travel_Rarely,2,96549,0,2,3,1,4,No,5,2,No,Stable Core,0.318374436613816,Medium
779,24,Male,Married,Marketing,Content Specialist,Bachelor's,2021-01-12,4,Non-Travel,1,76554,2,4,1,4,3,No,2,0,Yes,Disengaged,,
780,24,Male,Single,Customer Support,Support Team Lead,High School,2025-08-19,0,Non-Travel,4,40378,0,3,3,3,4,No,3,4,Yes,Early-Career Builder,,
781,35,Female,Married,Customer Support,Support Associate,Bachelor's,2023-04-18,2,Non-Travel,6,32077,0,1,3,3,4,No,2,6,No,Early-Career Builder,0.2781821350964918,Low
782,21,Male,Married,Customer Support,Support Team Lead,High School,2025-08-16,0,Travel_Rarely,45,45424,0,3,1,1,3,No,3,4,No,Disengaged,0.5312911944005125,Medium
783,53,Female,Married,Engineering,QA Engineer,Master's,2023-08-23,2,Travel_Rarely,1,109693,2,2,2,2,3,Yes,3,5,Yes,Disengaged,,
784,43,Male,Married,Engineering,QA Engineer,Bachelor's,2024-04-27,1,Travel_Rarely,15,102419,1,0,1,3,3,No,3,1,No,Disengaged,0.3429261892071469,Medium
785,26,Male,Married,Operations,Operations Manager,Master's,2024-03-12,1,Non-Travel,24,48216,1,3,3,3,3,No,3,0,Yes,Early-Career Builder,,
786,28,Female,Married,Marketing,Marketing Associate,Master's,2021-02-25,4,Travel_Rarely,7,43306,1,1,3,3,2,No,1,1,Yes,High Performer / Flight Risk,,
787,30,Male,Single,Finance,Finance Manager,Bachelor's,2021-04-25,4,Travel_Rarely,1,99612,0,3,3,3,3,No,3,3,No,Stable Core,0.2855355105912885,Low
788,21,Female,Divorced,Operations,Operations Manager,High School,2024-09-23,1,Travel_Rarely,3,47453,1,2,3,3,3,No,3,2,No,Early-Career Builder,0.2634164334897316,Low
789,41,Female,Married,Engineering,Senior Engineer,Bachelor's,2015-01-25,10,Non-Travel,7,107512,2,4,3,2,3,No,4,2,No,Stable Core,0.1760632815640232,Low
790,24,Female,Divorced,Marketing,Marketing Associate,Bachelor's,2021-11-12,4,Non-Travel,5,38407,3,1,3,3,2,No,4,2,No,High Performer / Flight Risk,0.3148010080981372,Medium
791,44,Female,Single,Operations,Operations Manager,Master's,2025-12-05,0,Travel_Rarely,22,39909,0,1,2,4,4,No,5,1,No,Disengaged,0.3500974843481239,Medium
792,21,Female,Single,Finance,Finance Manager,Bachelor's,2024-01-15,1,Travel_Rarely,4,75705,1,1,2,2,2,No,3,2,No,High Performer / Flight Risk,0.4046024944709314,Medium
793,27,Female,Single,Engineering,Senior Engineer,Master's,2022-09-18,3,Travel_Rarely,4,97764,0,1,3,3,1,No,4,2,No,High Performer / Flight Risk,0.4464958129558646,Medium
794,34,Male,Single,Marketing,Content Specialist,Master's,2025-02-17,0,Non-Travel,10,67747,0,2,2,2,1,Yes,3,4,Yes,High Performer / Flight Risk,,
795,32,Male,Single,Human Resources,Recruiter,Bachelor's,2025-06-20,0,Non-Travel,20,57489,0,3,4,4,2,No,2,4,Yes,High Performer / Flight Risk,,
796,40,Male,Single,Operations,Logistics Coordinator,Master's,2019-06-21,6,Travel_Rarely,1,80286,0,4,4,2,4,Yes,2,3,Yes,Stable Core,,
797,41,Male,Divorced,Operations,Operations Manager,Bachelor's,2022-06-10,3,Travel_Frequently,1,48145,0,1,3,2,4,No,4,3,No,Early-Career Builder,0.2502605843800082,Low
798,38,Male,Single,Sales,Sales Executive,Bachelor's,2017-05-28,8,Travel_Rarely,1,58317,1,2,3,2,3,Yes,3,1,No,Stable Core,0.2824810582005983,Low
799,35,Female,Single,Human Resources,Recruiter,Bachelor's,2013-10-13,12,Non-Travel,1,90412,0,0,4,2,4,No,2,3,No,Stable Core,0.1180204822469783,Low
800,42,Male,Divorced,Sales,Sales Manager,Bachelor's,2024-03-12,1,Non-Travel,11,48085,1,2,4,3,3,No,4,3,No,Early-Career Builder,0.2184170745765004,Low
801,49,Female,Single,Engineering,Software Engineer,Bachelor's,2017-02-24,8,Travel_Rarely,12,81526,1,2,4,1,3,Yes,2,4,No,Stable Core,0.2866760083057631,Low
802,24,Male,Single,Customer Support,Support Associate,Master's,2021-06-23,4,Travel_Rarely,2,33959,4,5,3,3,3,No,3,0,No,Early-Career Builder,0.3681234114916888,Medium
803,32,Male,Married,Human Resources,Recruiter,Bachelor's,2022-06-10,3,Travel_Rarely,1,71326,3,1,1,2,2,No,3,2,No,Disengaged,0.4482775366187924,Medium
804,44,Male,Single,Operations,Logistics Coordinator,High School,2025-01-02,0,Travel_Rarely,2,55847,0,2,3,4,4,No,3,2,No,Early-Career Builder,0.3148916777659533,Medium
805,30,Female,Single,Finance,Finance Manager,Bachelor's,2015-04-04,10,Non-Travel,18,115697,1,3,4,3,3,Yes,4,2,No,Stable Core,0.1874341611903734,Low
806,33,Female,Single,Operations,Operations Manager,High School,2024-09-01,1,Travel_Rarely,1,45287,1,2,2,1,2,No,4,3,No,High Performer / Flight Risk,0.451321137049008,Medium
807,32,Female,Single,Engineering,Software Engineer,Bachelor's,2021-12-11,4,Non-Travel,14,72329,4,1,4,4,3,No,3,1,Yes,Early-Career Builder,,
808,47,Male,Single,Engineering,Software Engineer,Master's,2024-11-25,1,Non-Travel,9,62471,0,3,3,3,4,No,4,2,Yes,Early-Career Builder,,
809,36,Male,Single,Engineering,QA Engineer,Master's,2009-10-20,16,Travel_Rarely,7,178396,1,1,4,4,4,No,3,0,No,Stable Core,0.1252048145331792,Low
810,35,Male,Married,Marketing,Marketing Manager,Master's,2016-10-05,9,Travel_Frequently,1,66184,2,0,3,4,3,Yes,3,2,No,Stable Core,0.1811049519808311,Low
811,40,Female,Married,Operations,Logistics Coordinator,Bachelor's,2020-04-20,5,Travel_Rarely,18,66371,0,1,4,3,3,Yes,4,3,No,Early-Career Builder,0.3654314878488492,Medium
812,34,Female,Single,Engineering,Senior Engineer,Bachelor's,2025-03-21,0,Non-Travel,23,67416,0,1,3,4,4,No,4,1,No,Early-Career Builder,0.3497220426152525,Medium
813,30,Female,Single,Engineering,Senior Engineer,Bachelor's,2018-11-06,7,Travel_Rarely,1,103506,1,3,3,4,3,No,3,1,No,Stable Core,0.1997068555359137,Low
814,22,Male,Single,Operations,Logistics Coordinator,High School,2023-12-31,2,Travel_Frequently,1,56329,1,3,4,4,3,No,5,3,No,Early-Career Builder,0.3009541828212839,Medium
815,24,Male,Single,Marketing,Marketing Manager,Bachelor's,2021-11-01,4,Travel_Rarely,35,61206,0,3,4,3,4,Yes,4,2,No,Early-Career Builder,0.5396594447205938,Medium
816,30,Male,Married,Marketing,Content Specialist,Master's,2025-03-12,0,Non-Travel,2,66034,0,1,4,1,2,No,4,3,No,High Performer / Flight Risk,0.5198360322046705,Medium
817,29,Female,Married,Engineering,Senior Engineer,High School,2016-10-22,9,Travel_Rarely,1,105556,4,3,3,4,2,No,3,2,Yes,Stable Core,,
818,29,Female,Married,Sales,Sales Manager,Master's,2019-10-10,6,Non-Travel,12,64670,2,4,1,4,1,No,4,2,No,High Performer / Flight Risk,0.6372089085210071,High
819,43,Male,Divorced,Customer Support,Support Team Lead,Master's,2023-08-26,2,Travel_Rarely,1,52187,2,2,3,4,3,Yes,2,1,Yes,Early-Career Builder,,
820,38,Female,Single,Engineering,QA Engineer,Master's,2024-07-08,1,Travel_Rarely,3,96061,1,2,2,4,3,No,4,1,No,Disengaged,0.3561042135170098,Medium
821,48,Male,Single,Engineering,Engineering Manager,Master's,2024-05-23,1,Non-Travel,7,131756,1,4,4,2,3,Yes,3,3,No,Stable Core,0.4202592585310851,Medium
822,44,Female,Single,Customer Support,Support Team Lead,Master's,2019-05-27,6,Non-Travel,16,54747,5,1,2,2,3,Yes,4,4,No,Disengaged,0.4057923263404045,Medium
823,24,Male,Married,Engineering,Senior Engineer,Bachelor's,2023-11-05,2,Travel_Frequently,1,67562,1,3,3,3,4,Yes,3,4,Yes,Early-Career Builder,,
824,30,Male,Married,Sales,Account Manager,Bachelor's,2025-05-04,0,Travel_Rarely,12,65937,0,1,4,4,2,Yes,3,1,No,High Performer / Flight Risk,0.5010971432021102,Medium
825,22,Female,Married,Marketing,Marketing Manager,Bachelor's,2025-09-01,0,Travel_Rarely,1,56512,0,1,2,2,3,No,4,5,No,Disengaged,0.385782587885167,Medium
826,26,Male,Single,Operations,Logistics Coordinator,Master's,2019-12-30,6,Non-Travel,3,64532,1,2,3,3,2,No,5,1,No,High Performer / Flight Risk,0.3209705603285285,Medium
827,43,Female,Married,Customer Support,Support Team Lead,High School,2024-05-04,1,Travel_Rarely,6,44048,1,2,2,4,1,No,3,2,No,High Performer / Flight Risk,0.4449757713079788,Medium
828,44,Male,Married,Operations,Operations Associate,Master's,2024-05-26,1,Non-Travel,6,30922,0,0,2,2,4,No,3,1,No,Disengaged,0.289161774918149,Low
829,51,Female,Married,Finance,Finance Manager,High School,2024-08-01,1,Travel_Frequently,3,74516,1,3,2,4,4,Yes,3,3,No,Disengaged,0.2650124590252614,Low
830,44,Female,Married,Human Resources,HR Manager,Master's,2015-03-28,10,Travel_Rarely,1,70860,0,2,4,1,2,Yes,3,3,No,Stable Core,0.3228111951922935,Medium
831,39,Female,Married,Human Resources,HR Manager,Bachelor's,2023-12-12,2,Travel_Frequently,17,48686,1,3,3,3,4,No,2,6,No,Early-Career Builder,0.2899922876566223,Low
832,35,Female,Married,Marketing,Content Specialist,Bachelor's,2021-03-02,4,Travel_Rarely,17,67321,1,2,2,4,4,No,3,2,No,Disengaged,0.2919967187033671,Low
833,27,Male,Married,Sales,Account Manager,Bachelor's,2024-12-21,1,Travel_Rarely,17,78344,0,3,4,3,2,No,3,2,No,High Performer / Flight Risk,0.3904798485737001,Medium
834,21,Female,Married,Sales,Sales Executive,Master's,2025-04-30,0,Travel_Rarely,4,41079,0,2,3,3,4,No,3,3,No,Early-Career Builder,0.3544408905075285,Medium
835,27,Male,Married,Operations,Operations Manager,Bachelor's,2024-06-02,1,Travel_Rarely,10,38143,0,0,3,2,1,No,4,4,No,High Performer / Flight Risk,0.404409868278162,Medium
836,26,Male,Single,Operations,Operations Manager,Master's,2022-11-08,3,Travel_Rarely,1,48503,3,5,2,1,4,Yes,5,2,No,Disengaged,0.4139853289525084,Medium
837,36,Female,Single,Customer Support,Support Team Lead,Master's,2019-03-12,6,Travel_Rarely,6,52261,2,2,4,1,3,Yes,4,2,No,Early-Career Builder,0.4993620663636693,Medium
838,46,Female,Single,Sales,Sales Executive,High School,2025-12-14,0,Non-Travel,8,43783,0,0,2,3,3,No,2,4,No,Disengaged,0.2956408464903744,Low
839,42,Male,Single,Finance,Finance Manager,Master's,2025-08-22,0,Non-Travel,2,71073,0,1,2,4,2,No,3,6,No,High Performer / Flight Risk,0.3579979208274678,Medium
840,35,Male,Single,Customer Support,Support Team Lead,PhD,2017-03-08,8,Non-Travel,1,58337,0,2,4,2,4,No,4,0,No,Stable Core,0.2350430917641917,Low
841,37,Male,Divorced,Engineering,Senior Engineer,High School,2024-11-28,1,Travel_Rarely,1,80479,1,1,2,4,4,No,3,4,No,Disengaged,0.2005944039472442,Low
842,34,Female,Married,Customer Support,Support Associate,High School,2025-08-22,0,Non-Travel,1,31034,0,3,2,3,4,No,4,2,No,Disengaged,0.2911079365084744,Low
843,27,Male,Married,Operations,Operations Manager,PhD,2024-02-10,1,Non-Travel,1,42212,1,0,2,3,3,No,3,5,No,Disengaged,0.2707829394230722,Low
844,39,Male,Single,Customer Support,Support Team Lead,High School,2025-06-15,0,Travel_Rarely,1,37582,0,1,4,3,4,No,2,3,No,Early-Career Builder,0.3444006217503745,Medium
845,42,Male,Single,Engineering,Senior Engineer,Bachelor's,2023-09-04,2,Travel_Rarely,1,92035,0,2,3,3,4,Yes,4,2,No,Early-Career Builder,0.4690502236810823,Medium
846,31,Female,Single,Marketing,Marketing Associate,Master's,2025-11-12,0,Non-Travel,4,42517,0,2,3,4,4,No,3,3,No,Early-Career Builder,0.3344650063878349,Medium
847,37,Male,Married,Customer Support,Support Team Lead,Master's,2024-03-04,1,Travel_Rarely,1,40937,1,0,3,3,4,No,1,4,No,Early-Career Builder,0.3227309268408271,Medium
848,30,Male,Single,Sales,Sales Executive,High School,2022-05-15,3,Non-Travel,5,47023,3,2,3,4,3,No,3,3,No,Early-Career Builder,0.3552277689334029,Medium
849,40,Female,Married,Marketing,Content Specialist,Master's,2025-07-21,0,Travel_Rarely,3,60467,0,1,3,3,2,No,4,3,No,High Performer / Flight Risk,0.4695333145305593,Medium
850,24,Male,Married,Sales,Sales Executive,High School,2021-02-05,4,Non-Travel,8,46296,3,3,3,4,3,No,4,3,Yes,Early-Career Builder,,
851,22,Female,Married,Human Resources,HR Associate,High School,2024-07-29,1,Non-Travel,2,34944,0,2,3,3,4,No,2,0,No,Early-Career Builder,0.2567410871516975,Low
852,35,Male,Single,Engineering,Software Engineer,Bachelor's,2025-07-26,0,Non-Travel,28,58496,0,3,4,2,1,Yes,3,2,No,High Performer / Flight Risk,0.6016655923134595,High
853,40,Male,Married,Customer Support,Support Associate,Master's,2015-03-14,10,Travel_Frequently,10,48893,0,1,3,1,3,Yes,5,2,No,Stable Core,0.2503242539490856,Low
854,42,Male,Divorced,Operations,Operations Associate,Bachelor's,2020-11-04,5,Travel_Frequently,10,39384,5,3,3,1,4,Yes,3,2,No,Early-Career Builder,0.308248997230282,Medium
855,36,Male,Single,Sales,Sales Manager,Bachelor's,2018-10-29,7,Travel_Rarely,13,74639,0,1,1,4,3,No,3,1,No,Disengaged,0.3524558306469637,Medium
856,41,Female,Single,Human Resources,Recruiter,Bachelor's,2024-12-01,1,Travel_Rarely,1,60816,1,2,2,4,2,No,3,4,No,High Performer / Flight Risk,0.3436071071868486,Medium
857,22,Female,Married,Operations,Operations Manager,Master's,2025-07-09,0,Non-Travel,10,44162,0,0,3,4,4,No,4,3,No,Early-Career Builder,0.2934680721902933,Low
858,38,Male,Married,Finance,Financial Analyst,Master's,2025-12-09,0,Travel_Rarely,3,41853,0,2,2,2,4,Yes,5,1,No,Disengaged,0.4694934079964277,Medium
859,38,Male,Single,Sales,Sales Manager,Bachelor's,2022-03-11,3,Travel_Frequently,1,54781,3,1,3,4,4,No,4,1,No,Early-Career Builder,0.3591728177487645,Medium
860,40,Male,Single,Customer Support,Support Associate,Bachelor's,2024-12-08,1,Travel_Rarely,2,31974,1,2,3,2,2,No,4,1,No,High Performer / Flight Risk,0.3159148559277286,Medium
861,33,Female,Single,Sales,Account Manager,Bachelor's,2014-01-17,11,Travel_Rarely,1,90614,5,1,3,2,1,No,4,1,No,Stable Core,0.2425101878406341,Low
862,35,Female,Divorced,Customer Support,Support Team Lead,PhD,2021-04-18,4,Travel_Rarely,25,51186,0,0,4,3,4,No,3,2,No,Early-Career Builder,0.3412807430124899,Medium
863,30,Male,Married,Finance,Finance Manager,Bachelor's,2025-06-21,0,Travel_Rarely,2,72873,0,0,4,3,1,No,4,3,No,High Performer / Flight Risk,0.4377136061447897,Medium
864,34,Female,Single,Marketing,Marketing Manager,Master's,2024-08-21,1,Travel_Frequently,3,48101,1,2,3,3,3,No,4,1,No,Early-Career Builder,0.411653634710208,Medium
865,26,Female,Divorced,Sales,Account Manager,Master's,2020-10-20,5,Non-Travel,14,78633,1,2,4,2,2,Yes,3,3,No,High Performer / Flight Risk,0.4285999859312221,Medium
866,32,Male,Married,Sales,Sales Executive,Master's,2013-11-02,12,Non-Travel,3,63758,0,1,4,4,3,No,4,4,No,Stable Core,0.1413675023766284,Low
867,37,Male,Married,Finance,Financial Analyst,Bachelor's,2017-12-30,8,Travel_Rarely,3,57054,0,3,4,4,1,No,5,4,No,High Performer / Flight Risk,0.197498752263611,Low
868,39,Male,Divorced,Sales,Account Manager,Bachelor's,2023-10-09,2,Non-Travel,4,71765,0,2,3,1,4,No,2,3,No,Early-Career Builder,0.2404770597842904,Low
869,32,Female,Married,Marketing,Marketing Manager,Bachelor's,2024-08-29,1,Non-Travel,3,41841,1,2,3,3,2,No,3,4,No,High Performer / Flight Risk,0.3736371243659498,Medium
870,30,Female,Single,Customer Support,Support Associate,Master's,2022-03-03,3,Travel_Rarely,4,38307,0,0,1,3,2,Yes,1,1,Yes,Disengaged,,
871,48,Male,Single,Marketing,Content Specialist,Master's,2023-08-26,2,Non-Travel,2,69402,0,3,3,3,3,No,4,3,No,Early-Career Builder,0.2064296197099132,Low
872,31,Male,Divorced,Customer Support,Support Associate,Bachelor's,2019-01-03,6,Travel_Rarely,1,41434,4,3,2,1,2,No,5,2,No,High Performer / Flight Risk,0.2903653513660595,Low
873,36,Male,Single,Engineering,Software Engineer,Bachelor's,2021-06-12,4,Travel_Rarely,12,61046,4,1,3,4,3,Yes,3,3,Yes,Early-Career Builder,,
874,40,Male,Married,Sales,Account Manager,Bachelor's,2025-01-18,0,Travel_Rarely,9,60817,0,1,4,3,2,No,2,5,Yes,High Performer / Flight Risk,,
875,35,Male,Divorced,Finance,Finance Manager,Bachelor's,2024-09-18,1,Non-Travel,1,74294,0,3,2,3,3,No,3,1,No,Disengaged,0.1945926839811289,Low
876,45,Male,Single,Sales,Sales Manager,High School,2022-08-19,3,Travel_Rarely,7,65101,2,1,3,3,4,No,4,1,No,Early-Career Builder,0.3242847758431804,Medium
877,25,Male,Single,Marketing,Marketing Manager,Bachelor's,2022-03-27,3,Travel_Rarely,4,60267,0,4,2,3,4,No,3,4,Yes,Disengaged,,
878,30,Female,Married,Marketing,Marketing Associate,High School,2019-06-06,6,Travel_Rarely,7,54603,5,5,3,3,4,No,5,2,No,Early-Career Builder,0.2792913192112289,Low
879,21,Female,Single,Finance,Finance Manager,PhD,2024-08-07,1,Travel_Rarely,9,72903,1,3,3,3,4,No,4,2,No,Early-Career Builder,0.3166537177240541,Medium
880,31,Male,Divorced,Sales,Sales Executive,Bachelor's,2024-12-11,1,Travel_Rarely,7,34220,0,3,4,4,2,No,4,1,No,High Performer / Flight Risk,0.2797028928005862,Low
881,37,Male,Single,Engineering,QA Engineer,Bachelor's,2025-11-12,0,Travel_Rarely,4,100142,0,3,4,3,2,No,4,3,Yes,High Performer / Flight Risk,,
882,28,Female,Single,Engineering,QA Engineer,Bachelor's,2017-12-09,8,Travel_Frequently,4,132331,3,1,4,4,4,Yes,3,4,No,Stable Core,0.2380330311032346,Low
883,40,Female,Married,Engineering,QA Engineer,Master's,2023-08-01,2,Non-Travel,1,103624,2,2,3,4,3,No,4,3,No,Stable Core,0.2799221293589847,Low
884,47,Male,Single,Human Resources,HR Manager,Bachelor's,2022-06-16,3,Travel_Frequently,2,48163,1,2,1,4,3,No,2,3,No,Disengaged,0.4389120254407748,Medium
885,32,Female,Single,Human Resources,HR Associate,Master's,2015-06-12,10,Non-Travel,2,50523,0,2,3,3,2,Yes,2,1,No,Stable Core,0.3038749507412017,Medium
886,35,Male,Single,Engineering,Senior Engineer,Bachelor's,2023-06-26,2,Travel_Rarely,16,91073,2,2,3,3,4,No,3,1,No,Early-Career Builder,0.2988235703522999,Low
887,41,Female,Married,Engineering,Senior Engineer,Master's,2025-04-29,0,Non-Travel,13,83767,0,4,3,4,4,Yes,5,0,Yes,Early-Career Builder,,
888,41,Male,Divorced,Sales,Sales Manager,PhD,2024-06-26,1,Non-Travel,6,53632,1,5,3,4,3,Yes,3,4,No,Early-Career Builder,0.425784593012423,Medium
889,38,Male,Single,Customer Support,Support Team Lead,High School,2018-10-18,7,Travel_Frequently,9,58261,2,3,4,3,3,No,2,3,No,Early-Career Builder,0.1896262745491171,Low
890,29,Male,Single,Engineering,Software Engineer,Bachelor's,2023-09-22,2,Travel_Rarely,2,60343,0,2,2,3,4,No,1,3,No,Disengaged,0.3824827141239093,Medium
891,31,Female,Married,Engineering,Engineering Manager,Bachelor's,2023-01-26,2,Non-Travel,20,138539,0,1,4,1,4,Yes,4,0,No,Stable Core,0.3039944989658224,Medium
892,21,Male,Married,Customer Support,Support Associate,Bachelor's,2024-04-26,1,Non-Travel,5,27777,1,1,2,2,3,No,4,2,No,Disengaged,0.3278296462379084,Medium
893,38,Female,Married,Sales,Account Manager,High School,2024-12-30,1,Non-Travel,5,64685,1,1,1,2,2,Yes,3,3,Yes,Disengaged,,
894,27,Male,Married,Operations,Logistics Coordinator,Master's,2019-02-28,6,Travel_Rarely,8,67336,0,1,3,4,3,No,4,4,No,Stable Core,0.2769292880675676,Low
895,39,Female,Married,Engineering,Engineering Manager,Bachelor's,2022-05-28,3,Non-Travel,6,129991,0,1,4,2,4,No,3,2,No,Stable Core,0.2643772604399131,Low
896,35,Female,Single,Marketing,Marketing Manager,Bachelor's,2025-05-02,0,Travel_Rarely,2,50872,0,5,1,3,2,No,4,4,No,Disengaged,0.626722435143022,High
897,37,Male,Single,Finance,Financial Analyst,Master's,2023-01-09,2,Non-Travel,11,48923,0,3,4,2,4,No,3,1,No,Early-Career Builder,0.3840415259762161,Medium
898,24,Female,Single,Engineering,Senior Engineer,Bachelor's,2021-05-27,4,Non-Travel,4,90017,2,3,3,4,3,No,4,3,No,Stable Core,0.3151416909669131,Medium
899,32,Male,Single,Sales,Account Manager,Master's,2019-05-04,6,Travel_Rarely,4,86949,2,3,3,3,3,No,3,4,No,Stable Core,0.2274831359291819,Low
900,31,Male,Married,Customer Support,Support Associate,Bachelor's,2023-02-21,2,Travel_Rarely,5,38092,0,3,3,2,4,No,5,1,No,Early-Career Builder,0.3493203210697047,Medium
901,28,Male,Married,Sales,Sales Manager,Master's,2023-07-26,2,Travel_Frequently,14,55105,2,1,3,4,4,Yes,3,2,No,Early-Career Builder,0.3710429109487721,Medium
902,40,Male,Single,Operations,Operations Manager,Bachelor's,2025-06-25,0,Travel_Rarely,1,46027,0,3,3,2,3,Yes,3,2,No,Early-Career Builder,0.4574562620504208,Medium
903,39,Female,Single,Sales,Sales Manager,Master's,2023-02-19,2,Travel_Rarely,2,53005,2,1,2,2,2,No,2,3,Yes,Disengaged,,
904,35,Male,Married,Human Resources,HR Associate,Bachelor's,2024-05-01,1,Non-Travel,8,39176,1,3,3,3,4,No,3,2,No,Early-Career Builder,0.2701631231845681,Low
905,39,Male,Married,Engineering,Senior Engineer,Bachelor's,2025-04-10,0,Travel_Rarely,6,77620,0,0,2,4,3,No,3,0,No,Disengaged,0.3152975380093663,Medium
906,34,Female,Single,Operations,Operations Associate,Bachelor's,2024-07-26,1,Non-Travel,1,31311,1,2,3,2,1,No,4,0,No,High Performer / Flight Risk,0.2998033631799549,Low
907,32,Male,Married,Marketing,Content Specialist,Bachelor's,2025-08-31,0,Travel_Frequently,15,60154,0,5,3,4,4,No,4,2,No,Early-Career Builder,0.344554914101758,Medium
908,31,Male,Divorced,Customer Support,Support Team Lead,Master's,2025-12-06,0,Travel_Rarely,4,45459,0,1,2,2,2,Yes,4,6,No,High Performer / Flight Risk,0.5433199737395932,Medium
909,26,Male,Married,Operations,Operations Associate,Master's,2025-12-01,0,Travel_Rarely,19,38976,0,2,3,4,3,Yes,2,3,No,Early-Career Builder,0.4448173173986593,Medium
910,24,Female,Divorced,Sales,Sales Executive,Bachelor's,2021-02-16,4,Travel_Rarely,15,49461,3,2,2,4,1,Yes,4,0,No,High Performer / Flight Risk,0.3699780300410507,Medium
911,24,Male,Married,Operations,Operations Manager,Bachelor's,2023-09-19,2,Non-Travel,2,49145,2,3,2,3,3,Yes,3,1,No,Disengaged,0.463150042249613,Medium
912,36,Female,Married,Finance,Finance Manager,Master's,2022-06-27,3,Travel_Rarely,8,84358,2,7,1,4,4,No,2,3,No,Disengaged,0.458427269173691,Medium
913,38,Female,Married,Engineering,Senior Engineer,Bachelor's,2007-04-21,18,Travel_Rarely,18,136105,3,0,3,3,4,No,4,6,No,Stable Core,0.1606940303349219,Low
914,24,Male,Single,Sales,Sales Executive,Master's,2021-06-27,4,Travel_Frequently,22,49765,0,1,3,3,3,No,4,3,No,Early-Career Builder,0.3886243042995447,Medium
915,32,Male,Single,Finance,Financial Analyst,Bachelor's,2017-12-17,8,Travel_Frequently,7,59026,3,0,2,4,3,Yes,3,2,No,Disengaged,0.2130173195503839,Low
916,39,Female,Divorced,Finance,Financial Analyst,Master's,2023-01-25,2,Non-Travel,1,44360,0,2,3,1,2,No,2,4,Yes,High Performer / Flight Risk,,
917,33,Female,Divorced,Engineering,Senior Engineer,Bachelor's,2017-06-12,8,Travel_Frequently,5,108769,0,1,2,4,3,Yes,4,1,No,Stable Core,0.2796639882393781,Low
918,28,Male,Single,Finance,Financial Analyst,High School,2017-08-12,8,Non-Travel,1,53835,3,2,4,4,2,No,4,2,No,High Performer / Flight Risk,0.2586764429148464,Low
919,29,Male,Married,Engineering,Software Engineer,Master's,2025-12-14,0,Non-Travel,1,54120,0,2,3,1,2,No,2,2,No,High Performer / Flight Risk,0.4394585867104876,Medium
920,21,Female,Married,Customer Support,Support Team Lead,High School,2024-04-29,1,Travel_Rarely,4,43498,1,2,1,4,3,Yes,4,1,Yes,Disengaged,,
921,21,Female,Single,Customer Support,Support Associate,Bachelor's,2024-11-14,1,Travel_Rarely,14,27184,1,2,2,4,4,No,2,5,Yes,Disengaged,,
922,29,Male,Single,Engineering,Engineering Manager,Bachelor's,2025-11-08,0,Travel_Rarely,9,117587,0,2,4,2,4,Yes,3,1,No,Early-Career Builder,0.4236965952030167,Medium
923,22,Female,Single,Sales,Sales Manager,Bachelor's,2025-05-01,0,Travel_Frequently,1,51414,0,4,1,4,3,No,3,2,Yes,Disengaged,,
924,25,Female,Married,Engineering,QA Engineer,Bachelor's,2024-04-26,1,Travel_Rarely,3,81170,1,3,3,3,2,No,5,2,No,High Performer / Flight Risk,0.3031385039439411,Medium
925,35,Male,Single,Engineering,Engineering Manager,High School,2023-08-09,2,Non-Travel,6,122187,2,1,3,1,4,Yes,3,1,No,Stable Core,0.3521535450008265,Medium
926,36,Male,Single,Engineering,Senior Engineer,Master's,2025-01-28,0,Non-Travel,1,79758,0,1,3,4,3,No,4,3,No,Early-Career Builder,0.3125335846106776,Medium
927,41,Male,Married,Operations,Logistics Coordinator,Bachelor's,2024-01-30,1,Travel_Rarely,2,58760,1,2,2,3,2,No,3,3,No,High Performer / Flight Risk,0.3472654380283799,Medium
928,34,Male,Single,Operations,Operations Manager,PhD,2019-04-05,6,Non-Travel,7,58582,6,2,3,3,4,No,4,1,Yes,Early-Career Builder,,
929,48,Male,Single,Sales,Account Manager,High School,2024-02-25,1,Travel_Rarely,27,73251,1,2,3,3,1,No,2,1,No,High Performer / Flight Risk,0.3532116135255481,Medium
930,37,Male,Married,Customer Support,Support Team Lead,High School,2017-09-11,8,Non-Travel,1,58800,2,2,3,3,4,No,3,3,No,Stable Core,0.1736416796629524,Low
931,29,Male,Divorced,Operations,Operations Associate,Bachelor's,2024-01-20,1,Travel_Rarely,1,35891,0,0,2,3,3,Yes,3,3,No,Disengaged,0.3607377140922086,Medium
932,43,Male,Single,Engineering,QA Engineer,Master's,2025-02-26,0,Travel_Rarely,3,107166,0,1,3,4,3,No,5,1,No,Early-Career Builder,0.352772793991113,Medium
933,21,Female,Married,Operations,Operations Associate,Bachelor's,2024-11-23,1,Travel_Rarely,1,34455,1,3,3,3,4,Yes,4,6,No,Early-Career Builder,0.4630239036121747,Medium
934,30,Male,Single,Human Resources,HR Associate,High School,2023-11-05,2,Travel_Rarely,13,34847,0,3,3,3,2,No,2,6,No,High Performer / Flight Risk,0.3540275236003964,Medium
935,26,Male,Single,Finance,Financial Analyst,Master's,2021-11-23,4,Travel_Rarely,20,55077,0,1,3,3,1,Yes,4,3,No,High Performer / Flight Risk,0.5744202337257933,Medium
936,21,Female,Single,Operations,Operations Manager,Bachelor's,2024-07-07,1,Travel_Rarely,3,49772,1,4,3,3,4,No,4,3,Yes,Early-Career Builder,,
937,33,Male,Single,Operations,Operations Associate,Bachelor's,2025-12-31,0,Non-Travel,5,38060,0,2,4,3,4,No,2,0,No,Early-Career Builder,0.3083927720614999,Medium
938,28,Female,Divorced,Engineering,Software Engineer,Bachelor's,2017-11-13,8,Non-Travel,2,79348,0,6,4,3,3,Yes,3,2,No,Stable Core,0.3142313698848601,Medium
939,22,Male,Divorced,Engineering,Senior Engineer,Master's,2023-07-16,2,Travel_Rarely,9,75491,0,3,4,4,2,No,4,1,Yes,High Performer / Flight Risk,,
940,25,Male,Married,Customer Support,Support Associate,Bachelor's,2020-03-05,5,Travel_Rarely,1,45659,0,0,2,3,3,Yes,3,2,No,Disengaged,0.4288595581874909,Medium
941,31,Male,Married,Marketing,Marketing Associate,Bachelor's,2020-09-23,5,Travel_Rarely,13,37805,3,1,3,3,4,No,3,2,No,Early-Career Builder,0.3394994380143367,Medium
942,21,Female,Married,Engineering,QA Engineer,Bachelor's,2024-06-13,1,Travel_Rarely,7,99840,1,2,3,4,4,No,4,1,No,Early-Career Builder,0.2985415499339626,Low
943,21,Female,Married,Engineering,Software Engineer,Bachelor's,2025-05-30,0,Travel_Rarely,2,61579,0,0,3,3,4,No,5,2,Yes,Early-Career Builder,,
944,33,Female,Married,Operations,Operations Associate,Master's,2022-07-15,3,Travel_Rarely,4,41783,1,3,4,1,3,No,3,2,No,Early-Career Builder,0.4739932206086047,Medium
945,35,Female,Single,Marketing,Marketing Associate,PhD,2023-12-23,2,Non-Travel,1,40441,0,1,3,3,1,No,2,1,No,High Performer / Flight Risk,0.4650127859159152,Medium
946,42,Female,Married,Customer Support,Support Associate,Bachelor's,2019-04-13,6,Travel_Rarely,2,36082,0,1,4,4,3,No,3,2,No,Early-Career Builder,0.3231216441141328,Medium
947,21,Male,Single,Engineering,Engineering Manager,PhD,2024-03-05,1,Non-Travel,9,96369,1,2,2,3,3,No,4,2,No,Disengaged,0.3549306712976865,Medium
948,21,Male,Married,Engineering,Senior Engineer,PhD,2024-12-14,1,Travel_Rarely,1,73705,1,2,4,3,3,No,4,2,No,Early-Career Builder,0.3020614630943671,Medium
949,30,Male,Married,Engineering,Software Engineer,Bachelor's,2024-08-13,1,Travel_Rarely,11,62324,0,2,3,4,3,No,4,1,No,Early-Career Builder,0.3436513582327397,Medium
950,38,Male,Single,Finance,Financial Analyst,Bachelor's,2024-03-20,1,Non-Travel,7,49066,1,2,4,4,3,Yes,3,4,No,Early-Career Builder,0.4569577208987445,Medium
951,50,Male,Single,Operations,Operations Manager,Bachelor's,2025-03-29,0,Travel_Rarely,8,45955,0,2,2,3,1,Yes,3,5,No,High Performer / Flight Risk,0.402243359432999,Medium
952,43,Male,Married,Marketing,Content Specialist,Bachelor's,2024-06-27,1,Travel_Rarely,3,65502,1,4,4,4,4,No,4,0,No,Early-Career Builder,0.2468230857000773,Low
953,27,Female,Single,Sales,Account Manager,Bachelor's,2025-07-11,0,Non-Travel,3,70962,0,0,3,3,1,Yes,4,3,Yes,High Performer / Flight Risk,,
954,38,Male,Married,Sales,Sales Executive,Bachelor's,2025-02-09,0,Travel_Rarely,2,38337,0,1,3,4,3,No,3,1,No,Early-Career Builder,0.3625035815526224,Medium
955,21,Female,Married,Finance,Finance Manager,Master's,2024-07-11,1,Travel_Rarely,4,75081,1,3,3,3,2,No,3,4,No,High Performer / Flight Risk,0.3220459706940593,Medium
956,28,Female,Single,Operations,Logistics Coordinator,Bachelor's,2023-09-15,2,Non-Travel,7,54808,0,1,4,2,4,No,3,2,No,Early-Career Builder,0.3657851636942531,Medium
957,40,Male,Married,Sales,Sales Executive,Bachelor's,2018-02-09,7,Travel_Rarely,12,51810,0,2,4,1,2,Yes,3,3,No,High Performer / Flight Risk,0.3374883773280114,Medium
958,31,Male,Single,Engineering,Engineering Manager,Master's,2014-08-27,11,Non-Travel,1,162364,4,2,2,3,3,No,4,4,No,Stable Core,0.1862629951487923,Low
959,35,Male,Divorced,Engineering,QA Engineer,Bachelor's,2025-08-02,0,Travel_Rarely,2,96042,0,3,1,4,3,No,4,2,Yes,Disengaged,,
960,25,Female,Single,Marketing,Content Specialist,Master's,2025-10-13,0,Travel_Rarely,4,64955,0,1,3,4,3,No,5,3,No,Early-Career Builder,0.3252667498486341,Medium
961,35,Male,Single,Engineering,Senior Engineer,Master's,2025-07-20,0,Travel_Rarely,2,87267,0,1,4,3,4,Yes,2,3,No,Early-Career Builder,0.5436098092536134,Medium
962,27,Male,Single,Sales,Sales Manager,Master's,2024-09-14,1,Non-Travel,6,62435,1,3,2,3,4,Yes,2,0,No,Disengaged,0.4156383860852362,Medium
963,26,Female,Divorced,Engineering,Senior Engineer,High School,2025-05-20,0,Travel_Rarely,45,83509,0,2,3,1,4,No,5,3,No,Early-Career Builder,0.3168454630198019,Medium
964,29,Male,Single,Marketing,Content Specialist,Bachelor's,2018-05-08,7,Non-Travel,3,87126,2,3,4,3,4,No,2,3,No,Stable Core,0.1387853368456635,Low
965,45,Female,Single,Customer Support,Support Team Lead,Master's,2021-12-05,4,Travel_Frequently,6,52585,2,2,4,4,3,No,3,1,Yes,Early-Career Builder,,
966,41,Female,Single,Sales,Sales Executive,Master's,2025-10-26,0,Non-Travel,23,40310,0,2,4,3,2,No,3,2,No,High Performer / Flight Risk,0.4105233571585931,Medium
967,37,Female,Married,Engineering,Senior Engineer,Master's,2021-11-19,4,Non-Travel,19,99404,4,1,3,4,3,No,4,1,No,Stable Core,0.3231486105264566,Medium
968,39,Male,Single,Customer Support,Support Associate,Master's,2024-03-27,1,Travel_Rarely,5,30876,1,4,3,3,3,No,3,0,No,Early-Career Builder,0.3280251142460649,Medium
969,21,Male,Married,Sales,Sales Manager,Bachelor's,2024-01-04,1,Travel_Rarely,2,58813,1,6,2,1,1,No,2,0,No,High Performer / Flight Risk,0.3973033684644834,Medium
970,21,Male,Single,Human Resources,Recruiter,PhD,2024-06-16,1,Travel_Rarely,1,64802,1,3,2,2,3,No,4,3,No,Disengaged,0.3404115801248191,Medium
971,21,Female,Single,Human Resources,Recruiter,Master's,2025-01-28,0,Non-Travel,10,64402,0,3,1,3,2,No,3,6,Yes,Disengaged,,
972,36,Male,Married,Sales,Sales Executive,Master's,2022-01-10,3,Non-Travel,2,46564,3,3,4,2,4,No,4,2,No,Early-Career Builder,0.2535632915587668,Low
973,43,Male,Married,Engineering,Engineering Manager,Master's,2025-03-27,0,Non-Travel,7,112743,0,1,3,2,1,No,4,0,Yes,High Performer / Flight Risk,,
974,29,Male,Married,Sales,Sales Manager,Master's,2016-03-31,9,Non-Travel,4,76577,1,4,4,1,4,No,5,3,No,Stable Core,0.1893650245026203,Low
975,41,Female,Single,Engineering,Senior Engineer,Bachelor's,2018-08-05,7,Non-Travel,8,98285,1,5,4,3,3,No,4,2,No,Stable Core,0.1737070456203189,Low
976,35,Male,Married,Finance,Financial Analyst,Master's,2021-01-18,4,Travel_Frequently,25,51654,1,2,2,3,2,No,5,6,No,High Performer / Flight Risk,0.4044434656237288,Medium
977,33,Female,Single,Sales,Sales Executive,Master's,2018-11-18,7,Travel_Frequently,6,53330,0,1,3,3,4,No,3,5,No,Early-Career Builder,0.2373229550325908,Low
978,29,Female,Married,Sales,Sales Executive,Bachelor's,2025-01-26,0,Non-Travel,12,34810,0,1,3,2,4,No,4,2,No,Early-Career Builder,0.3135531164269822,Medium
979,32,Male,Divorced,Operations,Logistics Coordinator,Bachelor's,2016-04-02,9,Travel_Rarely,1,73314,2,3,4,4,3,Yes,4,0,No,Stable Core,0.2360416135025677,Low
980,28,Male,Single,Customer Support,Support Associate,High School,2023-04-25,2,Non-Travel,2,29877,0,5,3,3,4,No,4,5,No,Early-Career Builder,0.3390495238918894,Medium
981,33,Male,Single,Engineering,Software Engineer,Bachelor's,2025-07-28,0,Travel_Frequently,1,49329,0,4,2,4,4,Yes,3,2,No,Disengaged,0.4795145758569623,Medium
982,41,Female,Married,Human Resources,HR Manager,Bachelor's,2022-06-21,3,Non-Travel,9,51388,3,2,2,4,4,No,5,3,No,Disengaged,0.2570708342951642,Low
983,29,Male,Married,Operations,Logistics Coordinator,Bachelor's,2023-04-26,2,Non-Travel,21,56350,1,4,3,4,3,No,4,4,No,Early-Career Builder,0.3578612072291554,Medium
984,39,Female,Single,Customer Support,Support Associate,Master's,2024-04-04,1,Travel_Frequently,1,30969,1,3,4,2,3,No,3,0,No,Early-Career Builder,0.283838619062614,Low
985,34,Male,Single,Human Resources,HR Manager,Bachelor's,2023-10-26,2,Non-Travel,12,46886,1,3,2,4,4,No,4,1,No,Disengaged,0.3455957860763081,Medium
986,28,Male,Married,Sales,Sales Executive,Bachelor's,2024-11-15,1,Travel_Frequently,1,38039,1,1,3,2,1,No,4,3,No,High Performer / Flight Risk,0.372427004707414,Medium
987,41,Female,Married,Marketing,Marketing Manager,Bachelor's,2023-12-14,2,Travel_Rarely,4,52370,0,1,2,3,4,Yes,4,3,Yes,Disengaged,,
988,24,Male,Married,Marketing,Content Specialist,Master's,2022-04-07,3,Non-Travel,1,75773,2,3,3,1,3,No,4,2,No,Early-Career Builder,0.2878963217300231,Low
989,37,Male,Single,Engineering,Senior Engineer,High School,2020-10-15,5,Travel_Rarely,5,87721,0,2,4,3,4,No,4,3,No,Stable Core,0.3172130376169476,Medium
990,29,Female,Single,Finance,Financial Analyst,Bachelor's,2019-11-25,6,Travel_Rarely,32,57310,0,1,3,4,2,No,1,2,Yes,High Performer / Flight Risk,,
991,34,Male,Divorced,Finance,Finance Manager,High School,2020-11-13,5,Travel_Rarely,2,91385,1,3,2,3,3,No,4,3,No,Stable Core,0.169550091119421,Low
992,34,Male,Single,Customer Support,Support Associate,Master's,2023-12-08,2,Non-Travel,2,35995,2,1,2,3,2,No,1,6,No,Disengaged,0.3085746741053383,Medium
993,35,Male,Single,Operations,Operations Associate,Master's,2025-09-29,0,Travel_Rarely,4,37057,0,4,3,3,4,No,3,6,No,Early-Career Builder,0.3174334570680718,Medium
994,42,Male,Married,Engineering,Engineering Manager,Master's,2025-08-05,0,Travel_Rarely,5,117657,0,2,4,3,3,No,3,1,No,Early-Career Builder,0.2894084658552533,Low
995,35,Male,Divorced,Engineering,QA Engineer,Bachelor's,2013-12-07,12,Travel_Rarely,1,154393,0,1,1,4,3,No,2,0,No,Stable Core,0.2840810893679006,Low
996,35,Male,Single,Operations,Operations Manager,Master's,2025-02-14,0,Non-Travel,4,48096,0,0,2,3,4,No,5,2,No,Disengaged,0.2915025384371122,Low
997,35,Female,Single,Human Resources,HR Manager,Bachelor's,2021-03-14,4,Travel_Rarely,1,47420,4,0,4,2,4,Yes,5,0,Yes,Early-Career Builder,,
998,45,Female,Divorced,Engineering,Software Engineer,Bachelor's,2023-03-29,2,Travel_Rarely,1,59491,0,3,3,2,3,Yes,4,2,Yes,Early-Career Builder,,
999,38,Female,Married,Operations,Logistics Coordinator,High School,2023-03-26,2,Non-Travel,35,63202,2,3,3,1,3,No,5,5,No,Early-Career Builder,0.3474251616673159,Medium
1000,22,Male,Single,Operations,Operations Associate,Bachelor's,2025-01-08,0,Travel_Rarely,16,38442,0,1,4,4,1,No,3,1,No,High Performer / Flight Risk,0.4310410767090942,Medium
1001,23,Male,Single,Sales,Account Manager,Master's,2022-06-29,3,Travel_Rarely,7,80560,3,0,2,2,4,Yes,2,6,No,Disengaged,0.3913677156068372,Medium
1002,32,Male,Married,Engineering,Senior Engineer,Master's,2025-10-13,0,Travel_Rarely,2,71182,0,0,3,3,4,No,4,4,No,Early-Career Builder,0.2703801192860267,Low
1003,33,Female,Divorced,Engineering,Engineering Manager,Master's,2025-03-11,0,Non-Travel,1,121447,0,2,3,4,4,No,3,2,No,Early-Career Builder,0.2005961785030483,Low
1004,31,Male,Married,Human Resources,HR Associate,Bachelor's,2020-05-09,5,Non-Travel,1,46231,0,3,4,3,4,No,4,3,No,Early-Career Builder,0.2872859004714753,Low
1005,37,Male,Married,Customer Support,Support Associate,Bachelor's,2024-08-20,1,Travel_Frequently,1,36115,1,0,2,3,3,Yes,3,4,No,Disengaged,0.2768836912241292,Low
1006,38,Male,Married,Sales,Account Manager,Bachelor's,2024-08-15,1,Travel_Rarely,1,63740,0,2,3,3,3,No,3,2,No,Early-Career Builder,0.3213290861734729,Medium
1007,25,Female,Single,Engineering,Senior Engineer,Bachelor's,2024-08-05,1,Non-Travel,2,87606,1,1,2,4,2,No,4,3,No,High Performer / Flight Risk,0.3797080541721236,Medium
1008,37,Female,Married,Operations,Operations Associate,High School,2024-02-21,1,Travel_Frequently,6,33992,0,0,3,1,2,No,3,2,Yes,High Performer / Flight Risk,,
1009,51,Male,Married,Sales,Account Manager,Master's,2013-08-14,12,Travel_Rarely,21,105162,1,3,2,3,2,Yes,3,5,No,Stable Core,0.271552121758029,Low
1010,26,Male,Married,Engineering,Engineering Manager,Master's,2023-01-11,2,Travel_Rarely,33,139058,2,3,1,4,4,No,4,1,No,Disengaged,0.5043895550814198,Medium
1011,31,Male,Married,Engineering,Engineering Manager,Master's,2023-07-24,2,Non-Travel,3,117163,1,2,3,3,4,No,3,1,No,Stable Core,0.3012709914644136,Medium
1012,42,Female,Single,Sales,Sales Manager,High School,2025-05-12,0,Travel_Rarely,3,48332,0,7,4,2,1,Yes,3,2,Yes,High Performer / Flight Risk,,
1013,32,Male,Single,Customer Support,Support Associate,Bachelor's,2016-05-13,9,Travel_Rarely,28,45749,0,2,4,4,4,No,3,1,No,Early-Career Builder,0.1903037652497652,Low
1014,29,Male,Married,Sales,Sales Manager,Bachelor's,2023-08-03,2,Travel_Rarely,6,62519,1,1,3,4,2,No,3,1,No,High Performer / Flight Risk,0.4368411592342078,Medium
1015,21,Male,Married,Engineering,Engineering Manager,Bachelor's,2024-09-11,1,Travel_Rarely,4,136233,0,0,3,2,2,No,3,0,No,Stable Core,0.3190558064397752,Medium
1016,29,Male,Married,Sales,Account Manager,Bachelor's,2025-12-26,0,Travel_Rarely,1,58537,0,2,2,3,4,Yes,3,1,No,Disengaged,0.3905592497528358,Medium
1017,38,Female,Married,Sales,Sales Manager,Master's,2025-04-13,0,Travel_Rarely,5,55793,0,4,2,2,4,No,3,1,No,Disengaged,0.4660703544851558,Medium
1018,32,Female,Single,Engineering,QA Engineer,High School,2022-04-13,3,Travel_Rarely,3,94832,1,3,2,3,1,Yes,3,0,No,High Performer / Flight Risk,0.4329248850268885,Medium
1019,33,Male,Single,Operations,Logistics Coordinator,High School,2021-12-27,4,Travel_Rarely,1,66106,1,2,3,1,1,Yes,4,0,No,High Performer / Flight Risk,0.4102875133802344,Medium
1020,29,Male,Married,Sales,Sales Executive,Bachelor's,2019-06-02,6,Non-Travel,2,45710,0,4,3,2,2,No,3,2,No,High Performer / Flight Risk,0.3996352556684803,Medium
1021,34,Female,Single,Customer Support,Support Team Lead,High School,2023-04-15,2,Non-Travel,2,48645,1,4,4,3,3,No,2,5,Yes,Early-Career Builder,,
1022,26,Female,Married,Finance,Finance Manager,Bachelor's,2023-11-02,2,Travel_Rarely,12,76238,2,2,2,4,3,No,3,2,Yes,Disengaged,,
1023,28,Male,Married,Sales,Sales Executive,PhD,2025-02-19,0,Non-Travel,1,44254,0,4,1,4,3,No,3,1,No,Disengaged,0.554206127504165,Medium
1024,26,Male,Married,Sales,Account Manager,Master's,2019-11-04,6,Travel_Rarely,10,88993,0,1,2,3,1,Yes,3,3,No,High Performer / Flight Risk,0.3804366116233666,Medium
1025,26,Female,Married,Engineering,Engineering Manager,High School,2022-08-31,3,Travel_Rarely,1,138385,0,2,2,1,2,No,3,2,No,Stable Core,0.3321961249887987,Medium
1026,24,Female,Married,Operations,Operations Manager,Bachelor's,2021-07-20,4,Travel_Rarely,1,61098,2,2,3,3,3,No,4,3,No,Early-Career Builder,0.3352259310361287,Medium
1027,30,Female,Single,Customer Support,Support Associate,Master's,2017-02-25,8,Travel_Rarely,5,43622,2,2,3,3,2,Yes,3,3,No,High Performer / Flight Risk,0.3742533019832654,Medium
1028,49,Female,Married,Sales,Account Manager,High School,2018-02-04,7,Travel_Frequently,15,87223,0,6,2,3,3,Yes,3,3,No,Stable Core,0.2333297218410135,Low
1029,46,Female,Single,Operations,Operations Associate,Bachelor's,2022-04-09,3,Travel_Frequently,1,37586,1,2,3,3,3,No,4,1,No,Early-Career Builder,0.2739714871090382,Low
1030,31,Male,Single,Engineering,Senior Engineer,Bachelor's,2022-03-31,3,Travel_Frequently,13,90496,1,0,3,3,3,Yes,3,3,No,Early-Career Builder,0.424643276366742,Medium
1031,41,Female,Single,Sales,Sales Executive,Bachelor's,2025-06-09,0,Travel_Rarely,2,39044,0,0,4,2,4,No,3,5,No,Early-Career Builder,0.3148297678724395,Medium
1032,32,Male,Married,Customer Support,Support Associate,Master's,2016-08-24,9,Non-Travel,14,39144,0,2,4,2,4,No,4,6,No,Early-Career Builder,0.2138476683347812,Low
1033,47,Female,Married,Customer Support,Support Associate,Bachelor's,2022-08-09,3,Travel_Frequently,3,34640,2,1,3,1,4,No,3,2,No,Early-Career Builder,0.3280639754385383,Medium
1034,34,Female,Divorced,Marketing,Marketing Associate,Bachelor's,2024-04-08,1,Travel_Rarely,12,32698,0,4,4,1,4,No,3,1,No,Early-Career Builder,0.2605013677178196,Low
1035,21,Male,Single,Operations,Logistics Coordinator,Bachelor's,2024-09-06,1,Travel_Rarely,12,71598,0,1,1,3,4,Yes,3,2,Yes,Disengaged,,
1036,41,Male,Single,Marketing,Content Specialist,Bachelor's,2021-08-17,4,Non-Travel,4,78921,2,2,3,4,2,Yes,3,2,Yes,High Performer / Flight Risk,,
1037,22,Male,Single,Human Resources,HR Manager,Bachelor's,2023-05-18,2,Travel_Rarely,6,54916,0,1,1,3,4,No,3,6,No,Disengaged,0.455481356300031,Medium
1038,36,Female,Married,Operations,Operations Manager,Bachelor's,2024-06-13,1,Non-Travel,9,46167,0,0,4,4,2,Yes,4,1,Yes,High Performer / Flight Risk,,
1039,33,Female,Single,Finance,Accountant,Bachelor's,2021-12-06,4,Travel_Rarely,15,71114,1,2,1,2,3,No,4,3,No,Disengaged,0.4387557808909972,Medium
1040,31,Male,Divorced,Marketing,Content Specialist,Bachelor's,2022-05-11,3,Travel_Rarely,20,74310,0,1,3,1,2,No,3,2,No,High Performer / Flight Risk,0.4509808298911338,Medium
1041,29,Male,Single,Human Resources,Recruiter,Bachelor's,2024-05-18,1,Travel_Rarely,1,60522,1,2,4,4,2,No,2,1,Yes,High Performer / Flight Risk,,
1042,37,Female,Single,Engineering,Senior Engineer,Master's,2025-03-14,0,Travel_Rarely,1,83875,0,8,3,4,3,No,3,1,No,Early-Career Builder,0.3834328595212245,Medium
1043,34,Female,Married,Marketing,Marketing Manager,Bachelor's,2020-01-04,5,Travel_Rarely,1,52917,2,2,1,4,3,No,3,3,Yes,Disengaged,,
1044,41,Female,Married,Sales,Sales Executive,Master's,2021-10-13,4,Travel_Rarely,1,46775,0,2,4,4,3,No,2,2,No,Early-Career Builder,0.3470594324591515,Medium
1045,34,Male,Divorced,Sales,Sales Manager,Bachelor's,2012-12-20,13,Non-Travel,6,80319,1,4,2,2,3,Yes,4,0,Yes,Stable Core,,
1046,28,Female,Single,Customer Support,Support Team Lead,Master's,2017-07-31,8,Travel_Frequently,3,44920,0,3,4,4,2,No,4,3,No,High Performer / Flight Risk,0.3535731020306096,Medium
1047,25,Male,Single,Customer Support,Support Associate,PhD,2020-06-29,5,Travel_Rarely,1,41263,2,5,3,4,2,No,3,2,Yes,High Performer / Flight Risk,,
1048,21,Male,Married,Engineering,Software Engineer,High School,2024-08-14,1,Travel_Rarely,15,63250,1,3,2,2,2,No,5,0,No,High Performer / Flight Risk,0.2964667371144058,Low
1049,38,Male,Single,Customer Support,Support Associate,High School,2025-08-26,0,Travel_Rarely,4,34024,0,3,4,4,2,No,4,0,No,High Performer / Flight Risk,0.3879060093832618,Medium
1050,21,Female,Single,Sales,Sales Manager,PhD,2025-11-20,0,Non-Travel,11,45430,0,1,3,2,4,Yes,5,4,Yes,Early-Career Builder,,
1051,38,Male,Married,Customer Support,Support Associate,Bachelor's,2024-10-07,1,Travel_Frequently,8,33384,1,3,4,1,3,Yes,2,3,No,Early-Career Builder,0.353665494485784,Medium
1052,27,Female,Married,Finance,Finance Manager,High School,2024-09-20,1,Travel_Rarely,1,78275,1,4,3,4,4,No,4,1,No,Early-Career Builder,0.3178593135270799,Medium
1053,45,Female,Married,Customer Support,Support Team Lead,Bachelor's,2024-05-23,1,Travel_Rarely,8,40246,0,2,4,2,4,No,3,1,No,Early-Career Builder,0.4617764994782897,Medium
1054,27,Female,Divorced,Sales,Account Manager,High School,2021-05-27,4,Non-Travel,3,74839,3,1,1,2,4,No,3,5,No,Disengaged,0.375551992393073,Medium
1055,29,Male,Married,Customer Support,Support Associate,Master's,2023-05-15,2,Travel_Rarely,26,38499,2,3,3,4,2,Yes,2,2,Yes,High Performer / Flight Risk,,
1056,34,Female,Single,Engineering,Software Engineer,Bachelor's,2016-01-11,9,Non-Travel,24,104103,5,1,3,4,4,No,3,2,No,Stable Core,0.1658127452462575,Low
1057,32,Female,Married,Human Resources,HR Manager,Master's,2021-05-15,4,Travel_Frequently,2,48938,1,3,3,3,3,Yes,2,2,Yes,Early-Career Builder,,
1058,51,Male,Married,Customer Support,Support Team Lead,High School,2020-04-11,5,Non-Travel,9,53893,2,0,2,3,3,No,3,5,No,Disengaged,0.2831657399943358,Low
1059,54,Male,Single,Sales,Sales Manager,PhD,2025-02-07,0,Travel_Rarely,15,59144,0,1,3,2,3,No,4,1,Yes,Early-Career Builder,,
1060,29,Female,Married,Operations,Operations Associate,Master's,2016-01-04,9,Travel_Rarely,1,45369,2,3,3,4,3,Yes,4,0,No,Stable Core,0.3170044105668743,Medium
1061,42,Male,Married,Operations,Logistics Coordinator,Bachelor's,2017-10-01,8,Travel_Rarely,4,80033,2,1,1,3,4,No,5,1,No,Disengaged,0.2460557676780496,Low
1062,33,Male,Single,Customer Support,Support Associate,Master's,2024-11-27,1,Travel_Frequently,15,28096,0,1,3,2,4,No,4,2,No,Early-Career Builder,0.3221617390606907,Medium
1063,21,Female,Divorced,Operations,Operations Manager,Bachelor's,2024-02-04,1,Travel_Rarely,5,44015,0,1,3,3,4,No,5,1,No,Early-Career Builder,0.2746146930910751,Low
1064,44,Male,Single,Human Resources,HR Associate,Bachelor's,2011-05-06,14,Non-Travel,1,51210,5,0,3,4,2,No,4,3,No,Stable Core,0.1801901602604947,Low
1065,43,Male,Married,Sales,Account Manager,Bachelor's,2018-02-03,7,Travel_Rarely,28,105393,0,2,2,4,2,Yes,5,2,Yes,Stable Core,,
1066,44,Male,Single,Marketing,Content Specialist,Master's,2023-10-08,2,Travel_Rarely,12,66827,1,1,3,3,3,Yes,3,1,No,Early-Career Builder,0.367722352689744,Medium
1067,33,Male,Single,Finance,Accountant,Bachelor's,2017-11-15,8,Travel_Rarely,6,77572,0,1,4,1,4,Yes,3,2,No,Stable Core,0.1939117049667957,Low
1068,23,Female,Divorced,Engineering,QA Engineer,Master's,2024-03-30,1,Travel_Frequently,17,101045,1,4,2,2,3,No,3,2,No,Disengaged,0.2748336871600692,Low
1069,43,Female,Single,Sales,Sales Manager,Master's,2024-03-20,1,Travel_Rarely,1,57634,1,1,3,2,3,Yes,4,3,No,Early-Career Builder,0.5589100430745213,Medium
1070,33,Female,Married,Human Resources,HR Manager,Bachelor's,2022-10-01,3,Non-Travel,8,57729,1,2,3,3,4,Yes,3,4,No,Early-Career Builder,0.4293391145340749,Medium
1071,38,Female,Married,Engineering,Software Engineer,Master's,2019-11-16,6,Non-Travel,1,76406,0,3,3,4,3,No,3,2,No,Stable Core,0.2408721107415769,Low
1072,46,Female,Single,Marketing,Content Specialist,Bachelor's,2018-08-03,7,Travel_Rarely,18,81404,0,3,1,3,2,No,3,2,No,Disengaged,0.3667720492787724,Medium
1073,43,Female,Married,Engineering,QA Engineer,Master's,2025-03-17,0,Travel_Rarely,26,93618,0,2,2,1,4,Yes,4,1,No,Disengaged,0.3898957779702424,Medium
1074,37,Male,Married,Sales,Sales Executive,Bachelor's,2022-01-08,3,Travel_Frequently,6,46146,3,2,4,1,2,Yes,5,0,No,High Performer / Flight Risk,0.4137665855841826,Medium
1075,29,Male,Single,Marketing,Marketing Associate,Master's,2023-02-15,2,Travel_Rarely,2,45093,0,0,4,4,1,No,4,1,Yes,High Performer / Flight Risk,,
1076,25,Male,Single,Customer Support,Support Team Lead,PhD,2022-12-17,3,Non-Travel,6,52487,3,0,3,4,4,No,2,1,No,Early-Career Builder,0.4201758319535856,Medium
1077,29,Male,Single,Sales,Sales Executive,Bachelor's,2021-01-26,4,Travel_Rarely,23,50442,2,3,4,4,2,No,4,1,Yes,High Performer / Flight Risk,,
1078,40,Female,Single,Customer Support,Support Team Lead,Bachelor's,2014-07-13,11,Non-Travel,24,68802,5,2,4,4,3,No,3,1,No,Stable Core,0.1652820247885973,Low
1079,41,Female,Single,Marketing,Content Specialist,Bachelor's,2020-10-02,5,Travel_Rarely,11,81418,0,4,4,3,4,Yes,3,4,No,Early-Career Builder,0.3806555116087129,Medium
1080,35,Male,Single,Customer Support,Support Associate,Bachelor's,2021-03-22,4,Travel_Rarely,1,35059,0,2,2,4,3,No,4,2,No,Disengaged,0.3582895646924454,Medium
1081,40,Male,Single,Sales,Sales Manager,Master's,2014-03-08,11,Travel_Rarely,8,84715,1,0,4,3,2,No,1,4,No,Stable Core,0.1877972869711311,Low
1082,23,Male,Married,Sales,Account Manager,High School,2022-01-19,3,Non-Travel,2,80581,1,1,2,3,3,No,2,6,No,Disengaged,0.2566998754510055,Low
1083,30,Male,Single,Finance,Accountant,Master's,2025-03-16,0,Travel_Rarely,2,58227,0,0,4,1,4,Yes,4,2,Yes,Early-Career Builder,,
1084,35,Male,Single,Sales,Account Manager,Bachelor's,2024-07-28,1,Travel_Rarely,1,74101,0,1,4,3,1,Yes,4,1,Yes,High Performer / Flight Risk,,
1085,39,Male,Married,Sales,Account Manager,Master's,2019-08-25,6,Non-Travel,23,86294,0,2,3,4,4,No,3,4,No,Stable Core,0.279809374422997,Low
1086,27,Female,Divorced,Customer Support,Support Team Lead,Master's,2023-03-17,2,Travel_Rarely,9,41524,2,1,4,3,4,Yes,3,3,No,Early-Career Builder,0.4502742657080332,Medium
1087,46,Female,Single,Operations,Operations Manager,Bachelor's,2025-04-22,0,Travel_Rarely,2,49384,0,4,2,2,3,No,3,5,No,Disengaged,0.3153587349964433,Medium
1088,41,Female,Married,Engineering,Engineering Manager,Bachelor's,2013-08-30,12,Non-Travel,7,172945,0,1,3,4,3,No,4,3,No,Stable Core,0.1305557794931632,Low
1089,35,Female,Single,Marketing,Marketing Manager,Master's,2025-05-05,0,Travel_Rarely,1,47895,0,2,4,3,3,Yes,3,3,Yes,Early-Career Builder,,
1090,21,Female,Married,Marketing,Marketing Associate,Bachelor's,2024-04-06,1,Non-Travel,10,39990,0,2,3,4,3,Yes,4,3,Yes,Early-Career Builder,,
1091,41,Female,Single,Sales,Sales Executive,PhD,2021-10-09,4,Non-Travel,10,47692,0,6,4,2,4,No,3,0,No,Early-Career Builder,0.3672210577289951,Medium
1092,33,Female,Single,Human Resources,Recruiter,Bachelor's,2025-02-03,0,Travel_Rarely,15,59526,0,1,4,1,3,Yes,4,1,No,Early-Career Builder,0.4457939176766964,Medium
1093,23,Female,Divorced,Sales,Sales Manager,Bachelor's,2024-10-06,1,Non-Travel,2,60443,0,2,4,4,4,Yes,4,1,Yes,Early-Career Builder,,
1094,21,Female,Single,Customer Support,Support Team Lead,Master's,2024-12-30,1,Non-Travel,6,39342,1,2,3,4,4,No,3,2,No,Early-Career Builder,0.3458362329294854,Medium
1095,28,Female,Single,Sales,Account Manager,Bachelor's,2021-12-04,4,Non-Travel,13,78037,0,3,3,3,4,No,1,2,No,Early-Career Builder,0.2939884973499033,Low
1096,31,Female,Single,Marketing,Marketing Associate,Master's,2025-03-29,0,Non-Travel,5,33860,0,2,2,3,4,Yes,5,2,No,Disengaged,0.4525635085223142,Medium
1097,32,Female,Married,Finance,Financial Analyst,Bachelor's,2021-08-16,4,Travel_Rarely,8,52083,4,4,2,4,3,No,3,3,No,Disengaged,0.364532529431438,Medium
1098,37,Female,Single,Customer Support,Support Team Lead,Bachelor's,2020-12-21,5,Travel_Rarely,3,60383,1,1,3,2,4,No,4,1,No,Early-Career Builder,0.5094538078319308,Medium
1099,28,Female,Single,Operations,Operations Manager,Master's,2024-12-09,1,Travel_Rarely,11,39804,0,0,2,3,1,No,4,1,Yes,High Performer / Flight Risk,,
1100,29,Female,Single,Sales,Sales Executive,Master's,2025-02-28,0,Travel_Rarely,4,42621,0,1,3,2,3,No,3,3,No,Early-Career Builder,0.5166306602279803,Medium
1101,23,Female,Married,Marketing,Content Specialist,Bachelor's,2025-03-20,0,Travel_Frequently,3,61820,0,0,1,2,2,No,3,1,Yes,Disengaged,,
1102,27,Female,Single,Sales,Account Manager,Bachelor's,2021-08-02,4,Travel_Rarely,18,76962,4,6,3,2,4,No,4,3,No,Early-Career Builder,0.2961609876802373,Low
1103,24,Male,Married,Sales,Account Manager,Master's,2024-02-03,1,Travel_Rarely,6,67660,1,0,4,3,4,No,2,1,No,Early-Career Builder,0.2539998871570576,Low
1104,35,Female,Single,Sales,Account Manager,Bachelor's,2023-01-29,2,Travel_Rarely,1,73242,2,2,4,3,3,No,1,0,No,Early-Career Builder,0.3037922207280278,Medium
1105,39,Male,Married,Customer Support,Support Team Lead,Master's,2025-05-10,0,Non-Travel,8,38921,0,5,3,4,3,No,4,1,No,Early-Career Builder,0.332373226583721,Medium
1106,38,Male,Single,Marketing,Marketing Manager,Master's,2015-02-15,10,Non-Travel,4,64467,0,1,3,4,4,No,3,2,No,Stable Core,0.0994328699794705,Low
1107,30,Female,Married,Marketing,Marketing Manager,Master's,2023-06-06,2,Non-Travel,1,51491,0,0,2,3,4,No,4,0,Yes,Disengaged,,
1108,25,Male,Single,Finance,Finance Manager,Master's,2023-03-06,2,Non-Travel,9,85359,1,7,2,4,4,No,3,0,No,Disengaged,0.3033312192435085,Medium
1109,30,Female,Single,Customer Support,Support Associate,Master's,2021-05-19,4,Travel_Frequently,5,35484,0,1,3,4,4,Yes,3,0,No,Early-Career Builder,0.5740380755345555,Medium
1110,31,Male,Single,Human Resources,HR Manager,High School,2025-07-30,0,Non-Travel,8,46799,0,1,4,2,2,Yes,3,4,Yes,High Performer / Flight Risk,,
1111,48,Male,Married,Finance,Finance Manager,Bachelor's,2023-05-18,2,Travel_Frequently,4,72474,2,1,3,4,2,No,3,3,No,High Performer / Flight Risk,0.3224885006676015,Medium
1112,40,Female,Single,Marketing,Marketing Manager,Master's,2023-01-09,2,Travel_Rarely,1,55963,1,2,3,2,3,Yes,4,1,Yes,Early-Career Builder,,
1113,29,Female,Married,Customer Support,Support Associate,Bachelor's,2022-10-16,3,Travel_Rarely,20,43315,0,3,4,3,3,No,3,1,No,Early-Career Builder,0.4331641072302477,Medium
1114,36,Female,Divorced,Finance,Accountant,Master's,2022-05-30,3,Travel_Rarely,14,68998,0,2,2,2,3,No,5,1,No,Disengaged,0.2560203712829106,Low
1115,30,Male,Divorced,Sales,Sales Manager,Bachelor's,2020-11-11,5,Travel_Rarely,5,55517,5,2,3,4,4,No,3,0,No,Early-Career Builder,0.2695966343604616,Low
1116,46,Male,Single,Marketing,Marketing Manager,Master's,2025-10-23,0,Travel_Rarely,8,48819,0,2,2,3,4,No,4,1,No,Disengaged,0.3580904603644017,Medium
1117,30,Male,Married,Engineering,QA Engineer,High School,2023-07-25,2,Travel_Rarely,10,107129,0,5,3,1,4,Yes,4,2,No,Stable Core,0.4147102023186091,Medium
1118,35,Male,Single,Finance,Accountant,Master's,2023-01-22,2,Non-Travel,6,58647,1,1,3,3,4,Yes,4,2,Yes,Early-Career Builder,,
1119,34,Female,Married,Finance,Accountant,Bachelor's,2021-09-11,4,Travel_Rarely,2,71631,2,1,4,2,3,No,3,3,No,Early-Career Builder,0.3150066931676609,Medium
1120,38,Female,Single,Sales,Account Manager,High School,2023-08-12,2,Travel_Frequently,43,68443,2,2,3,4,4,No,5,3,No,Early-Career Builder,0.2734393046282919,Low
1121,31,Male,Divorced,Operations,Operations Associate,Master's,2024-07-02,1,Non-Travel,8,36347,1,1,1,3,4,No,2,1,No,Disengaged,0.3305827562044646,Medium
1122,44,Female,Married,Marketing,Marketing Associate,High School,2024-07-20,1,Non-Travel,6,44609,1,2,4,2,4,Yes,1,2,Yes,Early-Career Builder,,
1123,48,Male,Single,Sales,Sales Manager,Bachelor's,2021-01-13,4,Non-Travel,7,56085,1,1,2,2,3,No,3,1,No,Disengaged,0.400852348552391,Medium
1124,44,Female,Single,Sales,Sales Manager,PhD,2022-04-12,3,Travel_Rarely,6,59104,3,1,2,2,3,No,3,1,Yes,Disengaged,,
1125,34,Female,Married,Operations,Operations Manager,High School,2018-01-19,7,Travel_Rarely,13,61449,0,2,3,3,3,Yes,2,3,No,Stable Core,0.2645264139226758,Low
1126,25,Male,Divorced,Finance,Financial Analyst,Bachelor's,2022-01-26,3,Travel_Rarely,8,54105,2,4,2,4,2,No,4,2,No,High Performer / Flight Risk,0.3082309072856097,Medium
1127,48,Female,Divorced,Sales,Account Manager,Master's,2023-10-19,2,Travel_Rarely,2,69098,1,2,3,4,3,No,4,2,No,Early-Career Builder,0.2002471306311479,Low
1128,35,Male,Married,Engineering,Software Engineer,Master's,2025-12-08,0,Travel_Rarely,2,60258,0,2,4,2,2,Yes,3,4,Yes,High Performer / Flight Risk,,
1129,25,Male,Single,Marketing,Marketing Manager,Bachelor's,2024-10-26,1,Travel_Rarely,3,44319,0,6,4,3,2,No,3,1,Yes,High Performer / Flight Risk,,
1130,39,Male,Single,Sales,Account Manager,High School,2006-01-29,19,Non-Travel,22,121733,2,1,4,2,4,Yes,4,2,No,Stable Core,0.2500353336526883,Low
1131,43,Male,Single,Customer Support,Support Team Lead,Master's,2024-01-18,1,Non-Travel,1,45531,0,1,3,3,3,No,4,2,No,Early-Career Builder,0.3019144259367899,Medium
1132,26,Male,Married,Engineering,QA Engineer,Bachelor's,2021-09-24,4,Travel_Rarely,6,98690,1,2,3,4,4,Yes,3,2,No,Stable Core,0.4169389066122368,Medium
1133,29,Female,Married,Sales,Sales Manager,Master's,2025-10-29,0,Non-Travel,5,48955,0,2,1,4,2,Yes,4,1,Yes,Disengaged,,
1134,24,Male,Single,Operations,Operations Associate,Master's,2025-07-13,0,Travel_Rarely,1,33482,0,1,4,2,2,Yes,3,0,No,High Performer / Flight Risk,0.5143065465004425,Medium
1135,43,Male,Married,Customer Support,Support Team Lead,Bachelor's,2019-03-20,6,Non-Travel,5,63468,2,2,2,3,2,Yes,3,2,No,High Performer / Flight Risk,0.397449411152935,Medium
1136,28,Male,Single,Human Resources,Recruiter,Master's,2023-01-25,2,Non-Travel,1,65603,2,3,2,3,3,No,3,1,Yes,Disengaged,,
1137,39,Male,Single,Human Resources,Recruiter,Master's,2009-05-19,16,Travel_Rarely,13,113552,0,2,3,1,2,No,3,2,No,Stable Core,0.2309236806551381,Low
1138,36,Female,Married,Operations,Operations Manager,High School,2018-12-17,7,Non-Travel,8,54708,2,2,3,2,3,No,3,4,Yes,Stable Core,,
1139,31,Male,Single,Sales,Sales Manager,Master's,2019-10-07,6,Travel_Rarely,1,73248,2,3,3,3,2,Yes,4,3,No,High Performer / Flight Risk,0.3887919638258822,Medium
1140,36,Female,Married,Engineering,Engineering Manager,Bachelor's,2022-04-27,3,Non-Travel,7,157152,2,3,2,3,4,Yes,4,3,No,Stable Core,0.3196518915284979,Medium
1141,30,Male,Married,Sales,Sales Manager,PhD,2025-11-03,0,Travel_Rarely,1,54720,0,2,3,3,3,No,3,3,No,Early-Career Builder,0.3868577421524463,Medium
1142,28,Female,Divorced,Engineering,Senior Engineer,PhD,2022-03-19,3,Travel_Rarely,2,79014,3,3,3,3,4,Yes,4,1,Yes,Early-Career Builder,,
1143,41,Female,Single,Sales,Sales Executive,Bachelor's,2023-04-05,2,Non-Travel,16,41077,1,2,3,1,3,No,4,2,No,Early-Career Builder,0.3557870163402153,Medium
1144,33,Female,Married,Human Resources,HR Associate,Master's,2025-06-25,0,Travel_Rarely,11,33345,0,1,4,3,3,No,5,2,No,Early-Career Builder,0.2820550567777292,Low
1145,31,Female,Married,Engineering,Senior Engineer,Master's,2025-08-19,0,Non-Travel,3,75480,0,3,3,3,2,No,3,2,No,High Performer / Flight Risk,0.4240749501004591,Medium
1146,37,Male,Single,Operations,Operations Manager,Bachelor's,2010-10-31,15,Travel_Rarely,1,74547,0,3,3,3,4,No,5,2,No,Stable Core,0.1132304376499474,Low
1147,32,Female,Single,Human Resources,Recruiter,High School,2022-04-02,3,Non-Travel,1,67800,0,2,4,4,4,No,1,4,No,Early-Career Builder,0.2875775195291013,Low
1148,35,Female,Married,Marketing,Marketing Associate,Bachelor's,2024-06-14,1,Travel_Rarely,17,38516,1,1,3,3,2,No,4,3,No,High Performer / Flight Risk,0.4442327589502205,Medium
1149,37,Male,Single,Human Resources,HR Associate,Bachelor's,2022-06-13,3,Travel_Rarely,16,37145,3,1,4,2,4,Yes,3,4,Yes,Early-Career Builder,,
1150,23,Male,Married,Human Resources,HR Associate,Bachelor's,2022-09-22,3,Travel_Rarely,26,40839,1,1,3,4,3,No,3,1,No,Early-Career Builder,0.4100605605440494,Medium
1151,30,Female,Single,Customer Support,Support Team Lead,Bachelor's,2022-12-28,3,Travel_Frequently,1,49612,0,2,3,3,3,No,3,1,No,Early-Career Builder,0.4286612187544978,Medium
1152,25,Male,Divorced,Customer Support,Support Associate,High School,2022-04-17,3,Travel_Rarely,9,40024,1,0,4,3,2,Yes,4,4,No,High Performer / Flight Risk,0.4229798811664201,Medium
1153,39,Male,Single,Operations,Logistics Coordinator,High School,2019-12-03,6,Travel_Frequently,1,77548,1,2,3,4,3,No,3,0,No,Stable Core,0.2707382061820076,Low
1154,34,Female,Divorced,Marketing,Content Specialist,High School,2024-05-05,1,Travel_Rarely,1,69176,0,2,4,4,3,No,5,1,No,Early-Career Builder,0.1908770695208617,Low
1155,33,Female,Divorced,Operations,Operations Associate,Bachelor's,2024-05-18,1,Travel_Rarely,6,32792,1,2,4,3,3,No,2,2,No,Early-Career Builder,0.2274229654463187,Low
1156,35,Female,Single,Finance,Finance Manager,Master's,2025-09-10,0,Travel_Rarely,1,79412,0,1,3,2,3,No,3,6,No,Early-Career Builder,0.3357750155220608,Medium
1157,41,Male,Single,Engineering,QA Engineer,High School,2020-08-22,5,Non-Travel,1,118439,5,4,3,3,4,No,3,2,No,Stable Core,0.2582840611349945,Low
1158,37,Female,Single,Human Resources,HR Associate,Master's,2024-02-18,1,Non-Travel,3,32939,0,1,3,2,2,No,4,0,Yes,High Performer / Flight Risk,,
1159,29,Male,Divorced,Operations,Operations Manager,High School,2017-03-28,8,Travel_Frequently,24,63000,4,3,3,3,4,No,4,3,No,Stable Core,0.1440880666787637,Low
1160,40,Male,Married,Operations,Logistics Coordinator,High School,2024-05-16,1,Non-Travel,21,58531,1,3,3,1,4,No,4,2,No,Early-Career Builder,0.3200337318919666,Medium
1161,30,Male,Single,Sales,Sales Executive,High School,2024-01-13,1,Non-Travel,5,43959,1,1,3,3,3,No,3,2,No,Early-Career Builder,0.3356509368104461,Medium
1162,25,Male,Single,Finance,Financial Analyst,Bachelor's,2020-11-17,5,Travel_Rarely,1,51571,5,3,3,3,2,Yes,2,1,Yes,High Performer / Flight Risk,,
1163,30,Female,Single,Engineering,Engineering Manager,High School,2023-09-19,2,Travel_Rarely,25,143116,1,1,3,3,2,No,3,2,No,Stable Core,0.3872686507247401,Medium
1164,40,Female,Single,Sales,Sales Executive,Bachelor's,2021-05-13,4,Travel_Rarely,12,47457,4,1,1,4,4,Yes,4,3,No,Disengaged,0.5114561629842665,Medium
1165,25,Female,Married,Engineering,Software Engineer,Bachelor's,2020-03-02,5,Non-Travel,2,71039,4,0,2,3,4,No,4,1,No,Disengaged,0.3260877320413259,Medium
1166,37,Male,Single,Sales,Sales Executive,Bachelor's,2024-12-17,1,Travel_Rarely,2,41204,0,1,3,4,2,No,4,3,No,High Performer / Flight Risk,0.4220505893213978,Medium
1167,38,Male,Married,Customer Support,Support Associate,PhD,2024-02-26,1,Travel_Rarely,2,27504,1,3,3,2,4,No,3,3,No,Early-Career Builder,0.309858967774381,Medium
1168,47,Female,Single,Human Resources,HR Manager,Bachelor's,2023-01-06,2,Travel_Rarely,10,53276,0,1,1,1,3,Yes,4,3,No,Disengaged,0.4357204097422968,Medium
1169,51,Male,Single,Engineering,Engineering Manager,Master's,2023-03-30,2,Travel_Rarely,3,144288,2,0,3,3,1,No,3,0,No,High Performer / Flight Risk,0.2951673433984947,Low
1170,34,Female,Married,Customer Support,Support Team Lead,Bachelor's,2011-04-21,14,Non-Travel,3,67313,1,2,1,3,4,No,3,3,No,Stable Core,0.3965125138043739,Medium
1171,35,Male,Single,Sales,Sales Executive,Bachelor's,2025-09-28,0,Travel_Frequently,1,41780,0,2,4,3,1,No,2,3,No,High Performer / Flight Risk,0.3513922774003393,Medium
1172,40,Male,Single,Human Resources,HR Manager,Bachelor's,2023-01-24,2,Travel_Rarely,8,50724,2,3,2,2,3,No,2,0,No,Disengaged,0.3624423243432623,Medium
1173,23,Male,Single,Operations,Logistics Coordinator,Bachelor's,2024-04-17,1,Non-Travel,5,58962,1,4,2,3,2,Yes,1,1,No,Disengaged,0.576052796074849,Medium
1174,48,Male,Married,Sales,Sales Manager,Master's,2020-01-21,5,Travel_Rarely,1,70505,1,1,3,3,2,No,3,5,No,High Performer / Flight Risk,0.2474609254325135,Low
1175,31,Male,Married,Engineering,QA Engineer,High School,2024-01-26,1,Non-Travel,7,109644,0,6,3,2,4,No,5,1,Yes,Early-Career Builder,,
1176,31,Male,Divorced,Engineering,Senior Engineer,Master's,2023-07-20,2,Travel_Frequently,13,78325,0,2,4,3,3,No,3,3,No,Early-Career Builder,0.203611028634414,Low
1177,37,Male,Married,Sales,Account Manager,Bachelor's,2025-04-28,0,Travel_Rarely,5,64848,0,3,4,3,3,No,3,2,No,Early-Career Builder,0.2994151235546382,Low
1178,46,Female,Married,Operations,Operations Associate,PhD,2025-07-13,0,Travel_Frequently,3,32554,0,5,2,4,2,No,3,0,Yes,High Performer / Flight Risk,,
1179,30,Female,Married,Engineering,Software Engineer,Bachelor's,2024-06-07,1,Non-Travel,1,59877,1,0,4,2,2,Yes,4,1,No,High Performer / Flight Risk,0.5374729949026075,Medium
1180,35,Male,Divorced,Sales,Account Manager,Master's,2019-07-19,6,Non-Travel,14,78572,0,3,2,3,3,No,2,6,No,Disengaged,0.1790747053674753,Low
1181,21,Female,Married,Engineering,QA Engineer,Bachelor's,2024-05-03,1,Travel_Rarely,14,103324,1,4,3,2,4,No,5,1,No,Early-Career Builder,0.2896202588016486,Low
1182,25,Female,Married,Sales,Account Manager,Bachelor's,2020-09-18,5,Non-Travel,7,90386,1,4,3,3,4,Yes,3,3,Yes,Stable Core,,
1183,35,Female,Married,Engineering,Engineering Manager,Bachelor's,2020-11-19,5,Travel_Rarely,12,152182,0,0,4,3,4,No,3,2,No,Stable Core,0.2354740223835719,Low
1184,42,Female,Single,Human Resources,HR Associate,Bachelor's,2022-11-04,3,Travel_Rarely,27,39264,0,3,3,4,3,No,3,4,No,Early-Career Builder,0.3565080333445846,Medium
1185,40,Female,Single,Human Resources,Recruiter,Master's,2018-03-14,7,Travel_Frequently,1,63168,1,3,3,2,3,No,3,3,No,Stable Core,0.1966829540041088,Low
1186,35,Male,Single,Engineering,Software Engineer,Bachelor's,2023-04-13,2,Non-Travel,1,66839,2,3,1,3,3,Yes,2,1,No,Disengaged,0.5639254118734708,Medium
1187,37,Male,Single,Sales,Account Manager,Bachelor's,2023-05-18,2,Travel_Rarely,4,69107,0,2,2,4,4,Yes,2,2,No,Disengaged,0.3694957853493225,Medium
1188,21,Female,Married,Operations,Logistics Coordinator,Master's,2024-03-20,1,Travel_Rarely,1,58766,1,2,3,3,4,No,3,0,No,Early-Career Builder,0.3000736563368059,Medium
1189,43,Male,Single,Engineering,Engineering Manager,Bachelor's,2024-12-30,1,Non-Travel,7,130798,1,5,3,4,3,Yes,3,1,Yes,Stable Core,,
1190,24,Male,Married,Marketing,Marketing Manager,High School,2023-03-29,2,Travel_Rarely,4,50686,2,0,4,3,2,No,2,1,Yes,High Performer / Flight Risk,,
1191,33,Female,Single,Engineering,Software Engineer,Bachelor's,2025-08-08,0,Travel_Rarely,5,61782,0,2,3,3,4,No,4,2,No,Early-Career Builder,0.3780949636982745,Medium
1192,31,Female,Married,Sales,Sales Manager,Bachelor's,2024-08-20,1,Travel_Rarely,15,54638,1,2,4,4,3,No,3,3,No,Early-Career Builder,0.4007440619824108,Medium
1193,22,Female,Single,Customer Support,Support Associate,Master's,2023-07-21,2,Travel_Rarely,3,32538,0,0,4,3,4,No,3,1,No,Early-Career Builder,0.3287157576700163,Medium
1194,32,Female,Single,Engineering,Software Engineer,Master's,2013-04-14,12,Travel_Rarely,3,91167,0,1,1,4,3,Yes,3,6,No,Stable Core,0.382921507789377,Medium
1195,42,Female,Married,Finance,Financial Analyst,High School,2023-10-05,2,Travel_Rarely,1,41338,1,2,3,1,4,Yes,3,3,No,Early-Career Builder,0.4711420720455658,Medium
1196,26,Male,Single,Customer Support,Support Team Lead,Bachelor's,2025-04-17,0,Travel_Rarely,20,41510,0,1,3,3,4,Yes,4,4,No,Early-Career Builder,0.468803642508828,Medium
1197,23,Male,Married,Sales,Account Manager,Bachelor's,2025-01-26,0,Travel_Rarely,28,73851,0,2,3,3,4,No,3,1,No,Early-Career Builder,0.3463641644583213,Medium
1198,21,Male,Married,Finance,Financial Analyst,Master's,2024-04-22,1,Travel_Rarely,7,47742,1,3,4,1,4,Yes,3,1,No,Early-Career Builder,0.3999362847934091,Medium
1199,42,Male,Married,Sales,Sales Manager,Bachelor's,2025-04-09,0,Non-Travel,13,50468,0,2,2,3,1,No,5,1,No,High Performer / Flight Risk,0.3191277940241204,Medium
1200,36,Male,Single,Operations,Logistics Coordinator,Bachelor's,2023-04-17,2,Travel_Rarely,6,59062,0,1,2,1,3,No,4,3,No,Disengaged,0.4208613255615569,Medium
1201,34,Male,Single,Operations,Logistics Coordinator,Master's,2020-11-04,5,Travel_Rarely,2,75412,0,2,3,2,3,No,3,1,No,Stable Core,0.3735386605779855,Medium
1202,41,Male,Single,Sales,Sales Manager,Bachelor's,2024-01-21,1,Non-Travel,6,50413,1,2,2,3,2,Yes,3,0,No,High Performer / Flight Risk,0.4895288444516539,Medium
1203,33,Female,Married,Customer Support,Support Team Lead,PhD,2017-11-30,8,Travel_Rarely,1,58045,1,2,1,3,3,No,3,1,Yes,Disengaged,,
1204,27,Female,Divorced,Operations,Operations Manager,Bachelor's,2024-07-27,1,Travel_Rarely,14,45825,0,2,4,2,3,No,3,3,No,Early-Career Builder,0.2861348060544558,Low
1205,43,Male,Single,Operations,Logistics Coordinator,Master's,2023-05-23,2,Non-Travel,3,59373,2,1,3,3,3,No,3,1,No,Early-Career Builder,0.3516554257165113,Medium
1206,43,Male,Married,Operations,Operations Manager,Bachelor's,2015-05-23,10,Travel_Rarely,12,67268,3,3,3,4,4,Yes,4,3,No,Stable Core,0.1870265402311435,Low
1207,21,Male,Single,Sales,Sales Manager,Master's,2024-09-22,1,Travel_Rarely,12,56588,1,3,4,2,4,Yes,1,1,No,Early-Career Builder,0.4425945799513403,Medium
1208,32,Female,Married,Finance,Financial Analyst,Bachelor's,2018-03-19,7,Travel_Rarely,1,53955,0,0,2,4,4,No,3,2,No,Disengaged,0.2486049065816716,Low
1209,48,Female,Married,Marketing,Marketing Manager,Bachelor's,2022-08-02,3,Travel_Frequently,21,59078,2,0,2,4,1,Yes,3,2,No,High Performer / Flight Risk,0.3524785170610723,Medium
1210,28,Female,Divorced,Sales,Sales Executive,Master's,2022-06-20,3,Non-Travel,1,48954,1,3,2,4,2,Yes,5,3,Yes,High Performer / Flight Risk,,
1211,33,Female,Single,Marketing,Marketing Manager,Master's,2015-02-01,10,Non-Travel,7,75551,2,3,2,3,3,No,4,1,No,Stable Core,0.1594012992484098,Low
1212,24,Male,Married,Finance,Accountant,Master's,2024-04-01,1,Travel_Rarely,3,60450,1,2,3,4,1,No,4,4,No,High Performer / Flight Risk,0.407691933746832,Medium
1213,31,Male,Single,Sales,Sales Manager,Bachelor's,2023-10-11,2,Travel_Frequently,11,55974,0,2,1,3,3,No,3,1,No,Disengaged,0.4908689295324834,Medium
1214,28,Male,Married,Customer Support,Support Associate,High School,2024-11-03,1,Travel_Rarely,6,27092,0,2,4,3,2,No,5,0,No,High Performer / Flight Risk,0.326283916994772,Medium
1215,35,Female,Married,Customer Support,Support Team Lead,Bachelor's,2019-11-25,6,Travel_Rarely,2,54706,5,0,4,3,4,No,4,0,No,Early-Career Builder,0.3428347596530176,Medium
1216,33,Male,Married,Sales,Account Manager,Bachelor's,2025-04-05,0,Travel_Rarely,4,76233,0,3,3,4,1,Yes,4,6,No,High Performer / Flight Risk,0.4942406312329444,Medium
1217,30,Male,Married,Marketing,Content Specialist,PhD,2024-12-24,1,Travel_Frequently,1,68485,1,3,1,3,4,No,4,5,Yes,Disengaged,,
1218,31,Female,Married,Engineering,QA Engineer,Bachelor's,2025-11-21,0,Travel_Frequently,6,117557,0,4,4,2,2,Yes,4,3,Yes,High Performer / Flight Risk,,
1219,46,Male,Single,Engineering,Senior Engineer,High School,2025-11-07,0,Non-Travel,6,86279,0,1,3,2,3,Yes,4,2,Yes,Early-Career Builder,,
1220,36,Male,Single,Sales,Account Manager,Bachelor's,2025-09-29,0,Travel_Rarely,2,68858,0,2,4,1,4,No,3,3,No,Early-Career Builder,0.3167370300138534,Medium
1221,41,Male,Single,Engineering,QA Engineer,Master's,2020-07-26,5,Non-Travel,8,117017,4,4,2,3,3,No,5,0,No,Stable Core,0.2829931509440058,Low
1222,38,Female,Married,Finance,Accountant,Bachelor's,2013-02-06,12,Non-Travel,5,99165,0,2,3,2,3,No,4,1,No,Stable Core,0.1239579479296374,Low
1223,23,Male,Married,Operations,Operations Manager,PhD,2022-07-25,3,Non-Travel,9,52138,0,0,3,3,1,No,3,2,No,High Performer / Flight Risk,0.3273886264099575,Medium
1224,21,Female,Single,Operations,Logistics Coordinator,Master's,2024-12-31,1,Non-Travel,2,52839,1,1,3,3,2,No,4,1,No,High Performer / Flight Risk,0.3704322919207128,Medium
1225,45,Female,Married,Sales,Sales Executive,Bachelor's,2019-05-13,6,Travel_Rarely,1,46701,2,2,3,4,4,Yes,3,3,No,Early-Career Builder,0.3347491275805767,Medium
1226,39,Male,Married,Sales,Sales Manager,Master's,2024-09-21,1,Travel_Rarely,2,59082,0,2,3,4,3,No,5,2,No,Early-Career Builder,0.3248943867326733,Medium
1227,38,Female,Married,Engineering,Software Engineer,High School,2024-07-24,1,Non-Travel,19,56083,0,1,2,3,3,Yes,4,0,No,Disengaged,0.4657270595527311,Medium
1228,46,Male,Single,Sales,Account Manager,Bachelor's,2025-07-16,0,Non-Travel,1,71760,0,1,2,3,3,No,4,2,No,Disengaged,0.2885759555727772,Low
1229,36,Male,Single,Operations,Logistics Coordinator,Bachelor's,2024-07-07,1,Travel_Rarely,5,53820,0,3,3,3,1,No,4,3,Yes,High Performer / Flight Risk,,
1230,21,Female,Married,Marketing,Marketing Manager,Bachelor's,2025-08-14,0,Travel_Rarely,9,49223,0,2,3,2,2,Yes,3,5,No,High Performer / Flight Risk,0.5719048710621447,Medium
1231,33,Male,Single,Customer Support,Support Team Lead,Master's,2023-08-22,2,Non-Travel,1,45534,0,3,2,3,2,No,3,6,No,High Performer / Flight Risk,0.4137572083344132,Medium
1232,38,Male,Single,Engineering,QA Engineer,Master's,2026-01-01,0,Travel_Rarely,9,101471,0,2,4,1,2,No,4,2,Yes,High Performer / Flight Risk,,
1233,26,Male,Single,Human Resources,HR Associate,Master's,2019-12-24,6,Non-Travel,7,37284,0,1,4,3,1,No,4,0,No,High Performer / Flight Risk,0.3390528741477158,Medium
1234,23,Male,Single,Customer Support,Support Associate,Bachelor's,2025-02-03,0,Travel_Rarely,7,29577,0,0,3,3,3,No,3,1,No,Early-Career Builder,0.3144082610098267,Medium
1235,35,Male,Single,Engineering,Engineering Manager,Bachelor's,2024-11-13,1,Travel_Rarely,10,125964,1,1,3,2,4,No,5,2,No,Stable Core,0.330904473564901,Medium
1236,39,Male,Divorced,Sales,Sales Executive,Master's,2014-05-27,11,Non-Travel,5,51526,2,1,4,4,2,No,3,2,No,Stable Core,0.17654309238284,Low
1237,23,Female,Single,Customer Support,Support Associate,Bachelor's,2022-09-24,3,Non-Travel,13,36041,1,4,3,2,3,No,3,2,Yes,Early-Career Builder,,
1238,26,Male,Single,Engineering,Senior Engineer,Master's,2019-12-06,6,Non-Travel,6,100092,2,3,2,2,4,No,2,4,No,Stable Core,0.3125479423611373,Medium
1239,38,Male,Married,Marketing,Content Specialist,Master's,2023-08-07,2,Travel_Rarely,4,67393,2,1,3,4,3,No,4,2,No,Early-Career Builder,0.3005398576431806,Medium
1240,35,Male,Married,Customer Support,Support Associate,Master's,2023-09-30,2,Travel_Frequently,16,35081,0,2,1,3,4,No,3,4,No,Disengaged,0.4641404526506095,Medium
1241,27,Male,Single,Marketing,Marketing Associate,Bachelor's,2022-09-20,3,Travel_Rarely,14,44178,0,3,2,3,2,No,4,1,No,High Performer / Flight Risk,0.4338701488561748,Medium
1242,44,Female,Single,Customer Support,Support Associate,Bachelor's,2022-04-11,3,Travel_Rarely,1,37550,1,3,3,3,4,No,2,3,No,Early-Career Builder,0.3116408501978192,Medium
1243,25,Male,Single,Sales,Sales Executive,Bachelor's,2020-10-17,5,Non-Travel,7,49139,0,1,4,2,4,No,3,1,No,Early-Career Builder,0.3625208756407504,Medium
1244,29,Female,Single,Customer Support,Support Team Lead,Bachelor's,2016-06-27,9,Non-Travel,1,63939,2,3,2,1,3,No,3,3,No,Stable Core,0.2135573502148479,Low
1245,32,Female,Married,Operations,Operations Associate,Master's,2025-12-10,0,Non-Travel,15,33951,0,1,3,4,4,No,1,1,No,Early-Career Builder,0.2626369558361794,Low
1246,27,Female,Single,Sales,Sales Executive,Bachelor's,2023-07-06,2,Travel_Rarely,4,42661,2,2,4,4,3,No,2,0,Yes,Early-Career Builder,,
1247,22,Male,Married,Sales,Account Manager,High School,2023-09-18,2,Non-Travel,10,67877,2,1,4,3,2,No,5,2,No,High Performer / Flight Risk,0.2916924439762638,Low
1248,29,Male,Married,Engineering,Engineering Manager,Master's,2021-08-21,4,Travel_Frequently,10,150829,4,1,3,2,4,No,3,5,Yes,Stable Core,,
1249,37,Male,Single,Customer Support,Support Team Lead,Master's,2025-07-04,0,Non-Travel,9,37109,0,3,3,4,4,No,4,2,No,Early-Career Builder,0.2803804360978718,Low
1250,34,Female,Married,Finance,Accountant,Bachelor's,2025-02-21,0,Travel_Rarely,13,57071,0,4,3,3,3,No,3,0,No,Early-Career Builder,0.3822336878847957,Medium
1251,36,Female,Single,Customer Support,Support Team Lead,High School,2017-11-02,8,Non-Travel,8,65236,0,2,3,3,4,No,1,4,No,Stable Core,0.1524977155213621,Low
1252,42,Male,Married,Operations,Operations Associate,Master's,2018-05-24,7,Travel_Rarely,2,48832,1,0,2,4,3,No,3,4,No,Disengaged,0.1538233427742552,Low
1253,42,Male,Divorced,Customer Support,Support Associate,Bachelor's,2025-12-07,0,Travel_Rarely,23,34738,0,3,3,2,4,Yes,3,2,No,Early-Career Builder,0.3855228191491103,Medium
1254,31,Male,Single,Sales,Sales Executive,PhD,2020-12-31,5,Non-Travel,28,45471,1,3,3,3,3,Yes,4,1,No,Early-Career Builder,0.4349343713563178,Medium
1255,32,Female,Married,Human Resources,HR Associate,Master's,2025-10-21,0,Travel_Rarely,7,38001,0,5,1,1,1,No,2,1,Yes,High Performer / Flight Risk,,
1256,33,Male,Single,Operations,Operations Manager,Master's,2025-05-26,0,Travel_Rarely,9,44903,0,3,4,3,2,No,2,1,Yes,High Performer / Flight Risk,,
1257,38,Female,Married,Sales,Sales Executive,Bachelor's,2023-08-31,2,Travel_Frequently,3,42931,0,2,4,4,3,No,3,3,No,Early-Career Builder,0.335772890696536,Medium
1258,37,Male,Married,Sales,Account Manager,Master's,2025-10-24,0,Travel_Rarely,17,69790,0,1,2,4,3,Yes,4,1,No,Disengaged,0.3246805170024692,Medium
1259,34,Male,Single,Sales,Sales Executive,Bachelor's,2021-09-11,4,Travel_Rarely,8,47268,0,1,4,4,4,No,3,3,Yes,Early-Career Builder,,
1260,32,Female,Married,Sales,Sales Manager,High School,2021-05-19,4,Travel_Rarely,8,60939,0,0,3,2,3,Yes,4,4,No,Early-Career Builder,0.5518440891975145,Medium
1261,23,Male,Single,Sales,Sales Executive,PhD,2024-02-15,1,Travel_Rarely,1,35876,0,2,3,2,4,Yes,4,1,Yes,Early-Career Builder,,
1262,23,Male,Married,Customer Support,Support Team Lead,Bachelor's,2023-08-06,2,Non-Travel,3,43565,0,2,3,4,4,No,4,4,No,Early-Career Builder,0.3400564873666618,Medium
1263,39,Female,Married,Human Resources,Recruiter,Bachelor's,2023-04-09,2,Travel_Rarely,8,62451,1,0,3,2,3,No,5,1,No,Early-Career Builder,0.3584540993242302,Medium
1264,44,Male,Single,Finance,Finance Manager,Bachelor's,2023-09-26,2,Travel_Rarely,4,88201,1,3,3,3,3,Yes,3,1,No,Early-Career Builder,0.3746303386848645,Medium
1265,28,Male,Married,Marketing,Content Specialist,Master's,2019-10-10,6,Non-Travel,1,74040,2,2,3,2,3,No,4,0,No,Stable Core,0.2859846370697912,Low
1266,48,Female,Single,Sales,Sales Executive,Bachelor's,2022-12-09,3,Travel_Frequently,5,37465,0,3,3,3,2,No,2,2,No,High Performer / Flight Risk,0.3257960609886918,Medium
1267,29,Male,Married,Operations,Operations Manager,Master's,2022-09-11,3,Travel_Rarely,12,47390,0,2,2,3,4,No,4,3,No,Disengaged,0.345546309963722,Medium
1268,25,Male,Divorced,Sales,Sales Executive,Master's,2020-09-18,5,Travel_Frequently,1,48746,0,2,4,3,1,No,3,2,No,High Performer / Flight Risk,0.2476904899179635,Low
1269,28,Male,Married,Sales,Sales Executive,Master's,2024-09-08,1,Non-Travel,9,40988,0,0,3,1,4,No,4,0,No,Early-Career Builder,0.3723670011447929,Medium
1270,22,Female,Married,Sales,Account Manager,Master's,2023-04-24,2,Travel_Rarely,1,75012,2,1,4,3,2,No,3,2,No,High Performer / Flight Risk,0.3238295354371989,Medium
1271,31,Male,Married,Engineering,Engineering Manager,Bachelor's,2025-09-26,0,Travel_Frequently,5,123129,0,0,3,3,4,Yes,3,2,No,Early-Career Builder,0.3246815015094172,Medium
1272,42,Female,Single,Engineering,Senior Engineer,Master's,2018-08-04,7,Travel_Rarely,1,93407,2,3,4,2,3,No,4,2,No,Stable Core,0.2015927156990523,Low
1273,35,Male,Divorced,Customer Support,Support Associate,Bachelor's,2020-12-29,5,Non-Travel,10,38511,0,2,4,4,4,Yes,4,5,No,Early-Career Builder,0.3449992491089215,Medium
1274,22,Female,Married,Marketing,Content Specialist,Bachelor's,2023-11-22,2,Travel_Rarely,4,75484,2,0,2,1,1,Yes,4,6,Yes,High Performer / Flight Risk,,
1275,30,Male,Single,Sales,Sales Executive,High School,2022-07-29,3,Non-Travel,12,43472,0,1,2,4,4,No,5,3,No,Disengaged,0.2754495149451556,Low
1276,23,Female,Divorced,Sales,Account Manager,Bachelor's,2023-03-17,2,Travel_Rarely,9,85263,1,2,2,1,3,No,1,1,No,Disengaged,0.3012885379363964,Medium
1277,44,Female,Single,Sales,Account Manager,Bachelor's,2025-07-14,0,Travel_Rarely,1,68434,0,3,3,2,3,No,3,4,No,Early-Career Builder,0.2784355590484024,Low
1278,50,Female,Single,Finance,Accountant,Bachelor's,2019-03-17,6,Non-Travel,5,74073,2,1,1,2,2,No,3,1,No,Disengaged,0.4936211804200975,Medium
1279,30,Male,Married,Marketing,Content Specialist,High School,2024-11-01,1,Travel_Frequently,9,65871,1,2,2,3,1,No,5,0,No,High Performer / Flight Risk,0.3184824073382203,Medium
1280,53,Female,Single,Marketing,Content Specialist,Bachelor's,2021-04-29,4,Travel_Frequently,15,84343,0,1,3,1,2,No,4,3,Yes,High Performer / Flight Risk,,
1281,21,Female,Married,Sales,Sales Manager,High School,2024-01-19,1,Travel_Rarely,5,56154,1,3,2,3,1,No,3,2,No,High Performer / Flight Risk,0.3561356870685237,Medium
1282,21,Male,Married,Finance,Accountant,Bachelor's,2024-11-25,1,Non-Travel,2,65361,0,3,1,1,2,No,3,3,No,Disengaged,0.5696201297750805,Medium
1283,34,Male,Single,Operations,Logistics Coordinator,Bachelor's,2020-02-25,5,Travel_Rarely,8,68488,0,2,3,3,4,Yes,3,3,No,Early-Career Builder,0.4890863197416548,Medium
1284,28,Female,Divorced,Engineering,Software Engineer,Master's,2025-06-27,0,Non-Travel,9,58804,0,3,2,3,4,No,3,1,No,Disengaged,0.2690662520158451,Low
1285,49,Female,Single,Sales,Account Manager,Bachelor's,2012-02-04,13,Travel_Rarely,1,114351,0,2,3,1,3,No,3,4,No,Stable Core,0.1569642390910302,Low
1286,27,Female,Married,Operations,Operations Associate,Bachelor's,2023-01-18,2,Travel_Rarely,19,34410,2,3,2,3,2,No,5,1,Yes,High Performer / Flight Risk,,
1287,26,Male,Married,Engineering,Senior Engineer,Bachelor's,2019-06-25,6,Non-Travel,14,104898,2,8,2,4,4,Yes,3,2,Yes,Stable Core,,
1288,29,Male,Married,Customer Support,Support Team Lead,High School,2025-07-11,0,Travel_Rarely,1,45942,0,2,2,2,2,No,4,1,No,High Performer / Flight Risk,0.4646853139793266,Medium
1289,34,Male,Married,Marketing,Marketing Manager,Bachelor's,2023-10-04,2,Non-Travel,9,51413,0,3,4,3,4,Yes,4,4,Yes,Early-Career Builder,,
1290,38,Male,Married,Sales,Sales Executive,High School,2019-04-28,6,Travel_Frequently,7,51912,3,5,3,4,3,No,4,1,No,Early-Career Builder,0.3285728915599357,Medium
1291,39,Male,Married,Marketing,Marketing Associate,Bachelor's,2024-04-03,1,Travel_Rarely,1,44586,0,4,3,1,3,No,5,1,No,Early-Career Builder,0.3138806194060678,Medium
1292,24,Male,Single,Marketing,Marketing Manager,Bachelor's,2024-06-27,1,Travel_Rarely,15,52052,1,2,2,2,2,Yes,4,2,Yes,High Performer / Flight Risk,,
1293,23,Female,Single,Engineering,Senior Engineer,Master's,2022-03-12,3,Travel_Rarely,6,107164,3,2,3,2,4,Yes,4,2,No,Stable Core,0.5811386257197234,Medium
1294,25,Female,Single,Engineering,Engineering Manager,Bachelor's,2020-11-26,5,Travel_Frequently,4,140496,0,2,2,2,2,No,3,1,No,Stable Core,0.3856174183305018,Medium
1295,29,Female,Married,Engineering,Engineering Manager,High School,2025-08-30,0,Travel_Frequently,10,143830,0,2,4,4,4,Yes,3,1,No,Stable Core,0.3480575420586147,Medium
1296,26,Female,Single,Sales,Sales Manager,Bachelor's,2019-11-27,6,Non-Travel,35,60019,0,5,2,2,2,Yes,5,0,No,High Performer / Flight Risk,0.4190855064617769,Medium
1297,21,Male,Married,Finance,Finance Manager,Bachelor's,2024-08-11,1,Travel_Rarely,3,87464,0,2,4,4,4,Yes,3,0,No,Early-Career Builder,0.4086622165014967,Medium
1298,32,Male,Single,Human Resources,HR Manager,Master's,2021-12-30,4,Non-Travel,4,51198,1,1,4,4,3,Yes,3,2,No,Early-Career Builder,0.6310248966543988,High
1299,30,Female,Single,Sales,Sales Executive,High School,2023-12-05,2,Travel_Frequently,1,41266,1,1,4,4,2,No,2,3,No,High Performer / Flight Risk,0.4121934375646919,Medium
1300,32,Female,Single,Marketing,Content Specialist,Master's,2022-03-03,3,Travel_Rarely,26,60776,1,1,4,2,3,No,4,1,No,Early-Career Builder,0.3833656791946778,Medium
1301,32,Female,Single,Operations,Logistics Coordinator,Bachelor's,2015-10-18,10,Travel_Rarely,6,72109,2,2,3,3,3,No,3,1,No,Stable Core,0.1232614334536007,Low
1302,31,Female,Single,Marketing,Marketing Manager,Bachelor's,2023-09-19,2,Travel_Rarely,24,52146,1,1,2,2,3,No,2,1,No,Disengaged,0.4563250063623054,Medium
1303,25,Male,Married,Customer Support,Support Associate,Bachelor's,2025-03-09,0,Travel_Rarely,11,34242,0,3,4,2,3,Yes,5,1,No,Early-Career Builder,0.4104789522446354,Medium
1304,40,Male,Married,Engineering,QA Engineer,High School,2024-08-24,1,Non-Travel,5,89006,1,3,4,4,1,Yes,2,2,No,High Performer / Flight Risk,0.4143010417193081,Medium
1305,35,Male,Married,Sales,Sales Executive,High School,2022-11-11,3,Travel_Rarely,11,45195,0,0,3,4,3,No,3,2,No,Early-Career Builder,0.3408826308050787,Medium
1306,24,Female,Married,Customer Support,Support Team Lead,Bachelor's,2024-05-22,1,Travel_Rarely,6,40492,1,2,2,2,4,Yes,2,2,No,Disengaged,0.567319142868034,Medium
1307,36,Male,Married,Sales,Sales Executive,Master's,2022-11-04,3,Travel_Rarely,1,49579,3,4,2,4,1,No,2,3,No,High Performer / Flight Risk,0.3693785031633808,Medium
1308,34,Male,Married,Sales,Sales Executive,Master's,2024-12-17,1,Travel_Rarely,3,37944,0,1,3,4,2,No,3,1,Yes,High Performer / Flight Risk,,
1309,26,Male,Single,Sales,Sales Executive,Bachelor's,2021-10-06,4,Travel_Rarely,15,48586,0,2,3,2,4,No,4,1,No,Early-Career Builder,0.4320381433820749,Medium
1310,31,Male,Single,Sales,Account Manager,Bachelor's,2023-05-09,2,Travel_Rarely,18,65960,0,1,3,1,3,No,4,2,Yes,Early-Career Builder,,
1311,38,Male,Married,Customer Support,Support Associate,High School,2023-10-02,2,Travel_Rarely,2,36816,2,1,3,4,4,No,3,3,No,Early-Career Builder,0.2876779136154717,Low
1312,36,Female,Single,Engineering,Software Engineer,Master's,2020-10-25,5,Travel_Rarely,13,77381,3,1,3,4,4,No,3,6,No,Early-Career Builder,0.295019987849808,Low
1313,26,Female,Married,Engineering,Software Engineer,Bachelor's,2025-11-17,0,Travel_Rarely,2,52486,0,2,3,3,2,Yes,5,1,No,High Performer / Flight Risk,0.5596882076918199,Medium
1314,36,Male,Married,Sales,Sales Executive,Bachelor's,2025-11-01,0,Travel_Rarely,18,40650,0,2,4,3,3,No,4,2,No,Early-Career Builder,0.3791338993370452,Medium
1315,24,Male,Married,Operations,Logistics Coordinator,Bachelor's,2024-02-04,1,Travel_Frequently,1,61649,1,5,2,2,2,Yes,3,1,Yes,High Performer / Flight Risk,,
1316,27,Male,Married,Sales,Account Manager,High School,2024-11-28,1,Travel_Rarely,1,65443,1,1,3,3,4,No,4,5,No,Early-Career Builder,0.3254500635526544,Medium
1317,32,Female,Single,Sales,Account Manager,Master's,2023-10-06,2,Non-Travel,7,65835,2,5,2,3,3,No,1,2,No,Disengaged,0.3510893061933869,Medium
1318,41,Female,Married,Sales,Sales Executive,Master's,2022-07-04,3,Non-Travel,1,48696,0,3,4,2,3,Yes,5,2,No,Early-Career Builder,0.5005455726966604,Medium
1319,48,Male,Single,Sales,Sales Executive,Bachelor's,2024-11-18,1,Travel_Rarely,2,41888,1,4,2,3,3,No,1,2,No,Disengaged,0.2616497783314994,Low
1320,31,Female,Married,Sales,Account Manager,Bachelor's,2015-12-08,10,Non-Travel,5,98109,3,2,2,1,4,No,4,0,No,Stable Core,0.1784491458185633,Low
1321,32,Male,Single,Marketing,Marketing Associate,Bachelor's,2025-11-08,0,Travel_Rarely,1,33175,0,2,3,4,4,No,4,3,No,Early-Career Builder,0.2844739414640564,Low
1322,21,Female,Married,Engineering,QA Engineer,Bachelor's,2025-12-28,0,Travel_Frequently,3,93560,0,1,4,2,4,Yes,5,2,No,Early-Career Builder,0.505822968975686,Medium
1323,48,Female,Married,Sales,Sales Manager,Master's,2024-08-08,1,Travel_Frequently,13,56445,1,2,3,3,2,Yes,4,1,No,High Performer / Flight Risk,0.3744025948067292,Medium
1324,22,Male,Single,Engineering,Software Engineer,Bachelor's,2023-09-27,2,Travel_Rarely,3,69513,2,2,3,3,3,No,4,1,No,Early-Career Builder,0.3543434452130609,Medium
1325,28,Female,Divorced,Sales,Sales Executive,Master's,2020-12-23,5,Non-Travel,5,46709,5,2,4,3,2,Yes,3,5,No,High Performer / Flight Risk,0.3872405419309798,Medium
1326,30,Male,Married,Engineering,QA Engineer,Master's,2023-03-05,2,Travel_Rarely,20,117793,0,1,3,3,2,No,3,0,No,High Performer / Flight Risk,0.337307566861152,Medium
1327,35,Male,Married,Operations,Logistics Coordinator,Bachelor's,2022-08-11,3,Travel_Rarely,12,58692,0,1,3,4,3,Yes,3,1,No,Early-Career Builder,0.4437955047018209,Medium
1328,27,Female,Single,Sales,Account Manager,Bachelor's,2023-12-23,2,Non-Travel,1,66831,2,1,3,4,2,No,5,6,No,High Performer / Flight Risk,0.3054083651251722,Medium
1329,31,Female,Married,Operations,Logistics Coordinator,Bachelor's,2019-11-19,6,Non-Travel,20,74283,3,1,3,3,2,No,4,2,Yes,High Performer / Flight Risk,,
1330,21,Female,Married,Sales,Account Manager,Bachelor's,2024-02-25,1,Travel_Rarely,3,71619,0,1,1,4,2,No,3,2,Yes,Disengaged,,
1331,34,Female,Married,Engineering,Engineering Manager,PhD,2024-01-06,1,Non-Travel,9,131848,1,1,1,4,2,No,4,2,Yes,Disengaged,,
1332,35,Female,Divorced,Sales,Account Manager,PhD,2021-06-26,4,Travel_Frequently,2,76795,0,0,4,2,2,Yes,3,3,Yes,High Performer / Flight Risk,,
1333,34,Male,Single,Sales,Sales Executive,Master's,2025-12-31,0,Travel_Rarely,4,39106,0,2,1,2,3,No,4,2,Yes,Disengaged,,
1334,28,Male,Married,Customer Support,Support Associate,High School,2025-05-24,0,Travel_Rarely,9,33938,0,3,2,3,1,No,4,1,No,High Performer / Flight Risk,0.3855533061186964,Medium
1335,47,Female,Married,Engineering,Senior Engineer,Bachelor's,2011-10-18,14,Travel_Rarely,3,120157,2,3,2,4,1,Yes,3,2,No,Stable Core,0.2673377398493847,Low
1336,28,Female,Single,Customer Support,Support Associate,High School,2025-05-15,0,Travel_Rarely,2,26449,0,3,3,4,3,No,3,2,No,Early-Career Builder,0.3588438687526769,Medium
1337,32,Male,Married,Marketing,Content Specialist,Bachelor's,2024-02-07,1,Non-Travel,5,69041,1,3,2,3,3,Yes,2,2,No,Disengaged,0.3893481413309997,Medium
1338,34,Male,Married,Operations,Operations Manager,Bachelor's,2023-05-12,2,Travel_Frequently,2,57079,1,1,4,3,3,Yes,3,1,No,Early-Career Builder,0.4640283281108024,Medium
1339,24,Male,Married,Sales,Sales Executive,Bachelor's,2021-07-12,4,Travel_Rarely,3,43951,2,2,4,2,3,Yes,4,5,No,Early-Career Builder,0.5761780251390851,Medium
1340,32,Male,Married,Human Resources,HR Manager,Bachelor's,2024-05-13,1,Travel_Rarely,3,54992,0,1,4,3,4,Yes,2,3,Yes,Early-Career Builder,,
1341,35,Male,Married,Customer Support,Support Team Lead,Bachelor's,2025-10-15,0,Travel_Frequently,12,39661,0,3,4,2,1,No,3,4,No,High Performer / Flight Risk,0.4604476519985759,Medium
1342,32,Female,Married,Sales,Sales Executive,Bachelor's,2025-03-29,0,Travel_Frequently,12,42341,0,1,2,3,3,No,3,1,No,Disengaged,0.4141866026353758,Medium
1343,31,Male,Single,Operations,Logistics Coordinator,Bachelor's,2025-04-10,0,Non-Travel,7,57162,0,2,3,3,4,No,3,5,No,Early-Career Builder,0.3493216725201452,Medium
1344,30,Male,Single,Engineering,Engineering Manager,High School,2024-01-30,1,Travel_Rarely,19,136986,1,0,3,3,4,No,1,0,No,Stable Core,0.2942523660337752,Low
1345,46,Female,Single,Customer Support,Support Team Lead,Bachelor's,2025-05-10,0,Travel_Rarely,6,46368,0,1,4,4,4,No,3,0,Yes,Early-Career Builder,,
1346,28,Male,Single,Engineering,QA Engineer,PhD,2023-04-18,2,Travel_Rarely,5,109031,2,1,4,4,2,No,3,1,No,High Performer / Flight Risk,0.421351095523033,Medium
1347,38,Male,Married,Operations,Operations Manager,Master's,2021-12-22,4,Travel_Rarely,4,43373,0,2,2,3,3,No,3,5,No,Disengaged,0.3534161906897567,Medium
1348,42,Female,Married,Engineering,Engineering Manager,PhD,2025-10-28,0,Travel_Frequently,4,118470,0,0,3,3,3,No,3,3,No,Early-Career Builder,0.2875394868249528,Low
1349,29,Female,Single,Sales,Sales Executive,Bachelor's,2024-12-17,1,Travel_Frequently,3,39548,1,6,3,2,4,Yes,3,0,Yes,Early-Career Builder,,
1350,42,Female,Divorced,Human Resources,HR Manager,Bachelor's,2019-05-26,6,Travel_Rarely,8,55933,1,1,3,3,4,No,4,0,Yes,Early-Career Builder,,
1351,41,Female,Married,Sales,Account Manager,Bachelor's,2024-06-17,1,Travel_Rarely,4,67782,1,3,3,4,3,No,4,0,No,Early-Career Builder,0.2713755703623848,Low
1352,30,Female,Married,Engineering,Software Engineer,Bachelor's,2023-09-30,2,Travel_Rarely,2,57875,0,2,2,4,3,Yes,2,1,Yes,Disengaged,,
1353,49,Male,Single,Human Resources,Recruiter,Bachelor's,2025-03-30,0,Travel_Frequently,6,72790,0,0,2,4,1,No,5,0,Yes,High Performer / Flight Risk,,
1354,27,Male,Single,Customer Support,Support Team Lead,High School,2024-06-28,1,Travel_Rarely,1,40950,0,5,2,4,2,No,3,1,No,High Performer / Flight Risk,0.5382887645164742,Medium
1355,35,Female,Single,Sales,Sales Manager,High School,2021-04-26,4,Travel_Rarely,2,61966,0,1,4,2,4,No,3,1,Yes,Early-Career Builder,,
1356,31,Female,Married,Human Resources,Recruiter,Bachelor's,2014-07-25,11,Travel_Rarely,9,86975,5,3,3,4,1,No,4,0,No,Stable Core,0.269515100507636,Low
1357,39,Female,Married,Engineering,Senior Engineer,Bachelor's,2025-05-13,0,Travel_Rarely,22,80229,0,3,4,1,4,No,2,1,No,Early-Career Builder,0.3196491720023998,Medium
1358,41,Female,Married,Sales,Account Manager,High School,2019-04-22,6,Travel_Rarely,20,83280,2,2,3,2,3,No,4,2,No,Stable Core,0.2769114987870996,Low
1359,37,Male,Married,Engineering,QA Engineer,Bachelor's,2024-05-16,1,Travel_Rarely,2,96161,1,5,2,3,3,No,4,2,No,Disengaged,0.3035688688797958,Medium
1360,30,Male,Single,Marketing,Marketing Associate,Bachelor's,2015-07-25,10,Travel_Rarely,1,51708,3,0,3,1,3,No,3,1,No,Stable Core,0.1750912601760838,Low
1361,31,Male,Divorced,Engineering,QA Engineer,Master's,2025-03-30,0,Non-Travel,11,112771,0,2,4,3,4,No,3,2,No,Early-Career Builder,0.2053348000034972,Low
1362,49,Male,Single,Operations,Operations Manager,PhD,2025-09-12,0,Travel_Frequently,4,44159,0,1,3,3,3,No,3,1,No,Early-Career Builder,0.3180502881640342,Medium
1363,33,Male,Married,Customer Support,Support Associate,Bachelor's,2019-08-15,6,Travel_Rarely,18,39098,4,1,1,2,4,No,5,0,Yes,Disengaged,,
1364,33,Female,Married,Sales,Sales Executive,High School,2024-03-18,1,Non-Travel,14,40982,1,1,3,3,3,No,3,2,No,Early-Career Builder,0.3517146843978915,Medium
1365,25,Female,Single,Customer Support,Support Associate,Bachelor's,2020-03-10,5,Travel_Rarely,34,37757,2,1,3,2,3,No,3,0,No,Early-Career Builder,0.4746254630429318,Medium
1366,45,Male,Married,Engineering,Senior Engineer,Master's,2025-06-23,0,Travel_Rarely,12,71621,0,4,4,2,1,No,4,1,No,High Performer / Flight Risk,0.3915994979436257,Medium
1367,48,Male,Married,Sales,Sales Executive,Bachelor's,2025-11-04,0,Non-Travel,1,40469,0,1,2,2,4,Yes,3,4,No,Disengaged,0.3654476295612678,Medium
1368,41,Female,Single,Operations,Operations Manager,PhD,2022-03-05,3,Non-Travel,2,50237,1,2,3,4,3,Yes,2,2,No,Early-Career Builder,0.5396017719003087,Medium
1369,28,Male,Married,Finance,Accountant,PhD,2024-12-26,1,Travel_Rarely,5,59423,1,2,2,2,3,No,4,1,No,Disengaged,0.473346436058094,Medium
1370,45,Female,Single,Engineering,Senior Engineer,High School,2017-10-07,8,Travel_Frequently,4,99632,3,0,1,3,3,No,4,2,Yes,Stable Core,,
1371,35,Male,Single,Operations,Logistics Coordinator,Master's,2022-01-30,3,Travel_Rarely,3,64268,1,2,1,1,4,No,3,2,No,Disengaged,0.3946373113440767,Medium
1372,51,Female,Divorced,Sales,Account Manager,Master's,2022-01-12,3,Travel_Frequently,4,78263,3,0,3,2,1,No,4,2,Yes,High Performer / Flight Risk,,
1373,36,Female,Single,Operations,Logistics Coordinator,Master's,2023-04-27,2,Non-Travel,15,65151,2,1,3,2,4,Yes,3,1,No,Early-Career Builder,0.3398964577778051,Medium
1374,31,Female,Married,Customer Support,Support Team Lead,Bachelor's,2014-01-14,11,Travel_Rarely,5,68418,2,0,2,3,3,No,5,5,No,Stable Core,0.1980247909086246,Low
1375,23,Female,Single,Human Resources,HR Manager,Bachelor's,2022-02-25,3,Travel_Rarely,7,53118,0,8,2,2,3,No,4,2,No,Disengaged,0.4774893605415816,Medium
1376,32,Male,Single,Operations,Logistics Coordinator,Bachelor's,2021-05-05,4,Non-Travel,24,61293,0,3,2,3,4,No,3,1,Yes,Disengaged,,
1377,36,Male,Divorced,Sales,Account Manager,Bachelor's,2015-05-08,10,Non-Travel,7,102786,3,0,2,3,2,Yes,3,1,No,Stable Core,0.2682603056676764,Low
1378,42,Female,Single,Operations,Operations Manager,Master's,2013-08-29,12,Non-Travel,9,64374,1,4,3,3,4,No,3,3,No,Stable Core,0.0965337625011445,Low
1379,32,Male,Married,Human Resources,Recruiter,High School,2018-05-21,7,Travel_Frequently,20,65603,2,2,1,4,4,No,3,4,Yes,Disengaged,,
1380,27,Female,Married,Sales,Account Manager,Master's,2018-11-26,7,Travel_Rarely,1,77547,0,2,3,4,2,Yes,3,0,No,Stable Core,0.2619621503148949,Low
1381,41,Male,Married,Customer Support,Support Team Lead,High School,2024-07-25,1,Non-Travel,12,48662,0,0,2,3,1,Yes,3,3,No,High Performer / Flight Risk,0.4132995170390436,Medium
1382,26,Male,Married,Operations,Logistics Coordinator,Bachelor's,2023-09-15,2,Travel_Rarely,1,53629,1,2,2,4,3,No,2,3,No,Disengaged,0.3779839962640524,Medium
1383,28,Male,Single,Operations,Logistics Coordinator,Master's,2023-04-07,2,Travel_Rarely,22,62838,1,1,2,3,3,No,5,2,No,Disengaged,0.3225447969991067,Medium
1384,54,Male,Single,Operations,Operations Associate,Bachelor's,2022-05-18,3,Travel_Rarely,2,32636,0,1,4,3,4,Yes,4,1,No,Early-Career Builder,0.353900677769656,Medium
1385,30,Male,Single,Finance,Accountant,Bachelor's,2024-04-11,1,Non-Travel,4,54176,0,1,2,1,3,No,4,2,Yes,Disengaged,,
1386,40,Female,Married,Sales,Sales Manager,Bachelor's,2025-07-09,0,Travel_Rarely,2,54854,0,1,4,4,3,No,2,4,No,Early-Career Builder,0.3859899683887051,Medium
1387,36,Male,Married,Customer Support,Support Associate,Master's,2017-09-11,8,Travel_Rarely,17,44399,3,1,2,3,4,No,3,2,No,Disengaged,0.2099082027306481,Low
1388,37,Male,Single,Sales,Account Manager,Bachelor's,2025-02-28,0,Travel_Rarely,8,77571,0,4,3,1,3,Yes,3,2,No,Early-Career Builder,0.345862330687337,Medium
1389,32,Male,Divorced,Operations,Operations Manager,Bachelor's,2023-06-25,2,Travel_Frequently,13,45857,2,4,2,3,3,No,4,1,No,Disengaged,0.2272152449377103,Low
1390,33,Female,Divorced,Engineering,QA Engineer,Master's,2025-11-04,0,Non-Travel,13,97925,0,0,3,3,3,No,4,3,No,Early-Career Builder,0.2265878413577622,Low
1391,37,Female,Married,Engineering,QA Engineer,Bachelor's,2025-11-05,0,Travel_Rarely,8,105890,0,4,3,4,4,Yes,4,5,No,Early-Career Builder,0.3716975761201025,Medium
1392,21,Male,Single,Marketing,Marketing Manager,High School,2024-10-31,1,Travel_Rarely,9,55794,0,1,4,3,3,Yes,4,3,Yes,Early-Career Builder,,
1393,43,Female,Married,Human Resources,HR Associate,Bachelor's,2017-10-27,8,Travel_Rarely,7,48691,0,0,3,4,2,No,4,4,No,High Performer / Flight Risk,0.22348866271678,Low
1394,41,Male,Single,Sales,Sales Manager,Bachelor's,2016-08-05,9,Travel_Rarely,3,66866,1,2,2,4,2,Yes,3,3,No,Stable Core,0.2644145067198516,Low
1395,38,Female,Single,Engineering,Engineering Manager,Master's,2025-08-25,0,Travel_Rarely,4,111023,0,1,2,3,2,No,4,3,Yes,High Performer / Flight Risk,,
1396,21,Female,Married,Sales,Sales Executive,Master's,2024-07-05,1,Travel_Frequently,8,43397,0,0,1,2,4,No,3,1,No,Disengaged,0.5359681496327127,Medium
1397,30,Male,Married,Engineering,QA Engineer,Bachelor's,2023-06-14,2,Non-Travel,16,126198,0,1,3,2,4,Yes,3,2,No,Stable Core,0.4278427940119092,Medium
1398,44,Male,Married,Engineering,Software Engineer,Bachelor's,2020-11-25,5,Non-Travel,1,61905,1,2,2,3,4,No,4,3,No,Disengaged,0.2405592826788931,Low
1399,28,Female,Single,Operations,Operations Manager,Bachelor's,2021-03-28,4,Travel_Rarely,10,52074,1,1,4,4,3,No,3,3,No,Early-Career Builder,0.4192083233786308,Medium
1400,46,Female,Married,Operations,Operations Manager,Master's,2020-09-06,5,Travel_Rarely,2,55905,1,5,3,4,2,No,4,1,Yes,High Performer / Flight Risk,,
1401,21,Male,Single,Engineering,QA Engineer,Bachelor's,2024-12-05,1,Travel_Rarely,1,108619,0,1,4,3,4,Yes,4,2,Yes,Early-Career Builder,,
1402,45,Male,Single,Operations,Logistics Coordinator,Master's,2020-10-13,5,Non-Travel,2,76548,2,4,3,4,4,No,4,1,No,Early-Career Builder,0.2707953788611514,Low
1403,36,Male,Married,Customer Support,Support Team Lead,Master's,2024-10-09,1,Non-Travel,13,44870,1,1,2,4,3,No,4,0,No,Disengaged,0.3282391957597482,Medium
1404,32,Female,Married,Sales,Sales Manager,Master's,2022-12-30,3,Travel_Rarely,4,63623,1,1,2,3,1,Yes,3,2,Yes,High Performer / Flight Risk,,
1405,25,Male,Single,Marketing,Marketing Manager,Bachelor's,2025-08-05,0,Travel_Rarely,8,53110,0,0,4,2,3,Yes,3,4,No,Early-Career Builder,0.5091214754517414,Medium
1406,27,Male,Married,Sales,Sales Manager,Bachelor's,2022-07-02,3,Travel_Rarely,24,57144,2,7,4,2,4,Yes,3,1,No,Early-Career Builder,0.427292011598151,Medium
1407,57,Male,Married,Engineering,Software Engineer,Master's,2025-05-02,0,Travel_Rarely,22,63239,0,0,4,3,3,No,4,2,No,Early-Career Builder,0.2632663432371414,Low
1408,29,Male,Single,Customer Support,Support Team Lead,Master's,2020-09-19,5,Travel_Rarely,5,52511,2,2,4,3,3,No,3,3,No,Early-Career Builder,0.4185041048583951,Medium
1409,41,Female,Divorced,Customer Support,Support Associate,Master's,2020-11-25,5,Non-Travel,9,38563,0,2,4,1,4,Yes,3,2,Yes,Early-Career Builder,,
1410,37,Male,Single,Sales,Account Manager,Bachelor's,2023-11-18,2,Travel_Rarely,1,76127,1,1,3,4,2,No,4,4,No,High Performer / Flight Risk,0.3813434107602915,Medium
1411,34,Female,Divorced,Human Resources,HR Associate,High School,2021-12-30,4,Travel_Rarely,2,40985,3,4,3,3,3,No,4,3,No,Early-Career Builder,0.2831860145478578,Low
1412,44,Female,Single,Finance,Finance Manager,Bachelor's,2020-04-03,5,Non-Travel,13,82201,5,1,2,2,3,No,3,1,Yes,Disengaged,,
1413,39,Male,Divorced,Operations,Operations Manager,Bachelor's,2023-12-19,2,Travel_Rarely,4,48330,0,1,1,4,2,Yes,4,1,No,Disengaged,0.4788304649201157,Medium
1414,30,Male,Married,Marketing,Content Specialist,Master's,2019-03-15,6,Travel_Rarely,4,86329,0,4,2,4,3,No,2,1,No,Disengaged,0.2739795573298543,Low
1415,35,Male,Single,Engineering,Engineering Manager,Master's,2020-05-08,5,Travel_Rarely,27,142938,1,2,3,3,3,Yes,4,1,Yes,Stable Core,,
1416,37,Male,Single,Sales,Sales Manager,High School,2024-10-19,1,Travel_Rarely,18,57874,1,1,4,3,3,No,3,3,Yes,Early-Career Builder,,
1417,28,Female,Married,Customer Support,Support Associate,Bachelor's,2025-01-24,0,Travel_Rarely,4,35394,0,1,4,3,2,No,3,2,Yes,High Performer / Flight Risk,,
1418,30,Male,Single,Customer Support,Support Team Lead,Bachelor's,2025-11-12,0,Non-Travel,3,33125,0,1,3,4,3,No,5,0,No,Early-Career Builder,0.3092036603663516,Medium
1419,21,Male,Single,Operations,Operations Manager,Master's,2024-04-04,1,Travel_Frequently,2,46307,1,2,1,3,4,Yes,2,1,No,Disengaged,0.4949169457358321,Medium
1420,35,Male,Married,Sales,Sales Manager,Master's,2023-12-27,2,Non-Travel,19,60305,1,3,3,4,3,Yes,3,5,No,Early-Career Builder,0.3391720787785385,Medium
1421,21,Male,Single,Customer Support,Support Team Lead,Master's,2024-05-13,1,Non-Travel,1,46546,1,0,4,4,3,No,3,1,No,Early-Career Builder,0.3170503096988229,Medium
1422,34,Male,Single,Operations,Logistics Coordinator,Bachelor's,2025-01-19,0,Travel_Frequently,2,59469,0,0,2,4,2,No,3,2,Yes,High Performer / Flight Risk,,
1423,39,Female,Single,Engineering,QA Engineer,Bachelor's,2025-04-15,0,Travel_Rarely,9,84988,0,3,2,4,3,No,5,1,No,Disengaged,0.3312375793090042,Medium
1424,39,Male,Married,Sales,Sales Executive,Bachelor's,2019-03-04,6,Travel_Rarely,6,52489,1,2,3,3,2,No,4,1,No,High Performer / Flight Risk,0.3673444768850329,Medium
1425,40,Female,Married,Human Resources,HR Manager,Bachelor's,2021-07-01,4,Travel_Rarely,2,42906,0,1,2,2,4,Yes,3,4,Yes,Disengaged,,
1426,31,Female,Single,Finance,Financial Analyst,High School,2020-12-25,5,Travel_Rarely,15,46006,2,1,3,4,4,No,3,4,No,Early-Career Builder,0.3780869355779944,Medium
1427,32,Male,Married,Customer Support,Support Team Lead,High School,2022-10-06,3,Travel_Rarely,13,49354,0,3,3,3,3,Yes,4,0,No,Early-Career Builder,0.4569381357903624,Medium
1428,34,Male,Single,Operations,Operations Associate,Bachelor's,2024-03-19,1,Non-Travel,10,37720,0,3,3,3,2,Yes,5,3,No,High Performer / Flight Risk,0.5018883390358096,Medium
1429,26,Female,Single,Engineering,Software Engineer,Master's,2023-01-02,3,Travel_Rarely,5,52506,0,4,1,3,3,No,2,1,Yes,Disengaged,,
1430,25,Male,Single,Human Resources,HR Manager,Master's,2024-10-11,1,Non-Travel,7,46134,1,2,2,2,3,Yes,3,1,Yes,Disengaged,,
1431,22,Female,Married,Customer Support,Support Associate,Bachelor's,2023-01-14,2,Travel_Rarely,5,31660,0,2,1,1,1,No,3,1,No,High Performer / Flight Risk,0.6383610080967438,High
1432,21,Female,Married,Marketing,Marketing Manager,PhD,2025-05-20,0,Travel_Frequently,10,55628,0,3,4,3,2,Yes,4,2,No,High Performer / Flight Risk,0.5192181269218243,Medium
1433,35,Male,Married,Engineering,Senior Engineer,Master's,2023-02-16,2,Travel_Rarely,26,94351,1,5,2,1,4,Yes,4,2,No,Disengaged,0.3892571887012666,Medium
1434,30,Male,Married,Finance,Financial Analyst,Bachelor's,2024-10-28,1,Travel_Rarely,11,44065,1,2,2,3,3,Yes,4,3,No,Disengaged,0.4286688866896642,Medium
1435,28,Male,Married,Operations,Operations Associate,High School,2021-07-20,4,Travel_Rarely,7,41245,4,2,3,1,4,No,3,4,No,Early-Career Builder,0.4202483429809525,Medium
1436,25,Female,Single,Engineering,Senior Engineer,Master's,2025-07-05,0,Travel_Rarely,1,82785,0,1,3,3,3,No,3,1,Yes,Early-Career Builder,,
1437,23,Male,Single,Sales,Account Manager,PhD,2025-03-09,0,Travel_Rarely,20,70435,0,2,1,3,3,Yes,3,5,Yes,Disengaged,,
1438,29,Male,Single,Human Resources,Recruiter,Master's,2021-10-15,4,Non-Travel,4,77426,0,1,2,4,4,No,3,3,No,Disengaged,0.3114019764557784,Medium
1439,39,Male,Single,Engineering,Engineering Manager,Bachelor's,2018-04-07,7,Travel_Rarely,8,154053,0,1,2,3,1,No,4,2,No,Stable Core,0.2633820101102845,Low
1440,37,Male,Single,Human Resources,Recruiter,Master's,2017-11-18,8,Non-Travel,1,88470,7,1,3,1,3,No,3,4,No,Stable Core,0.1578581873367021,Low
1441,38,Female,Single,Operations,Operations Manager,Bachelor's,2018-08-04,7,Non-Travel,22,60443,6,2,3,3,3,No,3,3,Yes,Stable Core,,
1442,26,Female,Single,Engineering,QA Engineer,Bachelor's,2019-08-12,6,Non-Travel,1,124619,0,0,3,4,4,Yes,4,1,No,Stable Core,0.4280490724497455,Medium
1443,34,Female,Divorced,Operations,Logistics Coordinator,Bachelor's,2024-12-28,1,Travel_Frequently,11,53617,1,2,3,4,4,Yes,2,3,No,Early-Career Builder,0.339918878703778,Medium
1444,31,Female,Divorced,Engineering,Engineering Manager,Bachelor's,2020-11-26,5,Travel_Rarely,13,151572,2,0,4,2,3,Yes,3,3,No,Stable Core,0.2999979192751809,Low
1445,30,Male,Divorced,Finance,Accountant,Bachelor's,2017-06-10,8,Travel_Rarely,8,79974,1,1,4,2,4,No,2,1,No,Stable Core,0.1142831234511842,Low
1446,31,Female,Married,Human Resources,HR Manager,Bachelor's,2015-06-18,10,Travel_Rarely,5,70374,6,2,3,1,3,No,3,3,No,Stable Core,0.1494153110110354,Low
1447,22,Female,Single,Customer Support,Support Team Lead,Master's,2023-03-22,2,Travel_Rarely,7,51270,0,1,1,2,3,No,3,0,Yes,Disengaged,,
1448,32,Male,Divorced,Human Resources,HR Associate,Bachelor's,2023-09-30,2,Travel_Rarely,7,37559,2,4,2,3,2,No,4,1,No,High Performer / Flight Risk,0.2668076670163504,Low
1449,40,Male,Married,Customer Support,Support Associate,PhD,2013-06-05,12,Travel_Rarely,9,45498,1,1,3,3,1,Yes,3,2,No,High Performer / Flight Risk,0.2612004539317507,Low
1450,27,Male,Single,Customer Support,Support Associate,Bachelor's,2023-11-02,2,Travel_Rarely,1,30752,2,2,3,4,4,No,5,3,No,Early-Career Builder,0.2477228745765782,Low
1451,24,Female,Single,Finance,Finance Manager,Bachelor's,2021-01-06,4,Travel_Rarely,8,83360,3,0,3,4,3,Yes,3,2,Yes,Stable Core,,
1452,31,Male,Married,Engineering,Software Engineer,Master's,2024-08-12,1,Travel_Rarely,5,63321,0,3,3,4,2,Yes,3,1,No,High Performer / Flight Risk,0.5168247293388774,Medium
1453,39,Male,Single,Customer Support,Support Associate,Bachelor's,2023-06-04,2,Travel_Rarely,33,35049,2,1,1,2,2,No,4,2,Yes,Disengaged,,
1454,24,Male,Married,Operations,Operations Associate,High School,2021-02-15,4,Non-Travel,26,33984,2,0,1,4,3,No,3,0,No,Disengaged,0.3880231788376216,Medium
1455,33,Female,Single,Customer Support,Support Team Lead,Master's,2014-02-10,11,Non-Travel,9,58359,4,2,4,2,3,No,3,3,No,Stable Core,0.1901412166138324,Low
1456,40,Female,Divorced,Engineering,QA Engineer,High School,2022-06-03,3,Travel_Frequently,10,96296,2,2,3,3,3,No,3,4,No,Stable Core,0.1732732048825089,Low
1457,33,Female,Married,Sales,Sales Executive,High School,2016-02-01,9,Travel_Rarely,31,52394,1,1,3,3,4,Yes,4,1,No,Stable Core,0.2189602316492858,Low
1458,29,Female,Single,Marketing,Marketing Associate,Master's,2024-07-05,1,Non-Travel,17,43255,1,0,3,2,4,No,2,4,No,Early-Career Builder,0.3177727710595256,Medium
1459,31,Female,Single,Customer Support,Support Associate,High School,2019-01-31,6,Non-Travel,16,41469,1,2,3,3,3,Yes,4,1,No,Early-Career Builder,0.4188136773912351,Medium
1460,29,Female,Married,Sales,Sales Manager,Master's,2022-03-31,3,Travel_Rarely,6,58312,2,0,4,3,3,Yes,1,0,Yes,Early-Career Builder,,
1461,29,Male,Married,Customer Support,Support Associate,High School,2022-12-09,3,Travel_Rarely,1,34366,0,2,3,4,4,No,4,1,No,Early-Career Builder,0.2876909044592724,Low
1462,33,Female,Single,Human Resources,HR Associate,Master's,2025-08-16,0,Non-Travel,2,38080,0,4,3,2,2,Yes,3,4,Yes,High Performer / Flight Risk,,
1463,44,Female,Single,Customer Support,Support Team Lead,Master's,2025-08-12,0,Travel_Frequently,1,44111,0,2,2,4,3,No,3,2,No,Disengaged,0.3680745293639594,Medium
1464,23,Male,Divorced,Finance,Accountant,High School,2025-03-15,0,Travel_Frequently,1,53785,0,1,2,4,3,No,4,2,No,Disengaged,0.2965667458182284,Low
1465,27,Male,Married,Finance,Accountant,Master's,2018-01-04,7,Travel_Rarely,1,74330,0,1,3,4,3,No,1,0,No,Stable Core,0.2030397504095176,Low
1466,29,Male,Single,Sales,Sales Executive,Bachelor's,2022-04-12,3,Travel_Rarely,1,38586,1,0,2,2,3,Yes,3,0,No,Disengaged,0.4769773392754733,Medium
1467,46,Male,Single,Operations,Logistics Coordinator,Bachelor's,2021-10-16,4,Non-Travel,1,62664,0,1,2,2,2,Yes,3,5,Yes,High Performer / Flight Risk,,
1468,38,Male,Single,Sales,Sales Executive,Master's,2024-03-10,1,Travel_Rarely,4,36244,1,3,2,3,3,No,3,5,No,Disengaged,0.2658824931746984,Low
1469,36,Male,Married,Finance,Financial Analyst,Bachelor's,2024-06-19,1,Non-Travel,5,48000,1,2,3,2,3,No,3,2,No,Early-Career Builder,0.3584889387325292,Medium
1470,32,Male,Single,Human Resources,HR Manager,Master's,2022-05-28,3,Travel_Rarely,2,53977,0,2,3,3,2,No,3,1,Yes,High Performer / Flight Risk,,
1471,29,Male,Single,Operations,Operations Associate,Bachelor's,2021-01-01,5,Travel_Rarely,27,41998,0,0,1,3,3,Yes,3,4,No,Disengaged,0.4570677724902258,Medium
1472,32,Male,Single,Sales,Sales Executive,Bachelor's,2016-03-07,9,Travel_Rarely,11,55844,1,2,4,3,3,No,5,1,No,Stable Core,0.1424907356646013,Low
1473,38,Female,Single,Operations,Operations Manager,High School,2024-07-06,1,Travel_Rarely,1,57045,1,2,3,1,4,Yes,3,2,No,Early-Career Builder,0.4303926141813422,Medium
1474,39,Male,Married,Marketing,Marketing Manager,Bachelor's,2023-09-05,2,Travel_Rarely,2,50837,2,1,3,2,2,No,4,3,Yes,High Performer / Flight Risk,,
1475,39,Male,Married,Sales,Account Manager,High School,2021-05-03,4,Travel_Frequently,3,85903,2,1,1,2,3,Yes,4,1,No,Disengaged,0.3889229649833879,Medium
1476,24,Male,Divorced,Engineering,Engineering Manager,High School,2023-12-10,2,Non-Travel,1,119070,2,2,2,3,4,Yes,4,0,No,Disengaged,0.3631155206626451,Medium
1477,31,Male,Single,Operations,Operations Manager,Master's,2025-12-12,0,Non-Travel,15,45525,0,3,3,3,4,No,4,1,No,Early-Career Builder,0.3231158152635127,Medium
1478,31,Female,Divorced,Customer Support,Support Team Lead,Bachelor's,2015-12-06,10,Non-Travel,15,59311,7,1,4,2,1,No,4,4,No,High Performer / Flight Risk,0.2688534540026454,Low
1479,35,Female,Single,Human Resources,HR Manager,Bachelor's,2023-09-21,2,Travel_Frequently,6,47686,1,2,3,3,4,No,5,4,No,Early-Career Builder,0.3030642456203626,Medium
1480,29,Female,Single,Engineering,Senior Engineer,PhD,2019-06-05,6,Travel_Rarely,7,108456,0,2,3,2,4,Yes,3,0,Yes,Stable Core,,
1481,42,Male,Married,Marketing,Marketing Associate,Bachelor's,2023-07-02,2,Travel_Rarely,8,41481,1,0,4,2,3,No,3,0,No,Early-Career Builder,0.3329826226132625,Medium
1482,33,Female,Married,Finance,Accountant,Master's,2022-03-27,3,Travel_Frequently,4,64844,3,0,3,3,4,No,4,4,No,Early-Career Builder,0.2674477300931162,Low
1483,40,Male,Single,Engineering,QA Engineer,Master's,2025-05-19,0,Non-Travel,6,101993,0,2,3,4,4,No,4,1,Yes,Early-Career Builder,,
1484,41,Female,Married,Engineering,Senior Engineer,Master's,2024-06-17,1,Travel_Rarely,21,89105,1,1,3,3,3,No,4,2,No,Early-Career Builder,0.259776715122602,Low
1485,34,Female,Single,Marketing,Content Specialist,Master's,2025-01-26,0,Travel_Rarely,22,56807,0,0,3,3,4,No,3,6,No,Early-Career Builder,0.3476789591443978,Medium
1486,25,Male,Married,Marketing,Marketing Manager,High School,2025-12-10,0,Travel_Rarely,24,41927,0,2,3,1,4,No,2,2,Yes,Early-Career Builder,,
1487,40,Female,Single,Finance,Accountant,Bachelor's,2019-05-13,6,Travel_Frequently,1,76864,4,1,3,4,3,No,3,4,No,Stable Core,0.2246666679894266,Low
1488,39,Male,Divorced,Human Resources,Recruiter,Bachelor's,2011-04-15,14,Non-Travel,8,107934,1,1,4,1,3,No,3,1,No,Stable Core,0.1304371091932697,Low
1489,32,Female,Single,Human Resources,HR Manager,Bachelor's,2021-08-17,4,Non-Travel,4,58887,0,1,3,3,3,Yes,5,1,Yes,Early-Career Builder,,
1490,36,Male,Single,Engineering,Senior Engineer,Master's,2025-06-12,0,Travel_Rarely,3,76916,0,4,3,3,4,No,3,2,No,Early-Career Builder,0.3196425112937814,Medium
1491,30,Male,Married,Engineering,Software Engineer,Master's,2025-10-16,0,Non-Travel,1,54998,0,2,2,1,3,No,3,3,No,Disengaged,0.3620854015221568,Medium
1492,31,Male,Single,Customer Support,Support Team Lead,Bachelor's,2025-09-03,0,Travel_Rarely,9,43546,0,3,4,4,3,No,4,1,No,Early-Career Builder,0.4117429338293572,Medium
1493,21,Male,Single,Sales,Sales Executive,Bachelor's,2025-05-13,0,Non-Travel,8,41007,0,2,2,3,2,No,2,2,No,High Performer / Flight Risk,0.3399009179696765,Medium
1494,39,Female,Married,Engineering,QA Engineer,High School,2012-11-24,13,Travel_Frequently,3,129725,1,1,3,2,4,No,3,3,No,Stable Core,0.1456782223633218,Low
1495,28,Female,Married,Customer Support,Support Team Lead,Master's,2022-09-20,3,Travel_Frequently,1,46368,3,1,3,4,3,No,3,2,No,Early-Career Builder,0.3681676109781128,Medium
1496,30,Female,Married,Finance,Financial Analyst,Bachelor's,2015-03-04,10,Non-Travel,10,63620,1,3,4,2,1,No,3,2,No,High Performer / Flight Risk,0.2237809924001128,Low
1497,35,Female,Married,Engineering,Engineering Manager,Master's,2020-09-02,5,Travel_Frequently,3,145081,1,1,4,3,4,Yes,5,0,No,Stable Core,0.3425391780300679,Medium
1498,28,Male,Single,Engineering,Engineering Manager,Bachelor's,2017-03-23,8,Travel_Rarely,9,159211,0,2,3,4,3,No,5,0,No,Stable Core,0.1389907119211248,Low
1499,27,Female,Divorced,Marketing,Marketing Associate,Bachelor's,2025-08-25,0,Travel_Frequently,3,35572,0,1,3,3,2,No,3,4,No,High Performer / Flight Risk,0.3211548372621694,Medium
1500,38,Male,Married,Sales,Account Manager,Bachelor's,2019-03-03,6,Travel_Rarely,5,90615,2,3,2,1,4,No,3,1,No,Stable Core,0.2421321047406157,Low
