SalaryChangeID,EmployeeID,EffectiveDate,MonthlyIncome,ChangeType
1,1,2022-09-03,52154.0,Joining
2,1,2023-09-03,55134.0,Hike
3,1,2024-09-02,58132.0,Hike
4,2,2024-05-03,68806.0,Joining
5,3,2024-01-17,40463.0,Joining
6,4,2015-11-23,46914.0,Joining
7,4,2016-11-22,48148.0,Hike
8,4,2017-11-22,52014.0,Hike
9,4,2018-11-22,55362.0,Hike
10,4,2019-11-22,59527.0,Hike
11,4,2020-11-21,65194.0,Hike
12,5,2023-09-29,38099.0,Joining
13,5,2024-09-28,41297.0,Hike
14,6,2019-05-15,30402.0,Joining
15,6,2020-05-14,31992.0,Hike
16,6,2021-05-14,34355.0,Hike
17,6,2022-05-14,37227.0,Hike
18,6,2023-05-14,40579.0,Hike
19,6,2024-05-13,42285.0,Hike
20,7,2024-05-22,77288.0,Joining
21,8,2025-08-08,124194.0,Joining
22,9,2017-09-08,60086.0,Joining
23,9,2018-09-08,64470.0,Hike
24,9,2019-09-08,66893.0,Hike
25,9,2020-09-07,73179.0,Hike
26,9,2021-09-07,76405.0,Hike
27,9,2022-09-07,80269.0,Hike
28,10,2022-12-12,35300.0,Joining
29,10,2023-12-12,36963.0,Hike
30,10,2024-12-11,40275.0,Hike
31,11,2025-04-24,31794.0,Joining
32,12,2025-11-27,40850.0,Joining
33,13,2024-11-03,59352.0,Joining
34,14,2024-04-05,31088.0,Joining
35,15,2024-04-27,53535.0,Joining
36,16,2025-04-13,58430.0,Joining
37,17,2020-01-07,55155.0,Joining
38,17,2021-01-06,61163.0,Hike
39,17,2022-01-06,63668.0,Hike
40,17,2023-01-06,70559.0,Hike
41,17,2024-01-06,77543.0,Hike
42,18,2019-11-07,35873.0,Joining
43,18,2020-11-06,39047.0,Hike
44,18,2021-11-06,42142.0,Hike
45,18,2022-11-06,46030.0,Hike
46,18,2023-11-06,49553.0,Hike
47,18,2024-11-05,51601.0,Hike
48,19,2024-07-19,57063.0,Joining
49,20,2025-08-06,37754.0,Joining
50,21,2024-05-27,120729.0,Joining
51,22,2024-02-26,64314.0,Joining
52,23,2019-05-12,40039.0,Joining
53,23,2020-05-11,43346.0,Hike
54,23,2021-05-11,44149.0,Hike
55,23,2022-05-11,46733.0,Hike
56,23,2023-05-11,49803.0,Hike
57,23,2024-05-10,53631.0,Hike
58,24,2019-08-18,24318.0,Joining
59,24,2020-08-17,25496.0,Hike
60,24,2021-08-17,27653.0,Hike
61,24,2022-08-17,29285.0,Hike
62,24,2023-08-17,31747.0,Hike
63,24,2024-08-16,33307.0,Hike
64,25,2024-03-31,31946.0,Joining
65,26,2013-03-05,39004.0,Joining
66,26,2014-03-05,42266.0,Hike
67,26,2015-03-05,45915.0,Hike
68,26,2016-03-04,48321.0,Hike
69,26,2017-03-04,50690.0,Hike
70,26,2018-03-04,53870.0,Hike
71,27,2024-12-08,53857.0,Joining
72,28,2019-08-04,46302.0,Joining
73,28,2020-08-03,50548.0,Hike
74,28,2021-08-03,53720.0,Hike
75,28,2022-08-03,58002.0,Hike
76,28,2023-08-03,64485.0,Hike
77,28,2024-08-02,69783.0,Hike
78,29,2020-11-25,29000.0,Joining
79,29,2021-11-25,31018.0,Hike
80,29,2022-11-25,33884.0,Hike
81,29,2023-11-25,36156.0,Hike
82,29,2024-11-24,37395.0,Hike
83,30,2015-08-19,46470.0,Joining
84,30,2016-08-18,49117.0,Hike
85,30,2017-08-18,53163.0,Hike
86,30,2018-08-18,56148.0,Hike
87,30,2019-08-18,59799.0,Hike
88,30,2020-08-17,64712.0,Hike
89,31,2022-09-21,37586.0,Joining
90,31,2023-09-21,40129.0,Hike
91,31,2024-09-20,42356.0,Hike
92,32,2025-05-19,44525.0,Joining
93,33,2023-09-14,86735.0,Joining
94,33,2024-09-13,91422.0,Hike
95,34,2022-08-07,91686.0,Joining
96,34,2023-08-07,98192.0,Hike
97,34,2024-08-06,105895.0,Hike
98,35,2020-07-09,68787.0,Joining
99,35,2021-07-09,74529.0,Hike
100,35,2022-07-09,77523.0,Hike
101,35,2023-07-09,85424.0,Hike
102,35,2024-07-08,90310.0,Hike
103,36,2024-11-08,45698.0,Joining
104,37,2021-05-24,47441.0,Joining
105,37,2022-05-24,50479.0,Hike
106,37,2023-05-24,51733.0,Hike
107,37,2024-05-23,54997.0,Hike
108,38,2023-09-10,37801.0,Joining
109,38,2024-09-09,38868.0,Hike
110,39,2025-07-13,51084.0,Joining
111,40,2018-01-03,69483.0,Joining
112,40,2019-01-03,74406.0,Hike
113,40,2020-01-03,79140.0,Hike
114,40,2021-01-02,83604.0,Hike
115,40,2022-01-02,92207.0,Hike
116,40,2023-01-02,99467.0,Hike
117,41,2021-06-18,54643.0,Joining
118,41,2022-06-18,57562.0,Hike
119,41,2023-06-18,62519.0,Hike
120,41,2024-06-17,67491.0,Hike
121,42,2018-09-22,60929.0,Joining
122,42,2019-09-22,63483.0,Hike
123,42,2020-09-21,68289.0,Hike
124,42,2021-09-21,71383.0,Hike
125,42,2022-09-21,76246.0,Hike
126,42,2023-09-21,80007.0,Hike
127,43,2015-11-25,60742.0,Joining
128,43,2016-11-24,63113.0,Hike
129,43,2017-11-24,69535.0,Hike
130,43,2018-11-24,74598.0,Hike
131,43,2019-11-24,77451.0,Hike
132,43,2020-11-23,83794.0,Hike
133,44,2024-01-24,71155.0,Joining
134,45,2025-11-16,59136.0,Joining
135,46,2021-04-16,62708.0,Joining
136,46,2022-04-16,67527.0,Hike
137,46,2023-04-16,73274.0,Hike
138,46,2024-04-15,77593.0,Hike
139,47,2018-01-23,94601.0,Joining
140,47,2019-01-23,100819.0,Hike
141,47,2020-01-23,105196.0,Hike
142,47,2021-01-22,111522.0,Hike
143,47,2022-01-22,117443.0,Hike
144,47,2023-01-22,126905.0,Hike
145,48,2021-01-23,48223.0,Joining
146,48,2022-01-23,51124.0,Hike
147,48,2023-01-23,53721.0,Hike
148,48,2024-01-23,56946.0,Hike
149,49,2020-12-26,41569.0,Joining
150,49,2021-12-26,44599.0,Hike
151,49,2022-12-26,47815.0,Hike
152,49,2023-12-26,50730.0,Hike
153,49,2024-12-25,53840.0,Hike
154,50,2024-04-20,57832.0,Joining
155,51,2019-08-03,110463.0,Joining
156,51,2020-08-02,118450.0,Hike
157,51,2021-08-02,123546.0,Hike
158,51,2022-08-02,129152.0,Hike
159,51,2023-08-02,137510.0,Hike
160,51,2024-08-01,147473.0,Hike
161,52,2023-10-07,51811.0,Joining
162,52,2024-10-06,56185.0,Hike
163,53,2025-04-15,62827.0,Joining
164,54,2025-11-08,28344.0,Joining
165,55,2023-09-08,52737.0,Joining
166,55,2024-09-07,56205.0,Hike
167,56,2017-09-13,36999.0,Joining
168,56,2018-09-13,39470.0,Hike
169,56,2019-09-13,41981.0,Hike
170,56,2020-09-12,45731.0,Hike
171,56,2021-09-12,49508.0,Hike
172,56,2022-09-12,52260.0,Hike
173,57,2021-10-30,32660.0,Joining
174,57,2022-10-30,34650.0,Hike
175,57,2023-10-30,37663.0,Hike
176,57,2024-10-29,40459.0,Hike
177,58,2025-05-30,29459.0,Joining
178,59,2024-12-07,31002.0,Joining
179,60,2019-03-30,46653.0,Joining
180,60,2020-03-29,49759.0,Hike
181,60,2021-03-29,52947.0,Hike
182,60,2022-03-29,56523.0,Hike
183,60,2023-03-29,61909.0,Hike
184,60,2024-03-28,67492.0,Hike
185,61,2024-11-20,42517.0,Joining
186,62,2022-08-20,92251.0,Joining
187,62,2023-08-20,97130.0,Hike
188,62,2024-08-19,105807.0,Hike
189,63,2022-12-08,62881.0,Joining
190,63,2023-12-08,68560.0,Hike
191,63,2024-12-07,73106.0,Hike
192,64,2021-07-26,38714.0,Joining
193,64,2022-07-26,41488.0,Hike
194,64,2023-07-26,43121.0,Hike
195,64,2024-07-25,46178.0,Hike
196,65,2023-08-26,74497.0,Joining
197,65,2024-08-25,81927.0,Hike
198,66,2023-12-22,69079.0,Joining
199,66,2024-12-21,75358.0,Hike
200,67,2024-02-06,69904.0,Joining
201,68,2021-06-10,62355.0,Joining
202,68,2022-06-10,69505.0,Hike
203,68,2023-06-10,75311.0,Hike
204,68,2024-06-09,79886.0,Hike
205,69,2025-11-20,32109.0,Joining
206,70,2024-09-23,59421.0,Joining
207,71,2025-07-26,56215.0,Joining
208,72,2014-08-26,51581.0,Joining
209,72,2015-08-26,54371.0,Hike
210,72,2016-08-25,59073.0,Hike
211,72,2017-08-25,64549.0,Hike
212,72,2018-08-25,68714.0,Hike
213,72,2019-08-25,73464.0,Hike
214,73,2025-08-07,35263.0,Joining
215,74,2025-03-16,87920.0,Joining
216,75,2021-04-09,54124.0,Joining
217,75,2022-04-09,59834.0,Hike
218,75,2023-04-09,64852.0,Hike
219,75,2024-04-08,68998.0,Hike
220,76,2023-06-28,44990.0,Joining
221,76,2024-06-27,49237.0,Hike
222,77,2018-02-23,38215.0,Joining
223,77,2019-02-23,40621.0,Hike
224,77,2020-02-23,43544.0,Hike
225,77,2021-02-22,47348.0,Hike
226,77,2022-02-22,49778.0,Hike
227,77,2023-02-22,52404.0,Hike
228,78,2017-05-26,71533.0,Joining
229,78,2018-05-26,74544.0,Hike
230,78,2019-05-26,80361.0,Hike
231,78,2020-05-25,86235.0,Hike
232,78,2021-05-25,93086.0,Hike
233,78,2022-05-25,99453.0,Hike
234,79,2019-03-06,36857.0,Joining
235,79,2020-03-05,38370.0,Hike
236,79,2021-03-05,41677.0,Hike
237,79,2022-03-05,44818.0,Hike
238,79,2023-03-05,48196.0,Hike
239,79,2024-03-04,50911.0,Hike
240,80,2024-10-25,44053.0,Joining
241,81,2019-02-01,96559.0,Joining
242,81,2020-02-01,106640.0,Hike
243,81,2021-01-31,113947.0,Hike
244,81,2022-01-31,121435.0,Hike
245,81,2023-01-31,130651.0,Hike
246,81,2024-01-31,136073.0,Hike
247,82,2024-08-01,60790.0,Joining
248,83,2022-06-19,36676.0,Joining
249,83,2023-06-19,40514.0,Hike
250,83,2024-06-18,42791.0,Hike
251,84,2017-10-02,58783.0,Joining
252,84,2018-10-02,63017.0,Hike
253,84,2019-10-02,69138.0,Hike
254,84,2020-10-01,73534.0,Hike
255,84,2021-10-01,79474.0,Hike
256,84,2022-10-01,86287.0,Hike
257,85,2019-11-17,37987.0,Joining
258,85,2020-11-16,41740.0,Hike
259,85,2021-11-16,44665.0,Hike
260,85,2022-11-16,47509.0,Hike
261,85,2023-11-16,49466.0,Hike
262,85,2024-11-15,51553.0,Hike
263,86,2021-04-08,27692.0,Joining
264,86,2022-04-08,29650.0,Hike
265,86,2023-04-08,33542.0,Hike
266,86,2024-04-07,36053.0,Hike
267,87,2019-06-27,36693.0,Joining
268,87,2020-06-26,37282.0,Hike
269,87,2021-06-26,40252.0,Hike
270,87,2022-06-26,43373.0,Hike
271,87,2023-06-26,45407.0,Hike
272,87,2024-06-25,47746.0,Hike
273,88,2024-06-25,53359.0,Joining
274,89,2020-08-01,60534.0,Joining
275,89,2021-08-01,65095.0,Hike
276,89,2022-08-01,70092.0,Hike
277,89,2023-08-01,76888.0,Hike
278,89,2024-07-31,79759.0,Hike
279,90,2024-05-25,41000.0,Joining
280,91,2017-10-29,30648.0,Joining
281,91,2018-10-29,32068.0,Hike
282,91,2019-10-29,35086.0,Hike
283,91,2020-10-28,37633.0,Hike
284,91,2021-10-28,39436.0,Hike
285,91,2022-10-28,43317.0,Hike
286,92,2022-01-07,106949.0,Joining
287,92,2023-01-07,114573.0,Hike
288,92,2024-01-07,123494.0,Hike
289,93,2023-05-03,69415.0,Joining
290,93,2024-05-02,74918.0,Hike
291,94,2024-05-07,31718.0,Joining
292,95,2020-07-31,36692.0,Joining
293,95,2021-07-31,38745.0,Hike
294,95,2022-07-31,42242.0,Hike
295,95,2023-07-31,44757.0,Hike
296,95,2024-07-30,47672.0,Hike
297,96,2024-09-02,38118.0,Joining
298,97,2024-08-29,80346.0,Joining
299,98,2024-09-02,34410.0,Joining
300,99,2020-02-13,51313.0,Joining
301,99,2021-02-12,55150.0,Hike
302,99,2022-02-12,58253.0,Hike
303,99,2023-02-12,60812.0,Hike
304,99,2024-02-12,64308.0,Hike
305,100,2022-12-29,65874.0,Joining
306,100,2023-12-29,70163.0,Hike
307,100,2024-12-28,75267.0,Hike
308,101,2024-10-31,42269.0,Joining
309,102,2021-11-26,30565.0,Joining
310,102,2022-11-26,33221.0,Hike
311,102,2023-11-26,37565.0,Hike
312,102,2024-11-25,40435.0,Hike
313,103,2019-08-12,36765.0,Joining
314,103,2020-08-11,38636.0,Hike
315,103,2021-08-11,40787.0,Hike
316,103,2022-08-11,42609.0,Hike
317,103,2023-08-11,45931.0,Hike
318,103,2024-08-10,49673.0,Hike
319,104,2023-10-21,69770.0,Joining
320,104,2024-10-20,74260.0,Hike
321,105,2020-06-02,84544.0,Joining
322,105,2021-06-02,90138.0,Hike
323,105,2022-06-02,98104.0,Hike
324,105,2023-06-02,104133.0,Hike
325,105,2024-06-01,112147.0,Hike
326,106,2025-12-10,65778.0,Joining
327,107,2018-12-18,38100.0,Joining
328,107,2019-12-18,41019.0,Hike
329,107,2020-12-17,42932.0,Hike
330,107,2021-12-17,44387.0,Hike
331,107,2022-12-17,46168.0,Hike
332,107,2023-12-17,49106.0,Hike
333,108,2024-02-24,68274.0,Joining
334,109,2023-07-01,74876.0,Joining
335,109,2024-06-30,79410.0,Hike
336,110,2021-07-29,65165.0,Joining
337,110,2022-07-29,70601.0,Hike
338,110,2023-07-29,75497.0,Hike
339,110,2024-07-28,81730.0,Hike
340,111,2022-07-28,51929.0,Joining
341,111,2023-07-28,56024.0,Hike
342,111,2024-07-27,57327.0,Hike
343,112,2023-12-31,29392.0,Joining
344,112,2024-12-30,31769.0,Hike
345,113,2021-03-09,57552.0,Joining
346,113,2022-03-09,63495.0,Hike
347,113,2023-03-09,69186.0,Hike
348,113,2024-03-08,73004.0,Hike
349,114,2024-02-15,63560.0,Joining
350,115,2025-06-23,45117.0,Joining
351,116,2025-02-12,93986.0,Joining
352,117,2025-02-04,58726.0,Joining
353,118,2023-08-17,66260.0,Joining
354,118,2024-08-16,71819.0,Hike
355,119,2025-08-14,31687.0,Joining
356,120,2023-07-19,66635.0,Joining
357,120,2024-07-18,71418.0,Hike
358,121,2025-09-11,77686.0,Joining
359,122,2025-12-04,44678.0,Joining
360,123,2022-10-11,58646.0,Joining
361,123,2023-10-11,62090.0,Hike
362,123,2024-10-10,65251.0,Hike
363,124,2025-10-26,44558.0,Joining
364,125,2025-08-04,48245.0,Joining
365,126,2025-01-09,121054.0,Joining
366,127,2023-08-17,40072.0,Joining
367,127,2024-08-16,43591.0,Hike
368,128,2024-11-11,50886.0,Joining
369,129,2021-09-12,95015.0,Joining
370,129,2022-09-12,101954.0,Hike
371,129,2023-09-12,108936.0,Hike
372,129,2024-09-11,116465.0,Hike
373,130,2024-08-28,84950.0,Joining
374,131,2025-03-26,123389.0,Joining
375,132,2023-09-07,38985.0,Joining
376,132,2024-09-06,41396.0,Hike
377,133,2025-06-10,70299.0,Joining
378,134,2021-06-07,61464.0,Joining
379,134,2022-06-07,66539.0,Hike
380,134,2023-06-07,71131.0,Hike
381,134,2024-06-06,75515.0,Hike
382,135,2023-06-10,48050.0,Joining
383,135,2024-06-09,53006.0,Hike
384,136,2021-06-12,44589.0,Joining
385,136,2022-06-12,47567.0,Hike
386,136,2023-06-12,51087.0,Hike
387,136,2024-06-11,55342.0,Hike
388,137,2017-03-04,34706.0,Joining
389,137,2018-03-04,36916.0,Hike
390,137,2019-03-04,39733.0,Hike
391,137,2020-03-03,43941.0,Hike
392,137,2021-03-03,44042.0,Hike
393,137,2022-03-03,48148.0,Hike
394,138,2024-06-05,31342.0,Joining
395,139,2021-06-02,56304.0,Joining
396,139,2022-06-02,59063.0,Hike
397,139,2023-06-02,62971.0,Hike
398,139,2024-06-01,68285.0,Hike
399,140,2023-06-08,35336.0,Joining
400,140,2024-06-07,36976.0,Hike
401,141,2017-12-22,58185.0,Joining
402,141,2018-12-22,63433.0,Hike
403,141,2019-12-22,70351.0,Hike
404,141,2020-12-21,73188.0,Hike
405,141,2021-12-21,78888.0,Hike
406,141,2022-12-21,86874.0,Hike
407,142,2024-11-14,56588.0,Joining
408,143,2019-09-19,37243.0,Joining
409,143,2020-09-18,40328.0,Hike
410,143,2021-09-18,44052.0,Hike
411,143,2022-09-18,48352.0,Hike
412,143,2023-09-18,51198.0,Hike
413,143,2024-09-17,54344.0,Hike
414,144,2023-10-18,35825.0,Joining
415,144,2024-10-17,37509.0,Hike
416,145,2020-01-19,69962.0,Joining
417,145,2021-01-18,73235.0,Hike
418,145,2022-01-18,80204.0,Hike
419,145,2023-01-18,84570.0,Hike
420,145,2024-01-18,89458.0,Hike
421,146,2014-02-09,32195.0,Joining
422,146,2015-02-09,33818.0,Hike
423,146,2016-02-09,35512.0,Hike
424,146,2017-02-08,38438.0,Hike
425,146,2018-02-08,40004.0,Hike
426,146,2019-02-08,42914.0,Hike
427,147,2024-08-15,41422.0,Joining
428,148,2024-10-31,61232.0,Joining
429,149,2015-06-09,55581.0,Joining
430,149,2016-06-08,60069.0,Hike
431,149,2017-06-08,66084.0,Hike
432,149,2018-06-08,70158.0,Hike
433,149,2019-06-08,73710.0,Hike
434,149,2020-06-07,77983.0,Hike
435,150,2023-01-17,108054.0,Joining
436,150,2024-01-17,114943.0,Hike
437,151,2025-05-20,66604.0,Joining
438,152,2018-09-17,41290.0,Joining
439,152,2019-09-17,43323.0,Hike
440,152,2020-09-16,44147.0,Hike
441,152,2021-09-16,48107.0,Hike
442,152,2022-09-16,49717.0,Hike
443,152,2023-09-16,54168.0,Hike
444,153,2025-07-20,94159.0,Joining
445,154,2024-04-28,50384.0,Joining
446,155,2025-02-12,80639.0,Joining
447,156,2020-08-09,72052.0,Joining
448,156,2021-08-09,77739.0,Hike
449,156,2022-08-09,83187.0,Hike
450,156,2023-08-09,91165.0,Hike
451,156,2024-08-08,98765.0,Hike
452,157,2025-08-05,59557.0,Joining
453,158,2021-09-30,29711.0,Joining
454,158,2022-09-30,31757.0,Hike
455,158,2023-09-30,33393.0,Hike
456,158,2024-09-29,35971.0,Hike
457,159,2022-05-02,125160.0,Joining
458,159,2023-05-02,131218.0,Hike
459,159,2024-05-01,139469.0,Hike
460,160,2020-07-06,49399.0,Joining
461,160,2021-07-06,54170.0,Hike
462,160,2022-07-06,56527.0,Hike
463,160,2023-07-06,60889.0,Hike
464,160,2024-07-05,66415.0,Hike
465,161,2016-01-12,100741.0,Joining
466,161,2017-01-11,105336.0,Hike
467,161,2018-01-11,110059.0,Hike
468,161,2019-01-11,116575.0,Hike
469,161,2020-01-11,123568.0,Hike
470,161,2021-01-10,131721.0,Hike
471,162,2009-03-20,63563.0,Joining
472,162,2010-03-20,68504.0,Hike
473,162,2011-03-20,72610.0,Hike
474,162,2012-03-19,76715.0,Hike
475,162,2013-03-19,79941.0,Hike
476,162,2014-03-19,85413.0,Hike
477,163,2016-06-21,50648.0,Joining
478,163,2017-06-21,53063.0,Hike
479,163,2018-06-21,57774.0,Hike
480,163,2019-06-21,63573.0,Hike
481,163,2020-06-20,68801.0,Hike
482,163,2021-06-20,74643.0,Hike
483,164,2019-07-27,34446.0,Joining
484,164,2020-07-26,36317.0,Hike
485,164,2021-07-26,38911.0,Hike
486,164,2022-07-26,41808.0,Hike
487,164,2023-07-26,42915.0,Hike
488,164,2024-07-25,46217.0,Hike
489,165,2025-11-27,51885.0,Joining
490,166,2024-03-20,43494.0,Joining
491,167,2025-10-19,113660.0,Joining
492,168,2020-07-13,26952.0,Joining
493,168,2021-07-13,28473.0,Hike
494,168,2022-07-13,30680.0,Hike
495,168,2023-07-13,31630.0,Hike
496,168,2024-07-12,34739.0,Hike
497,169,2021-05-17,86821.0,Joining
498,169,2022-05-17,93390.0,Hike
499,169,2023-05-17,101508.0,Hike
500,169,2024-05-16,107683.0,Hike
501,170,2023-06-02,42487.0,Joining
502,170,2024-06-01,46114.0,Hike
503,171,2019-12-27,44883.0,Joining
504,171,2020-12-26,47128.0,Hike
505,171,2021-12-26,51002.0,Hike
506,171,2022-12-26,53761.0,Hike
507,171,2023-12-26,57254.0,Hike
508,171,2024-12-25,59641.0,Hike
509,172,2025-07-30,44479.0,Joining
510,173,2023-09-30,53709.0,Joining
511,173,2024-09-29,57071.0,Hike
512,174,2025-12-22,58680.0,Joining
513,175,2025-09-01,66942.0,Joining
514,176,2025-02-09,30430.0,Joining
515,177,2025-11-07,44468.0,Joining
516,178,2024-10-18,43630.0,Joining
517,179,2021-08-29,50631.0,Joining
518,179,2022-08-29,54096.0,Hike
519,179,2023-08-29,58640.0,Hike
520,179,2024-08-28,62575.0,Hike
521,180,2024-10-06,33255.0,Joining
522,181,2025-04-18,74898.0,Joining
523,182,2022-12-13,48320.0,Joining
524,182,2023-12-13,51845.0,Hike
525,182,2024-12-12,55454.0,Hike
526,183,2025-10-27,53356.0,Joining
527,184,2017-05-24,96200.0,Joining
528,184,2018-05-24,103369.0,Hike
529,184,2019-05-24,111376.0,Hike
530,184,2020-05-23,123272.0,Hike
531,184,2021-05-23,131412.0,Hike
532,184,2022-05-23,141985.0,Hike
533,185,2021-12-03,48271.0,Joining
534,185,2022-12-03,51555.0,Hike
535,185,2023-12-03,54380.0,Hike
536,185,2024-12-02,57425.0,Hike
537,186,2025-11-09,58447.0,Joining
538,187,2019-11-16,25858.0,Joining
539,187,2020-11-15,28434.0,Hike
540,187,2021-11-15,30959.0,Hike
541,187,2022-11-15,33337.0,Hike
542,187,2023-11-15,35366.0,Hike
543,187,2024-11-14,37266.0,Hike
544,188,2009-05-06,136687.0,Joining
545,188,2010-05-06,136625.0,Hike
546,188,2011-05-06,146711.0,Hike
547,188,2012-05-05,159006.0,Hike
548,188,2013-05-05,167584.0,Hike
549,188,2014-05-05,181208.0,Hike
550,189,2023-08-26,49576.0,Joining
551,189,2024-08-25,53259.0,Hike
552,190,2015-09-28,51562.0,Joining
553,190,2016-09-27,55740.0,Hike
554,190,2017-09-27,58858.0,Hike
555,190,2018-09-27,64419.0,Hike
556,190,2019-09-27,67481.0,Hike
557,190,2020-09-26,74324.0,Hike
558,191,2012-03-12,46894.0,Joining
559,191,2013-03-12,51205.0,Hike
560,191,2014-03-12,56470.0,Hike
561,191,2015-03-12,60407.0,Hike
562,191,2016-03-11,64658.0,Hike
563,191,2017-03-11,69751.0,Hike
564,192,2024-12-11,85106.0,Joining
565,193,2018-07-19,29078.0,Joining
566,193,2019-07-19,30895.0,Hike
567,193,2020-07-18,34696.0,Hike
568,193,2021-07-18,37789.0,Hike
569,193,2022-07-18,41060.0,Hike
570,193,2023-07-18,43533.0,Hike
571,194,2024-02-02,64582.0,Joining
572,195,2019-07-29,110156.0,Joining
573,195,2020-07-28,117683.0,Hike
574,195,2021-07-28,130990.0,Hike
575,195,2022-07-28,136669.0,Hike
576,195,2023-07-28,144125.0,Hike
577,195,2024-07-27,158230.0,Hike
578,196,2022-06-14,61633.0,Joining
579,196,2023-06-14,64823.0,Hike
580,196,2024-06-13,71715.0,Hike
581,197,2024-11-18,32578.0,Joining
582,198,2023-07-03,30826.0,Joining
583,198,2024-07-02,33809.0,Hike
584,199,2024-10-26,66636.0,Joining
585,200,2018-10-17,41444.0,Joining
586,200,2019-10-17,44167.0,Hike
587,200,2020-10-16,46563.0,Hike
588,200,2021-10-16,50646.0,Hike
589,200,2022-10-16,55984.0,Hike
590,200,2023-10-16,60333.0,Hike
591,201,2020-04-10,26779.0,Joining
592,201,2021-04-10,28641.0,Hike
593,201,2022-04-10,31103.0,Hike
594,201,2023-04-10,32779.0,Hike
595,201,2024-04-09,34846.0,Hike
596,202,2020-08-25,35232.0,Joining
597,202,2021-08-25,38202.0,Hike
598,202,2022-08-25,40748.0,Hike
599,202,2023-08-25,42865.0,Hike
600,202,2024-08-24,45787.0,Hike
601,203,2025-11-19,54325.0,Joining
602,204,2025-05-21,32733.0,Joining
603,205,2021-02-26,41543.0,Joining
604,205,2022-02-26,44473.0,Hike
605,205,2023-02-26,47833.0,Hike
606,205,2024-02-26,50819.0,Hike
607,206,2020-12-01,51815.0,Joining
608,206,2021-12-01,57708.0,Hike
609,206,2022-12-01,61311.0,Hike
610,206,2023-12-01,66738.0,Hike
611,206,2024-11-30,71598.0,Hike
612,207,2020-10-26,37733.0,Joining
613,207,2021-10-26,39531.0,Hike
614,207,2022-10-26,42695.0,Hike
615,207,2023-10-26,44616.0,Hike
616,207,2024-10-25,46747.0,Hike
617,208,2024-11-07,28924.0,Joining
618,209,2024-10-18,30142.0,Joining
619,210,2023-06-01,94170.0,Joining
620,210,2024-05-31,101402.0,Hike
621,211,2018-11-19,44904.0,Joining
622,211,2019-11-19,48052.0,Hike
623,211,2020-11-18,50899.0,Hike
624,211,2021-11-18,55668.0,Hike
625,211,2022-11-18,58220.0,Hike
626,211,2023-11-18,63302.0,Hike
627,212,2025-08-10,39488.0,Joining
628,213,2019-01-15,46728.0,Joining
629,213,2020-01-15,51008.0,Hike
630,213,2021-01-14,56963.0,Hike
631,213,2022-01-14,60261.0,Hike
632,213,2023-01-14,65090.0,Hike
633,213,2024-01-14,69100.0,Hike
634,214,2021-12-14,82544.0,Joining
635,214,2022-12-14,88003.0,Hike
636,214,2023-12-14,91885.0,Hike
637,214,2024-12-13,98216.0,Hike
638,215,2019-01-03,86973.0,Joining
639,215,2020-01-03,92899.0,Hike
640,215,2021-01-02,99020.0,Hike
641,215,2022-01-02,107443.0,Hike
642,215,2023-01-02,112780.0,Hike
643,215,2024-01-02,122108.0,Hike
644,216,2022-10-13,95424.0,Joining
645,216,2023-10-13,102884.0,Hike
646,216,2024-10-12,110378.0,Hike
647,217,2021-12-16,46364.0,Joining
648,217,2022-12-16,49321.0,Hike
649,217,2023-12-16,52970.0,Hike
650,217,2024-12-15,56303.0,Hike
651,218,2024-11-11,68284.0,Joining
652,219,2025-12-11,36983.0,Joining
653,220,2023-12-03,44169.0,Joining
654,220,2024-12-02,46686.0,Hike
655,221,2019-08-23,40550.0,Joining
656,221,2020-08-22,44595.0,Hike
657,221,2021-08-22,48145.0,Hike
658,221,2022-08-22,51183.0,Hike
659,221,2023-08-22,54227.0,Hike
660,221,2024-08-21,57957.0,Hike
661,222,2024-08-27,62311.0,Joining
662,223,2021-09-25,78562.0,Joining
663,223,2022-09-25,88601.0,Hike
664,223,2023-09-25,97544.0,Hike
665,223,2024-09-24,107143.0,Hike
666,224,2024-06-27,30846.0,Joining
667,225,2025-01-26,59374.0,Joining
668,226,2025-05-22,57051.0,Joining
669,227,2018-06-13,56760.0,Joining
670,227,2019-06-13,58910.0,Hike
671,227,2020-06-12,62323.0,Hike
672,227,2021-06-12,67141.0,Hike
673,227,2022-06-12,72874.0,Hike
674,227,2023-06-12,78138.0,Hike
675,228,2021-06-09,43029.0,Joining
676,228,2022-06-09,44762.0,Hike
677,228,2023-06-09,48331.0,Hike
678,228,2024-06-08,50711.0,Hike
679,229,2021-03-20,45820.0,Joining
680,229,2022-03-20,50275.0,Hike
681,229,2023-03-20,52886.0,Hike
682,229,2024-03-19,53912.0,Hike
683,230,2025-03-08,34751.0,Joining
684,231,2024-01-31,27646.0,Joining
685,232,2024-11-05,48833.0,Joining
686,233,2021-02-25,107253.0,Joining
687,233,2022-02-25,116302.0,Hike
688,233,2023-02-25,123921.0,Hike
689,233,2024-02-25,127450.0,Hike
690,234,2024-06-28,33577.0,Joining
691,235,2025-06-05,36763.0,Joining
692,236,2022-07-26,74466.0,Joining
693,236,2023-07-26,81205.0,Hike
694,236,2024-07-25,86442.0,Hike
695,237,2022-09-26,73263.0,Joining
696,237,2023-09-26,75241.0,Hike
697,237,2024-09-25,80063.0,Hike
698,238,2025-08-22,29447.0,Joining
699,239,2024-08-03,42004.0,Joining
700,240,2025-10-09,61882.0,Joining
701,241,2025-03-17,35809.0,Joining
702,242,2025-07-08,57374.0,Joining
703,243,2024-10-01,41131.0,Joining
704,244,2021-05-20,97610.0,Joining
705,244,2022-05-20,105011.0,Hike
706,244,2023-05-20,109749.0,Hike
707,244,2024-05-19,117326.0,Hike
708,245,2019-12-03,41101.0,Joining
709,245,2020-12-02,44002.0,Hike
710,245,2021-12-02,46925.0,Hike
711,245,2022-12-02,49832.0,Hike
712,245,2023-12-02,52852.0,Hike
713,245,2024-12-01,56992.0,Hike
714,246,2021-07-21,65907.0,Joining
715,246,2022-07-21,70140.0,Hike
716,246,2023-07-21,73479.0,Hike
717,246,2024-07-20,76912.0,Hike
718,247,2018-06-29,63399.0,Joining
719,247,2019-06-29,68182.0,Hike
720,247,2020-06-28,71374.0,Hike
721,247,2021-06-28,75791.0,Hike
722,247,2022-06-28,82695.0,Hike
723,247,2023-06-28,89577.0,Hike
724,248,2025-08-20,34378.0,Joining
725,249,2021-07-23,57759.0,Joining
726,249,2022-07-23,63741.0,Hike
727,249,2023-07-23,69571.0,Hike
728,249,2024-07-22,74053.0,Hike
729,250,2024-04-27,75596.0,Joining
730,251,2010-05-08,37394.0,Joining
731,251,2011-05-08,40580.0,Hike
732,251,2012-05-07,43117.0,Hike
733,251,2013-05-07,46342.0,Hike
734,251,2014-05-07,48158.0,Hike
735,251,2015-05-07,51354.0,Hike
736,252,2023-04-21,70516.0,Joining
737,252,2024-04-20,74538.0,Hike
738,253,2025-11-29,71809.0,Joining
739,254,2010-09-07,46377.0,Joining
740,254,2011-09-07,49900.0,Hike
741,254,2012-09-06,53996.0,Hike
742,254,2013-09-06,56488.0,Hike
743,254,2014-09-06,59339.0,Hike
744,254,2015-09-06,64006.0,Hike
745,255,2015-05-08,64364.0,Joining
746,255,2016-05-07,69992.0,Hike
747,255,2017-05-07,74331.0,Hike
748,255,2018-05-07,79217.0,Hike
749,255,2019-05-07,83958.0,Hike
750,255,2020-05-06,87424.0,Hike
751,256,2012-01-05,40384.0,Joining
752,256,2013-01-04,42059.0,Hike
753,256,2014-01-04,45770.0,Hike
754,256,2015-01-04,48713.0,Hike
755,256,2016-01-04,52034.0,Hike
756,256,2017-01-03,55064.0,Hike
757,257,2024-07-05,60796.0,Joining
758,258,2020-07-02,41494.0,Joining
759,258,2021-07-02,44334.0,Hike
760,258,2022-07-02,47692.0,Hike
761,258,2023-07-02,50734.0,Hike
762,258,2024-07-01,52774.0,Hike
763,259,2025-09-11,77270.0,Joining
764,260,2023-03-06,32261.0,Joining
765,260,2024-03-05,35136.0,Hike
766,261,2016-12-10,68672.0,Joining
767,261,2017-12-10,73255.0,Hike
768,261,2018-12-10,77931.0,Hike
769,261,2019-12-10,84828.0,Hike
770,261,2020-12-09,91951.0,Hike
771,261,2021-12-09,100996.0,Hike
772,262,2025-10-23,55384.0,Joining
773,263,2020-02-28,60241.0,Joining
774,263,2021-02-27,66879.0,Hike
775,263,2022-02-27,71952.0,Hike
776,263,2023-02-27,76727.0,Hike
777,263,2024-02-27,82153.0,Hike
778,264,2016-10-15,27963.0,Joining
779,264,2017-10-15,30396.0,Hike
780,264,2018-10-15,31982.0,Hike
781,264,2019-10-15,35932.0,Hike
782,264,2020-10-14,38362.0,Hike
783,264,2021-10-14,41868.0,Hike
784,265,2014-11-21,39653.0,Joining
785,265,2015-11-21,42626.0,Hike
786,265,2016-11-20,44979.0,Hike
787,265,2017-11-20,47744.0,Hike
788,265,2018-11-20,51999.0,Hike
789,265,2019-11-20,54036.0,Hike
790,266,2021-08-09,76860.0,Joining
791,266,2022-08-09,83044.0,Hike
792,266,2023-08-09,90231.0,Hike
793,266,2024-08-08,95514.0,Hike
794,267,2024-09-30,68097.0,Joining
795,268,2024-07-23,34508.0,Joining
796,269,2024-07-18,33136.0,Joining
797,270,2019-12-14,34791.0,Joining
798,270,2020-12-13,38807.0,Hike
799,270,2021-12-13,41851.0,Hike
800,270,2022-12-13,46428.0,Hike
801,270,2023-12-13,50244.0,Hike
802,270,2024-12-12,52828.0,Hike
803,271,2022-06-29,59672.0,Joining
804,271,2023-06-29,65368.0,Hike
805,271,2024-06-28,68768.0,Hike
806,272,2024-01-25,53436.0,Joining
807,273,2013-12-25,34425.0,Joining
808,273,2014-12-25,37375.0,Hike
809,273,2015-12-25,38817.0,Hike
810,273,2016-12-24,41834.0,Hike
811,273,2017-12-24,45790.0,Hike
812,273,2018-12-24,49900.0,Hike
813,274,2024-03-02,38051.0,Joining
814,275,2025-02-05,37636.0,Joining
815,276,2020-07-30,56638.0,Joining
816,276,2021-07-30,61791.0,Hike
817,276,2022-07-30,62748.0,Hike
818,276,2023-07-30,66851.0,Hike
819,276,2024-07-29,71431.0,Hike
820,277,2025-03-17,78371.0,Joining
821,278,2025-06-05,45458.0,Joining
822,279,2021-11-14,42837.0,Joining
823,279,2022-11-14,45940.0,Hike
824,279,2023-11-14,49614.0,Hike
825,279,2024-11-13,52764.0,Hike
826,280,2023-08-23,52690.0,Joining
827,280,2024-08-22,57885.0,Hike
828,281,2021-04-26,99872.0,Joining
829,281,2022-04-26,109574.0,Hike
830,281,2023-04-26,117531.0,Hike
831,281,2024-04-25,125240.0,Hike
832,282,2024-06-15,42299.0,Joining
833,283,2023-02-09,51548.0,Joining
834,283,2024-02-09,54411.0,Hike
835,284,2018-03-15,43519.0,Joining
836,284,2019-03-15,47358.0,Hike
837,284,2020-03-14,50966.0,Hike
838,284,2021-03-14,54154.0,Hike
839,284,2022-03-14,57935.0,Hike
840,284,2023-03-14,61382.0,Hike
841,285,2017-05-29,34100.0,Joining
842,285,2018-05-29,37993.0,Hike
843,285,2019-05-29,39842.0,Hike
844,285,2020-05-28,42872.0,Hike
845,285,2021-05-28,45703.0,Hike
846,285,2022-05-28,48558.0,Hike
847,286,2023-01-15,46390.0,Joining
848,286,2024-01-15,50028.0,Hike
849,287,2020-06-05,54363.0,Joining
850,287,2021-06-05,58753.0,Hike
851,287,2022-06-05,62432.0,Hike
852,287,2023-06-05,66244.0,Hike
853,287,2024-06-04,70209.0,Hike
854,288,2024-04-06,31195.0,Joining
855,289,2025-01-18,34967.0,Joining
856,290,2024-03-02,54210.0,Joining
857,291,2025-04-20,57093.0,Joining
858,292,2023-11-07,48019.0,Joining
859,292,2024-11-06,52242.0,Hike
860,293,2024-10-14,32804.0,Joining
861,294,2025-08-01,58183.0,Joining
862,295,2021-11-09,35773.0,Joining
863,295,2022-11-09,37846.0,Hike
864,295,2023-11-09,40390.0,Hike
865,295,2024-11-08,43552.0,Hike
866,296,2023-04-24,50526.0,Joining
867,296,2024-04-23,53211.0,Hike
868,297,2025-07-02,43432.0,Joining
869,298,2022-12-05,32913.0,Joining
870,298,2023-12-05,35481.0,Hike
871,298,2024-12-04,38497.0,Hike
872,299,2025-11-22,44279.0,Joining
873,300,2024-03-14,43378.0,Joining
874,301,2018-06-14,50803.0,Joining
875,301,2019-06-14,55784.0,Hike
876,301,2020-06-13,58958.0,Hike
877,301,2021-06-13,62745.0,Hike
878,301,2022-06-13,67625.0,Hike
879,301,2023-06-13,73681.0,Hike
880,302,2023-07-14,27213.0,Joining
881,302,2024-07-13,27965.0,Hike
882,303,2023-04-13,33390.0,Joining
883,303,2024-04-12,36030.0,Hike
884,304,2021-04-05,29246.0,Joining
885,304,2022-04-05,31636.0,Hike
886,304,2023-04-05,34240.0,Hike
887,304,2024-04-04,36424.0,Hike
888,305,2022-05-22,62135.0,Joining
889,305,2023-05-22,67787.0,Hike
890,305,2024-05-21,72652.0,Hike
891,306,2021-08-30,43426.0,Joining
892,306,2022-08-30,48368.0,Hike
893,306,2023-08-30,51571.0,Hike
894,306,2024-08-29,56358.0,Hike
895,307,2023-01-30,67350.0,Joining
896,307,2024-01-30,72284.0,Hike
897,308,2025-10-17,32336.0,Joining
898,309,2025-12-05,75010.0,Joining
899,310,2021-11-06,56764.0,Joining
900,310,2022-11-06,60439.0,Hike
901,310,2023-11-06,63025.0,Hike
902,310,2024-11-05,67599.0,Hike
903,311,2025-04-17,92667.0,Joining
904,312,2025-05-22,100682.0,Joining
905,313,2024-06-10,66934.0,Joining
906,314,2025-10-14,57976.0,Joining
907,315,2025-06-09,47725.0,Joining
908,316,2020-12-18,39653.0,Joining
909,316,2021-12-18,41895.0,Hike
910,316,2022-12-18,44988.0,Hike
911,316,2023-12-18,48412.0,Hike
912,316,2024-12-17,51905.0,Hike
913,317,2023-12-05,59522.0,Joining
914,317,2024-12-04,63554.0,Hike
915,318,2018-07-16,49483.0,Joining
916,318,2019-07-16,52102.0,Hike
917,318,2020-07-15,56323.0,Hike
918,318,2021-07-15,61817.0,Hike
919,318,2022-07-15,65414.0,Hike
920,318,2023-07-15,71094.0,Hike
921,319,2022-10-04,52257.0,Joining
922,319,2023-10-04,58186.0,Hike
923,319,2024-10-03,64419.0,Hike
924,320,2015-04-29,58313.0,Joining
925,320,2016-04-28,61798.0,Hike
926,320,2017-04-28,65937.0,Hike
927,320,2018-04-28,70827.0,Hike
928,320,2019-04-28,74825.0,Hike
929,320,2020-04-27,78730.0,Hike
930,321,2024-10-23,30213.0,Joining
931,322,2023-10-19,55213.0,Joining
932,322,2024-10-18,57418.0,Hike
933,323,2025-03-26,54849.0,Joining
934,324,2016-10-20,36769.0,Joining
935,324,2017-10-20,40226.0,Hike
936,324,2018-10-20,42807.0,Hike
937,324,2019-10-20,47086.0,Hike
938,324,2020-10-19,47988.0,Hike
939,324,2021-10-19,51399.0,Hike
940,325,2007-10-10,149949.0,Joining
941,325,2008-10-09,162386.0,Hike
942,325,2009-10-09,173742.0,Hike
943,325,2010-10-09,182339.0,Hike
944,325,2011-10-09,188198.0,Hike
945,325,2012-10-08,197990.0,Hike
946,326,2025-06-29,47060.0,Joining
947,327,2025-02-25,34738.0,Joining
948,328,2024-05-29,55766.0,Joining
949,329,2010-03-11,127722.0,Joining
950,329,2011-03-11,136591.0,Hike
951,329,2012-03-10,145296.0,Hike
952,329,2013-03-10,156027.0,Hike
953,329,2014-03-10,169793.0,Hike
954,329,2015-03-10,181047.0,Hike
955,330,2022-03-16,27633.0,Joining
956,330,2023-03-16,29316.0,Hike
957,330,2024-03-15,31612.0,Hike
958,331,2024-02-03,39389.0,Joining
959,332,2021-10-02,36213.0,Joining
960,332,2022-10-02,37361.0,Hike
961,332,2023-10-02,40735.0,Hike
962,332,2024-10-01,42413.0,Hike
963,333,2021-10-22,62405.0,Joining
964,333,2022-10-22,67421.0,Hike
965,333,2023-10-22,71688.0,Hike
966,333,2024-10-21,77705.0,Hike
967,334,2025-04-30,39545.0,Joining
968,335,2023-03-23,45114.0,Joining
969,335,2024-03-22,48307.0,Hike
970,336,2023-07-17,39308.0,Joining
971,336,2024-07-16,42523.0,Hike
972,337,2023-05-20,60930.0,Joining
973,337,2024-05-19,63579.0,Hike
974,338,2025-10-06,38700.0,Joining
975,339,2025-12-09,51196.0,Joining
976,340,2024-09-01,80482.0,Joining
977,341,2024-08-06,48296.0,Joining
978,342,2013-01-04,78925.0,Joining
979,342,2014-01-04,86383.0,Hike
980,342,2015-01-04,96045.0,Hike
981,342,2016-01-04,104007.0,Hike
982,342,2017-01-03,114250.0,Hike
983,342,2018-01-03,123039.0,Hike
984,343,2021-06-04,65445.0,Joining
985,343,2022-06-04,72374.0,Hike
986,343,2023-06-04,77910.0,Hike
987,343,2024-06-03,84517.0,Hike
988,344,2024-04-11,40636.0,Joining
989,345,2025-08-27,45100.0,Joining
990,346,2025-08-11,42433.0,Joining
991,347,2022-03-03,32503.0,Joining
992,347,2023-03-03,35150.0,Hike
993,347,2024-03-02,38055.0,Hike
994,348,2025-09-23,43054.0,Joining
995,349,2023-04-02,54203.0,Joining
996,349,2024-04-01,58710.0,Hike
997,350,2024-10-27,68190.0,Joining
998,351,2020-01-06,46181.0,Joining
999,351,2021-01-05,49278.0,Hike
1000,351,2022-01-05,53344.0,Hike
1001,351,2023-01-05,57228.0,Hike
1002,351,2024-01-05,61497.0,Hike
1003,352,2020-05-15,36205.0,Joining
1004,352,2021-05-15,39107.0,Hike
1005,352,2022-05-15,41230.0,Hike
1006,352,2023-05-15,44139.0,Hike
1007,352,2024-05-14,47837.0,Hike
1008,353,2024-06-18,104827.0,Joining
1009,354,2022-01-26,54624.0,Joining
1010,354,2023-01-26,58290.0,Hike
1011,354,2024-01-26,61981.0,Hike
1012,355,2025-02-05,59490.0,Joining
1013,356,2022-10-08,41832.0,Joining
1014,356,2023-10-08,43585.0,Hike
1015,356,2024-10-07,46212.0,Hike
1016,357,2022-05-08,41383.0,Joining
1017,357,2023-05-08,42802.0,Hike
1018,357,2024-05-07,44655.0,Hike
1019,358,2018-12-12,25959.0,Joining
1020,358,2019-12-12,28481.0,Hike
1021,358,2020-12-11,29749.0,Hike
1022,358,2021-12-11,32454.0,Hike
1023,358,2022-12-11,34093.0,Hike
1024,358,2023-12-11,36742.0,Hike
1025,359,2022-05-01,37202.0,Joining
1026,359,2023-05-01,40652.0,Hike
1027,359,2024-04-30,44163.0,Hike
1028,360,2024-07-07,29733.0,Joining
1029,361,2016-06-29,53693.0,Joining
1030,361,2017-06-29,58906.0,Hike
1031,361,2018-06-29,62700.0,Hike
1032,361,2019-06-29,68586.0,Hike
1033,361,2020-06-28,72286.0,Hike
1034,361,2021-06-28,76094.0,Hike
1035,362,2020-05-01,46571.0,Joining
1036,362,2021-05-01,51566.0,Hike
1037,362,2022-05-01,54344.0,Hike
1038,362,2023-05-01,58173.0,Hike
1039,362,2024-04-30,62843.0,Hike
1040,363,2020-01-08,31729.0,Joining
1041,363,2021-01-07,33646.0,Hike
1042,363,2022-01-07,35125.0,Hike
1043,363,2023-01-07,37480.0,Hike
1044,363,2024-01-07,40103.0,Hike
1045,364,2019-05-05,55419.0,Joining
1046,364,2020-05-04,58360.0,Hike
1047,364,2021-05-04,62297.0,Hike
1048,364,2022-05-04,70126.0,Hike
1049,364,2023-05-04,74460.0,Hike
1050,364,2024-05-03,82843.0,Hike
1051,365,2024-10-01,30408.0,Joining
1052,366,2022-08-02,108745.0,Joining
1053,366,2023-08-02,116172.0,Hike
1054,366,2024-08-01,125113.0,Hike
1055,367,2021-04-02,108169.0,Joining
1056,367,2022-04-02,113667.0,Hike
1057,367,2023-04-02,120880.0,Hike
1058,367,2024-04-01,129761.0,Hike
1059,368,2020-10-25,38126.0,Joining
1060,368,2021-10-25,40247.0,Hike
1061,368,2022-10-25,42661.0,Hike
1062,368,2023-10-25,46765.0,Hike
1063,368,2024-10-24,50675.0,Hike
1064,369,2014-01-13,58303.0,Joining
1065,369,2015-01-13,63717.0,Hike
1066,369,2016-01-13,67039.0,Hike
1067,369,2017-01-12,73594.0,Hike
1068,369,2018-01-12,79592.0,Hike
1069,369,2019-01-12,86754.0,Hike
1070,370,2025-04-01,73849.0,Joining
1071,371,2020-04-18,33401.0,Joining
1072,371,2021-04-18,34887.0,Hike
1073,371,2022-04-18,37948.0,Hike
1074,371,2023-04-18,40392.0,Hike
1075,371,2024-04-17,43052.0,Hike
1076,372,2022-11-20,35663.0,Joining
1077,372,2023-11-20,39230.0,Hike
1078,372,2024-11-19,42083.0,Hike
1079,373,2024-08-27,59757.0,Joining
1080,374,2025-01-15,39763.0,Joining
1081,375,2018-03-11,32376.0,Joining
1082,375,2019-03-11,34968.0,Hike
1083,375,2020-03-10,37241.0,Hike
1084,375,2021-03-10,39235.0,Hike
1085,375,2022-03-10,41543.0,Hike
1086,375,2023-03-10,43899.0,Hike
1087,376,2021-05-05,51984.0,Joining
1088,376,2022-05-05,55430.0,Hike
1089,376,2023-05-05,58579.0,Hike
1090,376,2024-05-04,62107.0,Hike
1091,377,2025-11-14,51750.0,Joining
1092,378,2021-04-25,51598.0,Joining
1093,378,2022-04-25,54348.0,Hike
1094,378,2023-04-25,57530.0,Hike
1095,378,2024-04-24,62640.0,Hike
1096,379,2023-08-24,58428.0,Joining
1097,379,2024-08-23,62781.0,Hike
1098,380,2025-05-09,67424.0,Joining
1099,381,2019-10-11,47759.0,Joining
1100,381,2020-10-10,51011.0,Hike
1101,381,2021-10-10,55928.0,Hike
1102,381,2022-10-10,58371.0,Hike
1103,381,2023-10-10,62123.0,Hike
1104,381,2024-10-09,64986.0,Hike
1105,382,2022-10-17,90035.0,Joining
1106,382,2023-10-17,97845.0,Hike
1107,382,2024-10-16,107786.0,Hike
1108,383,2024-10-03,35704.0,Joining
1109,384,2025-02-22,36525.0,Joining
1110,385,2024-11-12,52326.0,Joining
1111,386,2014-06-12,59299.0,Joining
1112,386,2015-06-12,63359.0,Hike
1113,386,2016-06-11,67602.0,Hike
1114,386,2017-06-11,71730.0,Hike
1115,386,2018-06-11,77254.0,Hike
1116,386,2019-06-11,81352.0,Hike
1117,387,2019-01-29,45695.0,Joining
1118,387,2020-01-29,48167.0,Hike
1119,387,2021-01-28,51223.0,Hike
1120,387,2022-01-28,56304.0,Hike
1121,387,2023-01-28,60433.0,Hike
1122,387,2024-01-28,64551.0,Hike
1123,388,2022-11-24,64097.0,Joining
1124,388,2023-11-24,69516.0,Hike
1125,388,2024-11-23,75046.0,Hike
1126,389,2023-11-14,40782.0,Joining
1127,389,2024-11-13,44651.0,Hike
1128,390,2021-01-31,30100.0,Joining
1129,390,2022-01-31,32225.0,Hike
1130,390,2023-01-31,34832.0,Hike
1131,390,2024-01-31,38358.0,Hike
1132,391,2024-02-24,68459.0,Joining
1133,392,2023-01-02,40092.0,Joining
1134,392,2024-01-02,42800.0,Hike
1135,392,2025-01-01,45736.0,Hike
1136,393,2023-04-18,63395.0,Joining
1137,393,2024-04-17,67764.0,Hike
1138,394,2019-07-13,65188.0,Joining
1139,394,2020-07-12,70278.0,Hike
1140,394,2021-07-12,74998.0,Hike
1141,394,2022-07-12,80727.0,Hike
1142,394,2023-07-12,87578.0,Hike
1143,394,2024-07-11,94722.0,Hike
1144,395,2024-05-16,34373.0,Joining
1145,396,2025-02-02,60212.0,Joining
1146,397,2025-04-04,58135.0,Joining
1147,398,2024-02-02,42703.0,Joining
1148,399,2025-10-19,45492.0,Joining
1149,400,2023-12-05,38418.0,Joining
1150,400,2024-12-04,41687.0,Hike
1151,401,2024-08-19,115071.0,Joining
1152,402,2024-01-22,34787.0,Joining
1153,403,2020-10-28,34187.0,Joining
1154,403,2021-10-28,37266.0,Hike
1155,403,2022-10-28,39382.0,Hike
1156,403,2023-10-28,41415.0,Hike
1157,403,2024-10-27,44150.0,Hike
1158,404,2020-04-03,72969.0,Joining
1159,404,2021-04-03,79063.0,Hike
1160,404,2022-04-03,84375.0,Hike
1161,404,2023-04-03,90556.0,Hike
1162,404,2024-04-02,99349.0,Hike
1163,405,2025-10-13,100220.0,Joining
1164,406,2023-04-18,67830.0,Joining
1165,406,2024-04-17,72476.0,Hike
1166,407,2024-06-15,40462.0,Joining
1167,408,2023-03-15,55853.0,Joining
1168,408,2024-03-14,57475.0,Hike
1169,409,2023-05-04,29480.0,Joining
1170,409,2024-05-03,31446.0,Hike
1171,410,2023-01-01,79167.0,Joining
1172,410,2024-01-01,80843.0,Hike
1173,410,2024-12-31,83083.0,Hike
1174,411,2015-03-09,41015.0,Joining
1175,411,2016-03-08,44920.0,Hike
1176,411,2017-03-08,48602.0,Hike
1177,411,2018-03-08,53197.0,Hike
1178,411,2019-03-08,58379.0,Hike
1179,411,2020-03-07,60728.0,Hike
1180,412,2022-01-29,38756.0,Joining
1181,412,2023-01-29,42243.0,Hike
1182,412,2024-01-29,45723.0,Hike
1183,413,2019-12-06,100440.0,Joining
1184,413,2020-12-05,108363.0,Hike
1185,413,2021-12-05,113305.0,Hike
1186,413,2022-12-05,123947.0,Hike
1187,413,2023-12-05,132560.0,Hike
1188,413,2024-12-04,141108.0,Hike
1189,414,2021-12-10,27726.0,Joining
1190,414,2022-12-10,28835.0,Hike
1191,414,2023-12-10,30238.0,Hike
1192,414,2024-12-09,31026.0,Hike
1193,415,2023-01-24,32759.0,Joining
1194,415,2024-01-24,34423.0,Hike
1195,416,2024-03-14,42790.0,Joining
1196,417,2021-10-22,39688.0,Joining
1197,417,2022-10-22,42360.0,Hike
1198,417,2023-10-22,44221.0,Hike
1199,417,2024-10-21,46875.0,Hike
1200,418,2023-10-04,87919.0,Joining
1201,418,2024-10-03,94868.0,Hike
1202,419,2023-09-05,50166.0,Joining
1203,419,2024-09-04,53291.0,Hike
1204,420,2025-12-14,31950.0,Joining
1205,421,2025-11-12,59812.0,Joining
1206,422,2021-02-01,29808.0,Joining
1207,422,2022-02-01,31552.0,Hike
1208,422,2023-02-01,33976.0,Hike
1209,422,2024-02-01,36642.0,Hike
1210,423,2019-05-04,28465.0,Joining
1211,423,2020-05-03,31356.0,Hike
1212,423,2021-05-03,34252.0,Hike
1213,423,2022-05-03,37990.0,Hike
1214,423,2023-05-03,39383.0,Hike
1215,423,2024-05-02,41678.0,Hike
1216,424,2024-11-22,72222.0,Joining
1217,425,2022-07-01,64913.0,Joining
1218,425,2023-07-01,67063.0,Hike
1219,425,2024-06-30,70313.0,Hike
1220,426,2025-06-20,48905.0,Joining
1221,427,2018-05-09,28990.0,Joining
1222,427,2019-05-09,31415.0,Hike
1223,427,2020-05-08,33599.0,Hike
1224,427,2021-05-08,36278.0,Hike
1225,427,2022-05-08,40079.0,Hike
1226,427,2023-05-08,42826.0,Hike
1227,428,2024-03-27,37447.0,Joining
1228,429,2024-08-08,52576.0,Joining
1229,430,2010-10-24,37574.0,Joining
1230,430,2011-10-24,39854.0,Hike
1231,430,2012-10-23,42585.0,Hike
1232,430,2013-10-23,45575.0,Hike
1233,430,2014-10-23,48268.0,Hike
1234,430,2015-10-23,54371.0,Hike
1235,431,2020-03-26,49010.0,Joining
1236,431,2021-03-26,54501.0,Hike
1237,431,2022-03-26,59495.0,Hike
1238,431,2023-03-26,63441.0,Hike
1239,431,2024-03-25,67695.0,Hike
1240,432,2024-08-24,51742.0,Joining
1241,433,2024-03-27,53892.0,Joining
1242,434,2022-12-18,54443.0,Joining
1243,434,2023-12-18,58640.0,Hike
1244,434,2024-12-17,63223.0,Hike
1245,435,2022-03-31,33586.0,Joining
1246,435,2023-03-31,36277.0,Hike
1247,435,2024-03-30,38410.0,Hike
1248,436,2024-03-14,53657.0,Joining
1249,437,2019-03-28,57817.0,Joining
1250,437,2020-03-27,63066.0,Hike
1251,437,2021-03-27,66787.0,Hike
1252,437,2022-03-27,73580.0,Hike
1253,437,2023-03-27,77410.0,Hike
1254,437,2024-03-26,83428.0,Hike
1255,438,2022-05-08,34194.0,Joining
1256,438,2023-05-08,35821.0,Hike
1257,438,2024-05-07,38657.0,Hike
1258,439,2018-06-23,46415.0,Joining
1259,439,2019-06-23,50473.0,Hike
1260,439,2020-06-22,53684.0,Hike
1261,439,2021-06-22,59110.0,Hike
1262,439,2022-06-22,62423.0,Hike
1263,439,2023-06-22,67856.0,Hike
1264,440,2023-09-30,34913.0,Joining
1265,440,2024-09-29,36130.0,Hike
1266,441,2017-02-01,57848.0,Joining
1267,441,2018-02-01,61538.0,Hike
1268,441,2019-02-01,65777.0,Hike
1269,441,2020-02-01,71933.0,Hike
1270,441,2021-01-31,75096.0,Hike
1271,441,2022-01-31,77246.0,Hike
1272,442,2020-02-04,55179.0,Joining
1273,442,2021-02-03,59120.0,Hike
1274,442,2022-02-03,61708.0,Hike
1275,442,2023-02-03,63938.0,Hike
1276,442,2024-02-03,67767.0,Hike
1277,443,2018-03-31,36648.0,Joining
1278,443,2019-03-31,39875.0,Hike
1279,443,2020-03-30,41965.0,Hike
1280,443,2021-03-30,45205.0,Hike
1281,443,2022-03-30,47285.0,Hike
1282,443,2023-03-30,49297.0,Hike
1283,444,2024-04-18,76650.0,Joining
1284,445,2023-03-20,44223.0,Joining
1285,445,2024-03-19,45826.0,Hike
1286,446,2024-10-04,51437.0,Joining
1287,447,2024-08-13,114413.0,Joining
1288,448,2025-06-18,69637.0,Joining
1289,449,2021-05-24,34845.0,Joining
1290,449,2022-05-24,36706.0,Hike
1291,449,2023-05-24,39861.0,Hike
1292,449,2024-05-23,42164.0,Hike
1293,450,2024-08-22,45983.0,Joining
1294,451,2016-07-31,29252.0,Joining
1295,451,2017-07-31,32064.0,Hike
1296,451,2018-07-31,34629.0,Hike
1297,451,2019-07-31,36939.0,Hike
1298,451,2020-07-30,40317.0,Hike
1299,451,2021-07-30,42759.0,Hike
1300,452,2022-06-04,57515.0,Joining
1301,452,2023-06-04,62989.0,Hike
1302,452,2024-06-03,67927.0,Hike
1303,453,2023-11-11,42609.0,Joining
1304,453,2024-11-10,45269.0,Hike
1305,454,2025-12-17,45924.0,Joining
1306,455,2024-05-06,90709.0,Joining
1307,456,2023-12-11,35596.0,Joining
1308,456,2024-12-10,39751.0,Hike
1309,457,2022-04-10,128218.0,Joining
1310,457,2023-04-10,133384.0,Hike
1311,457,2024-04-09,142839.0,Hike
1312,458,2021-01-23,94195.0,Joining
1313,458,2022-01-23,97783.0,Hike
1314,458,2023-01-23,108132.0,Hike
1315,458,2024-01-23,115170.0,Hike
1316,459,2024-12-23,80154.0,Joining
1317,460,2020-07-29,38449.0,Joining
1318,460,2021-07-29,41165.0,Hike
1319,460,2022-07-29,43214.0,Hike
1320,460,2023-07-29,47800.0,Hike
1321,460,2024-07-28,51204.0,Hike
1322,461,2024-10-23,53942.0,Joining
1323,462,2020-11-08,39343.0,Joining
1324,462,2021-11-08,42255.0,Hike
1325,462,2022-11-08,43933.0,Hike
1326,462,2023-11-08,48276.0,Hike
1327,462,2024-11-07,51957.0,Hike
1328,463,2025-11-16,85504.0,Joining
1329,464,2012-08-05,45236.0,Joining
1330,464,2013-08-05,50270.0,Hike
1331,464,2014-08-05,54869.0,Hike
1332,464,2015-08-05,58427.0,Hike
1333,464,2016-08-04,61024.0,Hike
1334,464,2017-08-04,64066.0,Hike
1335,465,2016-10-07,64849.0,Joining
1336,465,2017-10-07,68328.0,Hike
1337,465,2018-10-07,74476.0,Hike
1338,465,2019-10-07,76466.0,Hike
1339,465,2020-10-06,82753.0,Hike
1340,465,2021-10-06,89752.0,Hike
1341,466,2023-06-26,46896.0,Joining
1342,466,2024-06-25,50454.0,Hike
1343,467,2025-06-29,30001.0,Joining
1344,468,2024-07-23,48847.0,Joining
1345,469,2024-12-22,61269.0,Joining
1346,470,2022-06-16,31142.0,Joining
1347,470,2023-06-16,32194.0,Hike
1348,470,2024-06-15,35535.0,Hike
1349,471,2025-12-20,109164.0,Joining
1350,472,2021-10-01,87575.0,Joining
1351,472,2022-10-01,93951.0,Hike
1352,472,2023-10-01,96842.0,Hike
1353,472,2024-09-30,103887.0,Hike
1354,473,2023-02-07,62112.0,Joining
1355,473,2024-02-07,66129.0,Hike
1356,474,2019-02-19,36188.0,Joining
1357,474,2020-02-19,38859.0,Hike
1358,474,2021-02-18,41095.0,Hike
1359,474,2022-02-18,43623.0,Hike
1360,474,2023-02-18,46763.0,Hike
1361,474,2024-02-18,49709.0,Hike
1362,475,2025-12-24,42048.0,Joining
1363,476,2024-07-28,57800.0,Joining
1364,477,2023-02-05,55445.0,Joining
1365,477,2024-02-05,58406.0,Hike
1366,478,2023-11-15,31624.0,Joining
1367,478,2024-11-14,33893.0,Hike
1368,479,2021-09-06,31829.0,Joining
1369,479,2022-09-06,33465.0,Hike
1370,479,2023-09-06,35281.0,Hike
1371,479,2024-09-05,38005.0,Hike
1372,480,2016-08-25,61623.0,Joining
1373,480,2017-08-25,66123.0,Hike
1374,480,2018-08-25,70550.0,Hike
1375,480,2019-08-25,74054.0,Hike
1376,480,2020-08-24,77406.0,Hike
1377,480,2021-08-24,83384.0,Hike
1378,481,2019-06-11,55185.0,Joining
1379,481,2020-06-10,58445.0,Hike
1380,481,2021-06-10,61660.0,Hike
1381,481,2022-06-10,66833.0,Hike
1382,481,2023-06-10,70264.0,Hike
1383,481,2024-06-09,73876.0,Hike
1384,482,2025-07-15,34172.0,Joining
1385,483,2024-04-15,38039.0,Joining
1386,484,2019-03-07,109181.0,Joining
1387,484,2020-03-06,119541.0,Hike
1388,484,2021-03-06,127523.0,Hike
1389,484,2022-03-06,135740.0,Hike
1390,484,2023-03-06,143496.0,Hike
1391,484,2024-03-05,153176.0,Hike
1392,485,2025-08-24,49562.0,Joining
1393,486,2023-04-06,55344.0,Joining
1394,486,2024-04-05,58312.0,Hike
1395,487,2015-05-13,63111.0,Joining
1396,487,2016-05-12,67111.0,Hike
1397,487,2017-05-12,73090.0,Hike
1398,487,2018-05-12,77562.0,Hike
1399,487,2019-05-12,84165.0,Hike
1400,487,2020-05-11,91765.0,Hike
1401,488,2024-12-16,54102.0,Joining
1402,489,2022-05-16,31400.0,Joining
1403,489,2023-05-16,33953.0,Hike
1404,489,2024-05-15,35554.0,Hike
1405,490,2025-09-29,39239.0,Joining
1406,491,2025-05-29,43687.0,Joining
1407,492,2025-10-27,113957.0,Joining
1408,493,2024-06-05,54025.0,Joining
1409,494,2021-08-28,35476.0,Joining
1410,494,2022-08-28,37488.0,Hike
1411,494,2023-08-28,40461.0,Hike
1412,494,2024-08-27,43300.0,Hike
1413,495,2021-06-17,31033.0,Joining
1414,495,2022-06-17,32856.0,Hike
1415,495,2023-06-17,36000.0,Hike
1416,495,2024-06-16,37837.0,Hike
1417,496,2025-03-09,59211.0,Joining
1418,497,2025-05-18,66885.0,Joining
1419,498,2020-05-09,81675.0,Joining
1420,498,2021-05-09,86890.0,Hike
1421,498,2022-05-09,92489.0,Hike
1422,498,2023-05-09,101376.0,Hike
1423,498,2024-05-08,111394.0,Hike
1424,499,2024-08-25,107157.0,Joining
1425,500,2023-07-21,60822.0,Joining
1426,500,2024-07-20,65459.0,Hike
1427,501,2024-05-28,61940.0,Joining
1428,502,2023-06-28,34625.0,Joining
1429,502,2024-06-27,36946.0,Hike
1430,503,2025-05-07,62218.0,Joining
1431,504,2023-12-31,40044.0,Joining
1432,504,2024-12-30,42973.0,Hike
1433,505,2025-06-05,55897.0,Joining
1434,506,2025-07-25,55678.0,Joining
1435,507,2020-10-23,27699.0,Joining
1436,507,2021-10-23,29445.0,Hike
1437,507,2022-10-23,32244.0,Hike
1438,507,2023-10-23,34878.0,Hike
1439,507,2024-10-22,37852.0,Hike
1440,508,2020-12-15,33636.0,Joining
1441,508,2021-12-15,35350.0,Hike
1442,508,2022-12-15,36706.0,Hike
1443,508,2023-12-15,38246.0,Hike
1444,508,2024-12-14,41685.0,Hike
1445,509,2024-06-13,73304.0,Joining
1446,510,2021-08-10,36875.0,Joining
1447,510,2022-08-10,40829.0,Hike
1448,510,2023-08-10,43028.0,Hike
1449,510,2024-08-09,45294.0,Hike
1450,511,2023-05-30,52228.0,Joining
1451,511,2024-05-29,55467.0,Hike
1452,512,2025-07-02,44907.0,Joining
1453,513,2005-06-30,45879.0,Joining
1454,513,2006-06-30,49317.0,Hike
1455,513,2007-06-30,51704.0,Hike
1456,513,2008-06-29,53589.0,Hike
1457,513,2009-06-29,56701.0,Hike
1458,513,2010-06-29,61349.0,Hike
1459,514,2024-04-18,77741.0,Joining
1460,515,2021-08-12,57210.0,Joining
1461,515,2022-08-12,60955.0,Hike
1462,515,2023-08-12,65789.0,Hike
1463,515,2024-08-11,69248.0,Hike
1464,516,2025-03-15,120812.0,Joining
1465,517,2024-08-08,36186.0,Joining
1466,518,2018-12-13,50029.0,Joining
1467,518,2019-12-13,52881.0,Hike
1468,518,2020-12-12,56450.0,Hike
1469,518,2021-12-12,59298.0,Hike
1470,518,2022-12-12,63753.0,Hike
1471,518,2023-12-12,69077.0,Hike
1472,519,2025-12-13,37541.0,Joining
1473,520,2014-06-15,67363.0,Joining
1474,520,2015-06-15,70932.0,Hike
1475,520,2016-06-14,75897.0,Hike
1476,520,2017-06-14,82114.0,Hike
1477,520,2018-06-14,87732.0,Hike
1478,520,2019-06-14,93171.0,Hike
1479,521,2024-08-26,72621.0,Joining
1480,522,2024-11-24,124296.0,Joining
1481,523,2024-04-26,52343.0,Joining
1482,524,2025-02-15,38665.0,Joining
1483,525,2025-04-27,39284.0,Joining
1484,526,2022-07-01,59636.0,Joining
1485,526,2023-07-01,63133.0,Hike
1486,526,2024-06-30,64498.0,Hike
1487,527,2024-07-14,52797.0,Joining
1488,528,2023-07-07,54092.0,Joining
1489,528,2024-07-06,56850.0,Hike
1490,529,2025-10-13,64169.0,Joining
1491,530,2020-05-31,35106.0,Joining
1492,530,2021-05-31,36459.0,Hike
1493,530,2022-05-31,39527.0,Hike
1494,530,2023-05-31,41365.0,Hike
1495,530,2024-05-30,44702.0,Hike
1496,531,2022-05-30,44734.0,Joining
1497,531,2023-05-30,47308.0,Hike
1498,531,2024-05-29,51333.0,Hike
1499,532,2025-04-30,66866.0,Joining
1500,533,2024-06-19,34838.0,Joining
1501,534,2024-01-11,79368.0,Joining
1502,535,2022-05-03,56663.0,Joining
1503,535,2023-05-03,61632.0,Hike
1504,535,2024-05-02,65790.0,Hike
1505,536,2016-04-19,36223.0,Joining
1506,536,2017-04-19,38992.0,Hike
1507,536,2018-04-19,43142.0,Hike
1508,536,2019-04-19,44931.0,Hike
1509,536,2020-04-18,49343.0,Hike
1510,536,2021-04-18,52448.0,Hike
1511,537,2024-03-10,45708.0,Joining
1512,538,2021-12-16,28229.0,Joining
1513,538,2022-12-16,30847.0,Hike
1514,538,2023-12-16,33641.0,Hike
1515,538,2024-12-15,35795.0,Hike
1516,539,2018-05-19,78548.0,Joining
1517,539,2019-05-19,85842.0,Hike
1518,539,2020-05-18,93143.0,Hike
1519,539,2021-05-18,101153.0,Hike
1520,539,2022-05-18,110899.0,Hike
1521,539,2023-05-18,116434.0,Hike
1522,540,2022-09-27,41280.0,Joining
1523,540,2023-09-27,42894.0,Hike
1524,540,2024-09-26,46727.0,Hike
1525,541,2025-04-20,78192.0,Joining
1526,542,2024-06-17,124566.0,Joining
1527,543,2023-03-23,61379.0,Joining
1528,543,2024-03-22,66040.0,Hike
1529,544,2025-04-24,40088.0,Joining
1530,545,2022-08-23,39780.0,Joining
1531,545,2023-08-23,43382.0,Hike
1532,545,2024-08-22,47403.0,Hike
1533,546,2020-03-03,87481.0,Joining
1534,546,2021-03-03,93466.0,Hike
1535,546,2022-03-03,97273.0,Hike
1536,546,2023-03-03,99943.0,Hike
1537,546,2024-03-02,105645.0,Hike
1538,547,2009-09-13,81854.0,Joining
1539,547,2010-09-13,86451.0,Hike
1540,547,2011-09-13,91576.0,Hike
1541,547,2012-09-12,99577.0,Hike
1542,547,2013-09-12,110438.0,Hike
1543,547,2014-09-12,117530.0,Hike
1544,548,2019-09-16,53919.0,Joining
1545,548,2020-09-15,57946.0,Hike
1546,548,2021-09-15,62601.0,Hike
1547,548,2022-09-15,65087.0,Hike
1548,548,2023-09-15,69164.0,Hike
1549,548,2024-09-14,74286.0,Hike
1550,549,2017-03-29,30289.0,Joining
1551,549,2018-03-29,32076.0,Hike
1552,549,2019-03-29,34073.0,Hike
1553,549,2020-03-28,36933.0,Hike
1554,549,2021-03-28,40458.0,Hike
1555,549,2022-03-28,44051.0,Hike
1556,550,2024-01-06,43323.0,Joining
1557,551,2024-08-13,40718.0,Joining
1558,552,2021-08-11,39703.0,Joining
1559,552,2022-08-11,42025.0,Hike
1560,552,2023-08-11,44810.0,Hike
1561,552,2024-08-10,47961.0,Hike
1562,553,2015-07-22,115684.0,Joining
1563,553,2016-07-21,119833.0,Hike
1564,553,2017-07-21,131112.0,Hike
1565,553,2018-07-21,141702.0,Hike
1566,553,2019-07-21,146020.0,Hike
1567,553,2020-07-20,157016.0,Hike
1568,554,2024-11-11,64918.0,Joining
1569,555,2018-10-05,39508.0,Joining
1570,555,2019-10-05,42075.0,Hike
1571,555,2020-10-04,45579.0,Hike
1572,555,2021-10-04,47256.0,Hike
1573,555,2022-10-04,50196.0,Hike
1574,555,2023-10-04,53439.0,Hike
1575,556,2025-07-27,36229.0,Joining
1576,557,2025-11-30,33677.0,Joining
1577,558,2023-11-03,53378.0,Joining
1578,558,2024-11-02,57033.0,Hike
1579,559,2010-09-14,75609.0,Joining
1580,559,2011-09-14,80806.0,Hike
1581,559,2012-09-13,85325.0,Hike
1582,559,2013-09-13,91361.0,Hike
1583,559,2014-09-13,98845.0,Hike
1584,559,2015-09-13,107052.0,Hike
1585,560,2024-09-23,45164.0,Joining
1586,561,2016-10-06,32245.0,Joining
1587,561,2017-10-06,35587.0,Hike
1588,561,2018-10-06,37613.0,Hike
1589,561,2019-10-06,40705.0,Hike
1590,561,2020-10-05,43551.0,Hike
1591,561,2021-10-05,45419.0,Hike
1592,562,2022-10-03,58423.0,Joining
1593,562,2023-10-03,62480.0,Hike
1594,562,2024-10-02,65509.0,Hike
1595,563,2024-01-29,27730.0,Joining
1596,564,2021-05-19,59657.0,Joining
1597,564,2022-05-19,63297.0,Hike
1598,564,2023-05-19,66637.0,Hike
1599,564,2024-05-18,69672.0,Hike
1600,565,2024-07-10,43162.0,Joining
1601,566,2025-03-19,61247.0,Joining
1602,567,2023-11-03,51625.0,Joining
1603,567,2024-11-02,55433.0,Hike
1604,568,2020-06-17,29482.0,Joining
1605,568,2021-06-17,32142.0,Hike
1606,568,2022-06-17,34921.0,Hike
1607,568,2023-06-17,37915.0,Hike
1608,568,2024-06-16,40922.0,Hike
1609,569,2023-08-06,43719.0,Joining
1610,569,2024-08-05,47864.0,Hike
1611,570,2025-11-13,68298.0,Joining
1612,571,2008-08-29,45270.0,Joining
1613,571,2009-08-29,49302.0,Hike
1614,571,2010-08-29,53529.0,Hike
1615,571,2011-08-29,57416.0,Hike
1616,571,2012-08-28,60435.0,Hike
1617,571,2013-08-28,66635.0,Hike
1618,572,2025-04-29,79010.0,Joining
1619,573,2025-03-10,46353.0,Joining
1620,574,2024-07-15,59521.0,Joining
1621,575,2023-05-06,48219.0,Joining
1622,575,2024-05-05,51093.0,Hike
1623,576,2018-07-30,31342.0,Joining
1624,576,2019-07-30,33899.0,Hike
1625,576,2020-07-29,35417.0,Hike
1626,576,2021-07-29,37646.0,Hike
1627,576,2022-07-29,39938.0,Hike
1628,576,2023-07-29,43681.0,Hike
1629,577,2025-12-14,41827.0,Joining
1630,578,2025-05-22,110282.0,Joining
1631,579,2023-03-06,37755.0,Joining
1632,579,2024-03-05,39592.0,Hike
1633,580,2025-06-06,58738.0,Joining
1634,581,2025-08-23,77285.0,Joining
1635,582,2024-04-29,51692.0,Joining
1636,583,2024-05-05,37958.0,Joining
1637,584,2019-11-20,28355.0,Joining
1638,584,2020-11-19,30675.0,Hike
1639,584,2021-11-19,33143.0,Hike
1640,584,2022-11-19,36652.0,Hike
1641,584,2023-11-19,39502.0,Hike
1642,584,2024-11-18,41777.0,Hike
1643,585,2024-02-21,80159.0,Joining
1644,586,2023-08-31,54192.0,Joining
1645,586,2024-08-30,56856.0,Hike
1646,587,2025-09-05,37594.0,Joining
1647,588,2017-07-04,53699.0,Joining
1648,588,2018-07-04,57949.0,Hike
1649,588,2019-07-04,61285.0,Hike
1650,588,2020-07-03,68908.0,Hike
1651,588,2021-07-03,75439.0,Hike
1652,588,2022-07-03,80844.0,Hike
1653,589,2018-11-05,30270.0,Joining
1654,589,2019-11-05,32215.0,Hike
1655,589,2020-11-04,34795.0,Hike
1656,589,2021-11-04,36963.0,Hike
1657,589,2022-11-04,38568.0,Hike
1658,589,2023-11-04,41752.0,Hike
1659,590,2023-01-25,45477.0,Joining
1660,590,2024-01-25,48576.0,Hike
1661,591,2015-06-22,35899.0,Joining
1662,591,2016-06-21,39216.0,Hike
1663,591,2017-06-21,41717.0,Hike
1664,591,2018-06-21,45292.0,Hike
1665,591,2019-06-21,49127.0,Hike
1666,591,2020-06-20,52824.0,Hike
1667,592,2024-05-20,38117.0,Joining
1668,593,2022-01-16,59401.0,Joining
1669,593,2023-01-16,63828.0,Hike
1670,593,2024-01-16,71045.0,Hike
1671,594,2024-08-12,38650.0,Joining
1672,595,2025-10-30,111525.0,Joining
1673,596,2025-07-17,102937.0,Joining
1674,597,2022-09-28,37775.0,Joining
1675,597,2023-09-28,41863.0,Hike
1676,597,2024-09-27,44334.0,Hike
1677,598,2021-07-25,31500.0,Joining
1678,598,2022-07-25,33760.0,Hike
1679,598,2023-07-25,35872.0,Hike
1680,598,2024-07-24,36438.0,Hike
1681,599,2023-08-21,49385.0,Joining
1682,599,2024-08-20,53554.0,Hike
1683,600,2023-06-21,48485.0,Joining
1684,600,2024-06-20,52285.0,Hike
1685,601,2023-11-03,71672.0,Joining
1686,601,2024-11-02,77020.0,Hike
1687,602,2023-04-13,41138.0,Joining
1688,602,2024-04-12,44511.0,Hike
1689,603,2025-02-02,100971.0,Joining
1690,604,2024-11-18,29692.0,Joining
1691,605,2025-03-31,34045.0,Joining
1692,606,2025-12-02,42629.0,Joining
1693,607,2024-02-28,41170.0,Joining
1694,608,2025-05-19,48492.0,Joining
1695,609,2024-06-30,28045.0,Joining
1696,610,2024-06-25,36125.0,Joining
1697,611,2015-10-21,55630.0,Joining
1698,611,2016-10-20,59904.0,Hike
1699,611,2017-10-20,63911.0,Hike
1700,611,2018-10-20,69525.0,Hike
1701,611,2019-10-20,76090.0,Hike
1702,611,2020-10-19,82927.0,Hike
1703,612,2014-03-04,33978.0,Joining
1704,612,2015-03-04,37259.0,Hike
1705,612,2016-03-03,40974.0,Hike
1706,612,2017-03-03,43603.0,Hike
1707,612,2018-03-03,45719.0,Hike
1708,612,2019-03-03,49233.0,Hike
1709,613,2025-06-14,124189.0,Joining
1710,614,2025-03-31,56898.0,Joining
1711,615,2021-06-23,30626.0,Joining
1712,615,2022-06-23,31352.0,Hike
1713,615,2023-06-23,31968.0,Hike
1714,615,2024-06-22,34328.0,Hike
1715,616,2018-09-05,64598.0,Joining
1716,616,2019-09-05,70135.0,Hike
1717,616,2020-09-04,76577.0,Hike
1718,616,2021-09-04,81958.0,Hike
1719,616,2022-09-04,89196.0,Hike
1720,616,2023-09-04,97174.0,Hike
1721,617,2017-04-12,51288.0,Joining
1722,617,2018-04-12,53792.0,Hike
1723,617,2019-04-12,58197.0,Hike
1724,617,2020-04-11,61464.0,Hike
1725,617,2021-04-11,66983.0,Hike
1726,617,2022-04-11,73086.0,Hike
1727,618,2024-07-18,39657.0,Joining
1728,619,2025-01-20,55011.0,Joining
1729,620,2022-04-29,54806.0,Joining
1730,620,2023-04-29,58933.0,Hike
1731,620,2024-04-28,62607.0,Hike
1732,621,2024-11-06,45653.0,Joining
1733,622,2025-11-14,40808.0,Joining
1734,623,2024-11-09,52712.0,Joining
1735,624,2024-10-24,57399.0,Joining
1736,625,2025-12-16,40094.0,Joining
1737,626,2014-01-17,78476.0,Joining
1738,626,2015-01-17,84558.0,Hike
1739,626,2016-01-17,92758.0,Hike
1740,626,2017-01-16,100990.0,Hike
1741,626,2018-01-16,107232.0,Hike
1742,626,2019-01-16,109374.0,Hike
1743,627,2021-06-18,52685.0,Joining
1744,627,2022-06-18,54002.0,Hike
1745,627,2023-06-18,57987.0,Hike
1746,627,2024-06-17,63929.0,Hike
1747,628,2024-02-01,35581.0,Joining
1748,629,2020-03-07,33498.0,Joining
1749,629,2021-03-07,36621.0,Hike
1750,629,2022-03-07,38897.0,Hike
1751,629,2023-03-07,41277.0,Hike
1752,629,2024-03-06,43589.0,Hike
1753,630,2025-08-23,58284.0,Joining
1754,631,2018-12-10,56552.0,Joining
1755,631,2019-12-10,61217.0,Hike
1756,631,2020-12-09,64826.0,Hike
1757,631,2021-12-09,68435.0,Hike
1758,631,2022-12-09,73446.0,Hike
1759,631,2023-12-09,79484.0,Hike
1760,632,2022-01-28,34597.0,Joining
1761,632,2023-01-28,35787.0,Hike
1762,632,2024-01-28,39062.0,Hike
1763,633,2023-04-25,66914.0,Joining
1764,633,2024-04-24,70558.0,Hike
1765,634,2024-12-29,112297.0,Joining
1766,635,2025-04-24,66139.0,Joining
1767,636,2022-10-09,36460.0,Joining
1768,636,2023-10-09,38748.0,Hike
1769,636,2024-10-08,41919.0,Hike
1770,637,2025-03-30,59736.0,Joining
1771,638,2024-03-18,43005.0,Joining
1772,639,2026-01-01,57172.0,Joining
1773,640,2017-09-23,36563.0,Joining
1774,640,2018-09-23,39265.0,Hike
1775,640,2019-09-23,41923.0,Hike
1776,640,2020-09-22,44549.0,Hike
1777,640,2021-09-22,46701.0,Hike
1778,640,2022-09-22,50061.0,Hike
1779,641,2025-12-03,58742.0,Joining
1780,642,2021-05-15,86707.0,Joining
1781,642,2022-05-15,90801.0,Hike
1782,642,2023-05-15,98762.0,Hike
1783,642,2024-05-14,105463.0,Hike
1784,643,2024-12-29,66523.0,Joining
1785,644,2024-12-21,42106.0,Joining
1786,645,2025-09-08,45493.0,Joining
1787,646,2023-12-31,67708.0,Joining
1788,646,2024-12-30,75280.0,Hike
1789,647,2021-01-22,80150.0,Joining
1790,647,2022-01-22,83498.0,Hike
1791,647,2023-01-22,87751.0,Hike
1792,647,2024-01-22,94206.0,Hike
1793,648,2024-10-25,39498.0,Joining
1794,649,2025-06-01,42303.0,Joining
1795,650,2021-04-12,39087.0,Joining
1796,650,2022-04-12,42199.0,Hike
1797,650,2023-04-12,47322.0,Hike
1798,650,2024-04-11,51309.0,Hike
1799,651,2017-02-04,58689.0,Joining
1800,651,2018-02-04,63375.0,Hike
1801,651,2019-02-04,67185.0,Hike
1802,651,2020-02-04,73073.0,Hike
1803,651,2021-02-03,80703.0,Hike
1804,651,2022-02-03,89591.0,Hike
1805,652,2025-03-15,79791.0,Joining
1806,653,2023-02-17,40235.0,Joining
1807,653,2024-02-17,43702.0,Hike
1808,654,2023-08-06,48907.0,Joining
1809,654,2024-08-05,52539.0,Hike
1810,655,2025-12-14,32920.0,Joining
1811,656,2017-06-16,86165.0,Joining
1812,656,2018-06-16,92143.0,Hike
1813,656,2019-06-16,98026.0,Hike
1814,656,2020-06-15,103261.0,Hike
1815,656,2021-06-15,108596.0,Hike
1816,656,2022-06-15,117164.0,Hike
1817,657,2023-03-30,119166.0,Joining
1818,657,2024-03-29,128977.0,Hike
1819,658,2024-09-06,71014.0,Joining
1820,659,2018-05-05,40677.0,Joining
1821,659,2019-05-05,43929.0,Hike
1822,659,2020-05-04,47416.0,Hike
1823,659,2021-05-04,50063.0,Hike
1824,659,2022-05-04,54598.0,Hike
1825,659,2023-05-04,58493.0,Hike
1826,660,2023-01-14,41263.0,Joining
1827,660,2024-01-14,44579.0,Hike
1828,661,2023-12-07,58176.0,Joining
1829,661,2024-12-06,61977.0,Hike
1830,662,2017-10-06,60509.0,Joining
1831,662,2018-10-06,64296.0,Hike
1832,662,2019-10-06,69123.0,Hike
1833,662,2020-10-05,74804.0,Hike
1834,662,2021-10-05,77685.0,Hike
1835,662,2022-10-05,83224.0,Hike
1836,663,2025-12-29,65832.0,Joining
1837,664,2023-11-30,64453.0,Joining
1838,664,2024-11-29,68819.0,Hike
1839,665,2022-01-06,54020.0,Joining
1840,665,2023-01-06,56902.0,Hike
1841,665,2024-01-06,60181.0,Hike
1842,666,2018-06-07,41129.0,Joining
1843,666,2019-06-07,44718.0,Hike
1844,666,2020-06-06,47056.0,Hike
1845,666,2021-06-06,51000.0,Hike
1846,666,2022-06-06,55446.0,Hike
1847,666,2023-06-06,57903.0,Hike
1848,667,2023-09-18,61883.0,Joining
1849,667,2024-09-17,66076.0,Hike
1850,668,2019-11-16,39341.0,Joining
1851,668,2020-11-15,42366.0,Hike
1852,668,2021-11-15,44824.0,Hike
1853,668,2022-11-15,48272.0,Hike
1854,668,2023-11-15,51667.0,Hike
1855,668,2024-11-14,56631.0,Hike
1856,669,2013-10-31,39997.0,Joining
1857,669,2014-10-31,42971.0,Hike
1858,669,2015-10-31,44222.0,Hike
1859,669,2016-10-30,47744.0,Hike
1860,669,2017-10-30,50432.0,Hike
1861,669,2018-10-30,54832.0,Hike
1862,670,2022-05-19,37945.0,Joining
1863,670,2023-05-19,41508.0,Hike
1864,670,2024-05-18,45274.0,Hike
1865,671,2020-12-19,36767.0,Joining
1866,671,2021-12-19,39465.0,Hike
1867,671,2022-12-19,42863.0,Hike
1868,671,2023-12-19,45026.0,Hike
1869,671,2024-12-18,47574.0,Hike
1870,672,2021-01-20,100822.0,Joining
1871,672,2022-01-20,108251.0,Hike
1872,672,2023-01-20,116525.0,Hike
1873,672,2024-01-20,122404.0,Hike
1874,673,2023-12-03,48558.0,Joining
1875,673,2024-12-02,51061.0,Hike
1876,674,2023-10-13,51570.0,Joining
1877,674,2024-10-12,54568.0,Hike
1878,675,2025-09-26,43147.0,Joining
1879,676,2020-01-29,88595.0,Joining
1880,676,2021-01-28,95719.0,Hike
1881,676,2022-01-28,104962.0,Hike
1882,676,2023-01-28,117023.0,Hike
1883,676,2024-01-28,123550.0,Hike
1884,677,2024-02-25,62599.0,Joining
1885,678,2025-09-05,44763.0,Joining
1886,679,2025-05-01,50475.0,Joining
1887,680,2025-12-22,70773.0,Joining
1888,681,2012-04-04,44215.0,Joining
1889,681,2013-04-04,49060.0,Hike
1890,681,2014-04-04,53910.0,Hike
1891,681,2015-04-04,56379.0,Hike
1892,681,2016-04-03,61055.0,Hike
1893,681,2017-04-03,66195.0,Hike
1894,682,2025-10-31,36903.0,Joining
1895,683,2018-05-03,53443.0,Joining
1896,683,2019-05-03,57767.0,Hike
1897,683,2020-05-02,63315.0,Hike
1898,683,2021-05-02,66583.0,Hike
1899,683,2022-05-02,71243.0,Hike
1900,683,2023-05-02,77246.0,Hike
1901,684,2011-03-02,67330.0,Joining
1902,684,2012-03-01,72972.0,Hike
1903,684,2013-03-01,79014.0,Hike
1904,684,2014-03-01,87219.0,Hike
1905,684,2015-03-01,90520.0,Hike
1906,684,2016-02-29,92701.0,Hike
1907,685,2024-02-10,109250.0,Joining
1908,686,2024-12-02,73242.0,Joining
1909,687,2025-12-03,59317.0,Joining
1910,688,2016-11-16,52965.0,Joining
1911,688,2017-11-16,56064.0,Hike
1912,688,2018-11-16,58005.0,Hike
1913,688,2019-11-16,61790.0,Hike
1914,688,2020-11-15,66845.0,Hike
1915,688,2021-11-15,72387.0,Hike
1916,689,2024-01-08,117666.0,Joining
1917,690,2025-01-01,70230.0,Joining
1918,691,2021-02-17,69824.0,Joining
1919,691,2022-02-17,72583.0,Hike
1920,691,2023-02-17,79092.0,Hike
1921,691,2024-02-17,81339.0,Hike
1922,692,2023-03-11,28239.0,Joining
1923,692,2024-03-10,30239.0,Hike
1924,693,2024-04-01,39291.0,Joining
1925,694,2022-04-14,34267.0,Joining
1926,694,2023-04-14,37434.0,Hike
1927,694,2024-04-13,39923.0,Hike
1928,695,2024-05-28,100169.0,Joining
1929,696,2025-11-10,31511.0,Joining
1930,697,2017-10-10,28334.0,Joining
1931,697,2018-10-10,29457.0,Hike
1932,697,2019-10-10,32855.0,Hike
1933,697,2020-10-09,36876.0,Hike
1934,697,2021-10-09,39323.0,Hike
1935,697,2022-10-09,42808.0,Hike
1936,698,2022-02-03,41571.0,Joining
1937,698,2023-02-03,45274.0,Hike
1938,698,2024-02-03,48223.0,Hike
1939,699,2013-01-16,46095.0,Joining
1940,699,2014-01-16,49403.0,Hike
1941,699,2015-01-16,53205.0,Hike
1942,699,2016-01-16,55756.0,Hike
1943,699,2017-01-15,59694.0,Hike
1944,699,2018-01-15,64741.0,Hike
1945,700,2024-06-11,53465.0,Joining
1946,701,2012-10-15,60247.0,Joining
1947,701,2013-10-15,64157.0,Hike
1948,701,2014-10-15,70341.0,Hike
1949,701,2015-10-15,77210.0,Hike
1950,701,2016-10-14,85125.0,Hike
1951,701,2017-10-14,90128.0,Hike
1952,702,2019-02-05,52387.0,Joining
1953,702,2020-02-05,54683.0,Hike
1954,702,2021-02-04,58291.0,Hike
1955,702,2022-02-04,61647.0,Hike
1956,702,2023-02-04,66883.0,Hike
1957,702,2024-02-04,72654.0,Hike
1958,703,2025-02-10,53930.0,Joining
1959,704,2021-07-20,107544.0,Joining
1960,704,2022-07-20,118525.0,Hike
1961,704,2023-07-20,123779.0,Hike
1962,704,2024-07-19,132310.0,Hike
1963,705,2025-06-06,35959.0,Joining
1964,706,2011-09-21,65530.0,Joining
1965,706,2012-09-20,70510.0,Hike
1966,706,2013-09-20,73964.0,Hike
1967,706,2014-09-20,79142.0,Hike
1968,706,2015-09-20,84569.0,Hike
1969,706,2016-09-19,91560.0,Hike
1970,707,2022-11-11,36510.0,Joining
1971,707,2023-11-11,37408.0,Hike
1972,707,2024-11-10,39716.0,Hike
1973,708,2024-07-05,62349.0,Joining
1974,709,2024-12-08,51118.0,Joining
1975,710,2025-12-31,67567.0,Joining
1976,711,2025-11-27,44763.0,Joining
1977,712,2022-10-07,111849.0,Joining
1978,712,2023-10-07,119902.0,Hike
1979,712,2024-10-06,128628.0,Hike
1980,713,2024-06-15,132362.0,Joining
1981,714,2021-07-29,55249.0,Joining
1982,714,2022-07-29,57789.0,Hike
1983,714,2023-07-29,60613.0,Hike
1984,714,2024-07-28,64056.0,Hike
1985,715,2024-03-21,101421.0,Joining
1986,716,2024-12-20,77245.0,Joining
1987,717,2024-10-14,62425.0,Joining
1988,718,2021-03-27,39315.0,Joining
1989,718,2022-03-27,40753.0,Hike
1990,718,2023-03-27,42420.0,Hike
1991,718,2024-03-26,44442.0,Hike
1992,719,2025-07-31,105033.0,Joining
1993,720,2016-08-06,51021.0,Joining
1994,720,2017-08-06,54406.0,Hike
1995,720,2018-08-06,59277.0,Hike
1996,720,2019-08-06,63576.0,Hike
1997,720,2020-08-05,68729.0,Hike
1998,720,2021-08-05,73133.0,Hike
1999,721,2016-11-23,67070.0,Joining
2000,721,2017-11-23,73418.0,Hike
2001,721,2018-11-23,80272.0,Hike
2002,721,2019-11-23,85975.0,Hike
2003,721,2020-11-22,89816.0,Hike
2004,721,2021-11-22,94521.0,Hike
2005,722,2024-07-07,43877.0,Joining
2006,723,2025-01-24,48878.0,Joining
2007,724,2022-12-18,34722.0,Joining
2008,724,2023-12-18,36992.0,Hike
2009,724,2024-12-17,40762.0,Hike
2010,725,2025-08-19,65289.0,Joining
2011,726,2024-04-21,41594.0,Joining
2012,727,2021-04-28,55291.0,Joining
2013,727,2022-04-28,58716.0,Hike
2014,727,2023-04-28,61968.0,Hike
2015,727,2024-04-27,64848.0,Hike
2016,728,2021-07-07,43979.0,Joining
2017,728,2022-07-07,46194.0,Hike
2018,728,2023-07-07,50277.0,Hike
2019,728,2024-07-06,53937.0,Hike
2020,729,2023-04-17,44687.0,Joining
2021,729,2024-04-16,46488.0,Hike
2022,730,2018-03-23,109097.0,Joining
2023,730,2019-03-23,115407.0,Hike
2024,730,2020-03-22,123680.0,Hike
2025,730,2021-03-22,130805.0,Hike
2026,730,2022-03-22,135821.0,Hike
2027,730,2023-03-22,143953.0,Hike
2028,731,2024-01-11,44188.0,Joining
2029,732,2020-09-19,37303.0,Joining
2030,732,2021-09-19,39680.0,Hike
2031,732,2022-09-19,42858.0,Hike
2032,732,2023-09-19,45051.0,Hike
2033,732,2024-09-18,46329.0,Hike
2034,733,2021-09-24,65175.0,Joining
2035,733,2022-09-24,68221.0,Hike
2036,733,2023-09-24,73805.0,Hike
2037,733,2024-09-23,79401.0,Hike
2038,734,2023-12-06,45990.0,Joining
2039,734,2024-12-05,47136.0,Hike
2040,735,2021-03-14,56309.0,Joining
2041,735,2022-03-14,61744.0,Hike
2042,735,2023-03-14,67507.0,Hike
2043,735,2024-03-13,72509.0,Hike
2044,736,2020-01-23,46816.0,Joining
2045,736,2021-01-22,51371.0,Hike
2046,736,2022-01-22,55921.0,Hike
2047,736,2023-01-22,60892.0,Hike
2048,736,2024-01-22,66052.0,Hike
2049,737,2022-12-30,57665.0,Joining
2050,737,2023-12-30,59726.0,Hike
2051,737,2024-12-29,64814.0,Hike
2052,738,2004-04-03,53495.0,Joining
2053,738,2005-04-03,56680.0,Hike
2054,738,2006-04-03,57803.0,Hike
2055,738,2007-04-03,61243.0,Hike
2056,738,2008-04-02,66741.0,Hike
2057,738,2009-04-02,72985.0,Hike
2058,739,2022-03-20,60058.0,Joining
2059,739,2023-03-20,63053.0,Hike
2060,739,2024-03-19,68801.0,Hike
2061,740,2021-06-28,29066.0,Joining
2062,740,2022-06-28,30440.0,Hike
2063,740,2023-06-28,32945.0,Hike
2064,740,2024-06-27,36131.0,Hike
2065,741,2021-11-20,26502.0,Joining
2066,741,2022-11-20,27742.0,Hike
2067,741,2023-11-20,28970.0,Hike
2068,741,2024-11-19,31389.0,Hike
2069,742,2024-06-17,62898.0,Joining
2070,743,2024-09-24,61382.0,Joining
2071,744,2024-03-21,101518.0,Joining
2072,745,2023-08-21,49973.0,Joining
2073,745,2024-08-20,51869.0,Hike
2074,746,2023-03-23,37122.0,Joining
2075,746,2024-03-22,40133.0,Hike
2076,747,2025-06-26,72411.0,Joining
2077,748,2015-07-07,40062.0,Joining
2078,748,2016-07-06,42468.0,Hike
2079,748,2017-07-06,45025.0,Hike
2080,748,2018-07-06,48488.0,Hike
2081,748,2019-07-06,52417.0,Hike
2082,748,2020-07-05,57676.0,Hike
2083,749,2022-02-03,78766.0,Joining
2084,749,2023-02-03,85498.0,Hike
2085,749,2024-02-03,92416.0,Hike
2086,750,2025-08-19,41081.0,Joining
2087,751,2024-01-19,49607.0,Joining
2088,752,2017-08-14,44859.0,Joining
2089,752,2018-08-14,48003.0,Hike
2090,752,2019-08-14,51316.0,Hike
2091,752,2020-08-13,56117.0,Hike
2092,752,2021-08-13,58453.0,Hike
2093,752,2022-08-13,62380.0,Hike
2094,753,2025-07-24,59299.0,Joining
2095,754,2023-08-27,51472.0,Joining
2096,754,2024-08-26,54088.0,Hike
2097,755,2024-08-19,57769.0,Joining
2098,756,2023-05-10,73864.0,Joining
2099,756,2024-05-09,76476.0,Hike
2100,757,2021-09-20,31522.0,Joining
2101,757,2022-09-20,32647.0,Hike
2102,757,2023-09-20,34967.0,Hike
2103,757,2024-09-19,36416.0,Hike
2104,758,2021-01-02,115081.0,Joining
2105,758,2022-01-02,123733.0,Hike
2106,758,2023-01-02,132367.0,Hike
2107,758,2024-01-02,142668.0,Hike
2108,759,2025-08-03,32803.0,Joining
2109,760,2018-03-24,29105.0,Joining
2110,760,2019-03-24,30804.0,Hike
2111,760,2020-03-23,32439.0,Hike
2112,760,2021-03-23,34731.0,Hike
2113,760,2022-03-23,36138.0,Hike
2114,760,2023-03-23,38139.0,Hike
2115,761,2025-03-18,44745.0,Joining
2116,762,2021-07-12,31601.0,Joining
2117,762,2022-07-12,34001.0,Hike
2118,762,2023-07-12,36374.0,Hike
2119,762,2024-07-11,38005.0,Hike
2120,763,2018-07-28,57192.0,Joining
2121,763,2019-07-28,61951.0,Hike
2122,763,2020-07-27,67763.0,Hike
2123,763,2021-07-27,74016.0,Hike
2124,763,2022-07-27,79257.0,Hike
2125,763,2023-07-27,84799.0,Hike
2126,764,2023-05-19,99903.0,Joining
2127,764,2024-05-18,107053.0,Hike
2128,765,2025-03-12,53820.0,Joining
2129,766,2022-09-18,48762.0,Joining
2130,766,2023-09-18,52504.0,Hike
2131,766,2024-09-17,54715.0,Hike
2132,767,2025-11-19,56552.0,Joining
2133,768,2020-02-21,43073.0,Joining
2134,768,2021-02-20,45153.0,Hike
2135,768,2022-02-20,49246.0,Hike
2136,768,2023-02-20,52726.0,Hike
2137,768,2024-02-20,54158.0,Hike
2138,769,2021-08-02,50529.0,Joining
2139,769,2022-08-02,55740.0,Hike
2140,769,2023-08-02,58128.0,Hike
2141,769,2024-08-01,62171.0,Hike
2142,770,2022-01-16,50472.0,Joining
2143,770,2023-01-16,54507.0,Hike
2144,770,2024-01-16,60318.0,Hike
2145,771,2024-08-09,110288.0,Joining
2146,772,2025-02-03,36926.0,Joining
2147,773,2018-06-16,68910.0,Joining
2148,773,2019-06-16,75088.0,Hike
2149,773,2020-06-15,78633.0,Hike
2150,773,2021-06-15,82834.0,Hike
2151,773,2022-06-15,86993.0,Hike
2152,773,2023-06-15,93321.0,Hike
2153,774,2025-02-25,42853.0,Joining
2154,775,2024-12-04,67132.0,Joining
2155,776,2025-04-24,55689.0,Joining
2156,777,2018-06-24,79651.0,Joining
2157,777,2019-06-24,85773.0,Hike
2158,777,2020-06-23,88918.0,Hike
2159,777,2021-06-23,95316.0,Hike
2160,777,2022-06-23,103986.0,Hike
2161,777,2023-06-23,110913.0,Hike
2162,778,2019-10-13,68063.0,Joining
2163,778,2020-10-12,70111.0,Hike
2164,778,2021-10-12,75046.0,Hike
2165,778,2022-10-12,77904.0,Hike
2166,778,2023-10-12,82487.0,Hike
2167,778,2024-10-11,87523.0,Hike
2168,779,2021-01-12,60638.0,Joining
2169,779,2022-01-12,65195.0,Hike
2170,779,2023-01-12,68812.0,Hike
2171,779,2024-01-12,74018.0,Hike
2172,780,2025-08-19,40378.0,Joining
2173,781,2023-04-18,28548.0,Joining
2174,781,2024-04-17,30124.0,Hike
2175,782,2025-08-16,45424.0,Joining
2176,783,2023-08-23,97626.0,Joining
2177,783,2024-08-22,106899.0,Hike
2178,784,2024-04-27,96622.0,Joining
2179,785,2024-03-12,45487.0,Joining
2180,786,2021-02-25,34302.0,Joining
2181,786,2022-02-25,36218.0,Hike
2182,786,2023-02-25,40165.0,Hike
2183,786,2024-02-25,43380.0,Hike
2184,787,2021-04-25,78902.0,Joining
2185,787,2022-04-25,84359.0,Hike
2186,787,2023-04-25,87713.0,Hike
2187,787,2024-04-24,94278.0,Hike
2188,788,2024-09-23,44767.0,Joining
2189,789,2015-01-25,75792.0,Joining
2190,789,2016-01-25,81399.0,Hike
2191,789,2017-01-24,87709.0,Hike
2192,789,2018-01-24,94519.0,Hike
2193,789,2019-01-24,101429.0,Hike
2194,789,2020-01-24,105571.0,Hike
2195,790,2021-11-12,30422.0,Joining
2196,790,2022-11-12,33086.0,Hike
2197,790,2023-11-12,35249.0,Hike
2198,790,2024-11-11,37937.0,Hike
2199,791,2025-12-05,39909.0,Joining
2200,792,2024-01-15,71420.0,Joining
2201,793,2022-09-18,82085.0,Joining
2202,793,2023-09-18,87206.0,Hike
2203,793,2024-09-17,94092.0,Hike
2204,794,2025-02-17,67747.0,Joining
2205,795,2025-06-20,57489.0,Joining
2206,796,2019-06-21,56598.0,Joining
2207,796,2020-06-20,60775.0,Hike
2208,796,2021-06-20,64620.0,Hike
2209,796,2022-06-20,68932.0,Hike
2210,796,2023-06-20,74055.0,Hike
2211,796,2024-06-19,80403.0,Hike
2212,797,2022-06-10,40423.0,Joining
2213,797,2023-06-10,44323.0,Hike
2214,797,2024-06-09,47858.0,Hike
2215,798,2017-05-28,41111.0,Joining
2216,798,2018-05-28,43812.0,Hike
2217,798,2019-05-28,46668.0,Hike
2218,798,2020-05-27,51361.0,Hike
2219,798,2021-05-27,54512.0,Hike
2220,798,2022-05-27,58949.0,Hike
2221,799,2013-10-13,63737.0,Joining
2222,799,2014-10-13,66495.0,Hike
2223,799,2015-10-13,67782.0,Hike
2224,799,2016-10-12,72250.0,Hike
2225,799,2017-10-12,75780.0,Hike
2226,799,2018-10-12,78491.0,Hike
2227,800,2024-03-12,45363.0,Joining
2228,801,2017-02-24,57473.0,Joining
2229,801,2018-02-24,62865.0,Hike
2230,801,2019-02-24,68447.0,Hike
2231,801,2020-02-24,72519.0,Hike
2232,801,2021-02-23,76562.0,Hike
2233,801,2022-02-23,78889.0,Hike
2234,802,2021-06-23,26899.0,Joining
2235,802,2022-06-23,27724.0,Hike
2236,802,2023-06-23,29347.0,Hike
2237,802,2024-06-22,31183.0,Hike
2238,803,2022-06-10,59887.0,Joining
2239,803,2023-06-10,65482.0,Hike
2240,803,2024-06-09,69524.0,Hike
2241,804,2025-01-02,55847.0,Joining
2242,805,2015-04-04,81562.0,Joining
2243,805,2016-04-03,89781.0,Hike
2244,805,2017-04-03,97757.0,Hike
2245,805,2018-04-03,100852.0,Hike
2246,805,2019-04-03,107247.0,Hike
2247,805,2020-04-02,113485.0,Hike
2248,806,2024-09-01,42724.0,Joining
2249,807,2021-12-11,57291.0,Joining
2250,807,2022-12-11,58863.0,Hike
2251,807,2023-12-11,63212.0,Hike
2252,807,2024-12-10,68062.0,Hike
2253,808,2024-11-25,58935.0,Joining
2254,809,2009-10-20,125762.0,Joining
2255,809,2010-10-20,134517.0,Hike
2256,809,2011-10-20,144342.0,Hike
2257,809,2012-10-19,161398.0,Hike
2258,809,2013-10-19,167380.0,Hike
2259,809,2014-10-19,180642.0,Hike
2260,810,2016-10-05,46657.0,Joining
2261,810,2017-10-05,50565.0,Hike
2262,810,2018-10-05,53617.0,Hike
2263,810,2019-10-05,57067.0,Hike
2264,810,2020-10-04,59755.0,Hike
2265,810,2021-10-04,61973.0,Hike
2266,811,2020-04-20,49596.0,Joining
2267,811,2021-04-20,55093.0,Hike
2268,811,2022-04-20,59178.0,Hike
2269,811,2023-04-20,61223.0,Hike
2270,811,2024-04-19,63781.0,Hike
2271,812,2025-03-21,67416.0,Joining
2272,813,2018-11-06,72968.0,Joining
2273,813,2019-11-06,79752.0,Hike
2274,813,2020-11-05,86460.0,Hike
2275,813,2021-11-05,93437.0,Hike
2276,813,2022-11-05,101383.0,Hike
2277,813,2023-11-05,113806.0,Hike
2278,814,2023-12-31,50133.0,Joining
2279,814,2024-12-30,52867.0,Hike
2280,815,2021-11-01,48481.0,Joining
2281,815,2022-11-01,52464.0,Hike
2282,815,2023-11-01,56490.0,Hike
2283,815,2024-10-31,60720.0,Hike
2284,816,2025-03-12,66034.0,Joining
2285,817,2016-10-22,74413.0,Joining
2286,817,2017-10-22,78425.0,Hike
2287,817,2018-10-22,85065.0,Hike
2288,817,2019-10-22,93009.0,Hike
2289,817,2020-10-21,99553.0,Hike
2290,817,2021-10-21,105967.0,Hike
2291,818,2019-10-10,45590.0,Joining
2292,818,2020-10-09,48998.0,Hike
2293,818,2021-10-09,50923.0,Hike
2294,818,2022-10-09,54865.0,Hike
2295,818,2023-10-09,59258.0,Hike
2296,818,2024-10-08,62355.0,Hike
2297,819,2023-08-26,46446.0,Joining
2298,819,2024-08-25,48783.0,Hike
2299,820,2024-07-08,90624.0,Joining
2300,821,2024-05-23,124298.0,Joining
2301,822,2019-05-27,38594.0,Joining
2302,822,2020-05-26,43220.0,Hike
2303,822,2021-05-26,44800.0,Hike
2304,822,2022-05-26,47830.0,Hike
2305,822,2023-05-26,50901.0,Hike
2306,822,2024-05-25,53914.0,Hike
2307,823,2023-11-05,60130.0,Joining
2308,823,2024-11-04,65510.0,Hike
2309,824,2025-05-04,65937.0,Joining
2310,825,2025-09-01,56512.0,Joining
2311,826,2019-12-30,45493.0,Joining
2312,826,2020-12-29,48636.0,Hike
2313,826,2021-12-29,51736.0,Hike
2314,826,2022-12-29,56504.0,Hike
2315,826,2023-12-29,62061.0,Hike
2316,826,2024-12-28,64740.0,Hike
2317,827,2024-05-04,41555.0,Joining
2318,828,2024-05-26,29172.0,Joining
2319,829,2024-08-01,70298.0,Joining
2320,830,2015-03-28,49954.0,Joining
2321,830,2016-03-27,52172.0,Hike
2322,830,2017-03-27,54847.0,Hike
2323,830,2018-03-27,58551.0,Hike
2324,830,2019-03-27,60431.0,Hike
2325,830,2020-03-26,65244.0,Hike
2326,831,2023-12-12,43330.0,Joining
2327,831,2024-12-11,45924.0,Hike
2328,832,2021-03-02,53325.0,Joining
2329,832,2022-03-02,58030.0,Hike
2330,832,2023-03-02,63145.0,Hike
2331,832,2024-03-01,68356.0,Hike
2332,833,2024-12-21,73909.0,Joining
2333,834,2025-04-30,41079.0,Joining
2334,835,2024-06-02,35984.0,Joining
2335,836,2022-11-08,40724.0,Joining
2336,836,2023-11-08,43485.0,Hike
2337,836,2024-11-07,48137.0,Hike
2338,837,2019-03-12,36842.0,Joining
2339,837,2020-03-11,39485.0,Hike
2340,837,2021-03-11,42596.0,Hike
2341,837,2022-03-11,46634.0,Hike
2342,837,2023-03-11,50189.0,Hike
2343,837,2024-03-10,53568.0,Hike
2344,838,2025-12-14,43783.0,Joining
2345,839,2025-08-22,71073.0,Joining
2346,840,2017-03-08,41125.0,Joining
2347,840,2018-03-08,44555.0,Hike
2348,840,2019-03-08,49528.0,Hike
2349,840,2020-03-07,52279.0,Hike
2350,840,2021-03-07,55369.0,Hike
2351,840,2022-03-07,60036.0,Hike
2352,841,2024-11-28,75924.0,Joining
2353,842,2025-08-22,31034.0,Joining
2354,843,2024-02-10,39823.0,Joining
2355,844,2025-06-15,37582.0,Joining
2356,845,2023-09-04,81911.0,Joining
2357,845,2024-09-03,87203.0,Hike
2358,846,2025-11-12,42517.0,Joining
2359,847,2024-03-04,38620.0,Joining
2360,848,2022-05-15,39481.0,Joining
2361,848,2023-05-15,41489.0,Hike
2362,848,2024-05-14,44134.0,Hike
2363,849,2025-07-21,60467.0,Joining
2364,850,2021-02-05,36671.0,Joining
2365,850,2022-02-05,38960.0,Hike
2366,850,2023-02-05,42690.0,Hike
2367,850,2024-02-05,45684.0,Hike
2368,851,2024-07-29,32966.0,Joining
2369,852,2025-07-26,58496.0,Joining
2370,853,2015-03-14,34468.0,Joining
2371,853,2016-03-13,36435.0,Hike
2372,853,2017-03-13,38412.0,Hike
2373,853,2018-03-13,40938.0,Hike
2374,853,2019-03-13,44168.0,Hike
2375,853,2020-03-12,48345.0,Hike
2376,854,2020-11-04,29430.0,Joining
2377,854,2021-11-04,31603.0,Hike
2378,854,2022-11-04,34518.0,Hike
2379,854,2023-11-04,37538.0,Hike
2380,854,2024-11-03,39483.0,Hike
2381,855,2018-10-29,52618.0,Joining
2382,855,2019-10-29,56331.0,Hike
2383,855,2020-10-28,60379.0,Hike
2384,855,2021-10-28,67093.0,Hike
2385,855,2022-10-28,71274.0,Hike
2386,855,2023-10-28,74600.0,Hike
2387,856,2024-12-01,57374.0,Joining
2388,857,2025-07-09,44162.0,Joining
2389,858,2025-12-09,41853.0,Joining
2390,859,2022-03-11,45995.0,Joining
2391,859,2023-03-11,49047.0,Hike
2392,859,2024-03-10,52945.0,Hike
2393,860,2024-12-08,30164.0,Joining
2394,861,2014-01-17,63879.0,Joining
2395,861,2015-01-17,68607.0,Hike
2396,861,2016-01-17,74199.0,Hike
2397,861,2017-01-16,78902.0,Hike
2398,861,2018-01-16,84703.0,Hike
2399,861,2019-01-16,87009.0,Hike
2400,862,2021-04-18,40544.0,Joining
2401,862,2022-04-18,43020.0,Hike
2402,862,2023-04-18,45640.0,Hike
2403,862,2024-04-17,48756.0,Hike
2404,863,2025-06-21,72873.0,Joining
2405,864,2024-08-21,45378.0,Joining
2406,865,2020-10-20,58759.0,Joining
2407,865,2021-10-20,63633.0,Hike
2408,865,2022-10-20,68037.0,Hike
2409,865,2023-10-20,73107.0,Hike
2410,865,2024-10-19,78104.0,Hike
2411,866,2013-11-02,44947.0,Joining
2412,866,2014-11-02,49271.0,Hike
2413,866,2015-11-02,51534.0,Hike
2414,866,2016-11-01,55310.0,Hike
2415,866,2017-11-01,58406.0,Hike
2416,866,2018-11-01,63751.0,Hike
2417,867,2017-12-30,40221.0,Joining
2418,867,2018-12-30,42553.0,Hike
2419,867,2019-12-30,46859.0,Hike
2420,867,2020-12-29,50351.0,Hike
2421,867,2021-12-29,55399.0,Hike
2422,867,2022-12-29,58690.0,Hike
2423,868,2023-10-09,63871.0,Joining
2424,868,2024-10-08,69536.0,Hike
2425,869,2024-08-29,39473.0,Joining
2426,870,2022-03-03,32163.0,Joining
2427,870,2023-03-03,34090.0,Hike
2428,870,2024-03-02,37084.0,Hike
2429,871,2023-08-26,61768.0,Joining
2430,871,2024-08-25,67051.0,Hike
2431,872,2019-01-03,29209.0,Joining
2432,872,2020-01-03,31259.0,Hike
2433,872,2021-01-02,32916.0,Hike
2434,872,2022-01-02,36147.0,Hike
2435,872,2023-01-02,37761.0,Hike
2436,872,2024-01-02,40665.0,Hike
2437,873,2021-06-12,48354.0,Joining
2438,873,2022-06-12,51424.0,Hike
2439,873,2023-06-12,56484.0,Hike
2440,873,2024-06-11,59129.0,Hike
2441,874,2025-01-18,60817.0,Joining
2442,875,2024-09-18,70089.0,Joining
2443,876,2022-08-19,54660.0,Joining
2444,876,2023-08-19,57498.0,Hike
2445,876,2024-08-18,61390.0,Hike
2446,877,2022-03-27,50601.0,Joining
2447,877,2023-03-27,54801.0,Hike
2448,877,2024-03-26,58389.0,Hike
2449,878,2019-06-06,38493.0,Joining
2450,878,2020-06-05,42560.0,Hike
2451,878,2021-06-05,44786.0,Hike
2452,878,2022-06-05,47662.0,Hike
2453,878,2023-06-05,51037.0,Hike
2454,878,2024-06-04,55356.0,Hike
2455,879,2024-08-07,68776.0,Joining
2456,880,2024-12-11,32283.0,Joining
2457,881,2025-11-12,100142.0,Joining
2458,882,2017-12-09,93288.0,Joining
2459,882,2018-12-09,99632.0,Hike
2460,882,2019-12-09,105821.0,Hike
2461,882,2020-12-08,111688.0,Hike
2462,882,2021-12-08,120716.0,Hike
2463,882,2022-12-08,130261.0,Hike
2464,883,2023-08-01,92225.0,Joining
2465,883,2024-07-31,101908.0,Hike
2466,884,2022-06-16,40439.0,Joining
2467,884,2023-06-16,43479.0,Hike
2468,884,2024-06-15,46757.0,Hike
2469,885,2015-06-12,35617.0,Joining
2470,885,2016-06-11,38759.0,Hike
2471,885,2017-06-11,42440.0,Hike
2472,885,2018-06-11,45076.0,Hike
2473,885,2019-06-11,47784.0,Hike
2474,885,2020-06-10,52422.0,Hike
2475,886,2023-06-26,81055.0,Joining
2476,886,2024-06-25,85127.0,Hike
2477,887,2025-04-29,83767.0,Joining
2478,888,2024-06-26,50596.0,Joining
2479,889,2018-10-18,41072.0,Joining
2480,889,2019-10-18,43271.0,Hike
2481,889,2020-10-17,47981.0,Hike
2482,889,2021-10-17,51527.0,Hike
2483,889,2022-10-17,54111.0,Hike
2484,889,2023-10-17,57221.0,Hike
2485,890,2023-09-22,53705.0,Joining
2486,890,2024-09-21,58692.0,Hike
2487,891,2023-01-26,123299.0,Joining
2488,891,2024-01-26,131415.0,Hike
2489,892,2024-04-26,26205.0,Joining
2490,893,2024-12-30,61024.0,Joining
2491,894,2019-02-28,47469.0,Joining
2492,894,2020-02-28,51853.0,Hike
2493,894,2021-02-27,56139.0,Hike
2494,894,2022-02-27,58240.0,Hike
2495,894,2023-02-27,59153.0,Hike
2496,894,2024-02-27,62921.0,Hike
2497,895,2022-05-28,109143.0,Joining
2498,895,2023-05-28,118221.0,Hike
2499,895,2024-05-27,121803.0,Hike
2500,896,2025-05-02,50872.0,Joining
2501,897,2023-01-09,43541.0,Joining
2502,897,2024-01-09,46798.0,Hike
2503,898,2021-05-27,71302.0,Joining
2504,898,2022-05-27,77056.0,Hike
2505,898,2023-05-27,82085.0,Hike
2506,898,2024-05-26,87180.0,Hike
2507,899,2019-05-04,61296.0,Joining
2508,899,2020-05-03,64903.0,Hike
2509,899,2021-05-03,66841.0,Hike
2510,899,2022-05-03,71958.0,Hike
2511,899,2023-05-03,76597.0,Hike
2512,899,2024-05-02,81821.0,Hike
2513,900,2023-02-21,33902.0,Joining
2514,900,2024-02-21,35554.0,Hike
2515,901,2023-07-26,49043.0,Joining
2516,901,2024-07-25,52103.0,Hike
2517,902,2025-06-25,46027.0,Joining
2518,903,2023-02-19,47174.0,Joining
2519,903,2024-02-19,50361.0,Hike
2520,904,2024-05-01,36958.0,Joining
2521,905,2025-04-10,77620.0,Joining
2522,906,2024-07-26,29539.0,Joining
2523,907,2025-08-31,60154.0,Joining
2524,908,2025-12-06,45459.0,Joining
2525,909,2025-12-01,38976.0,Joining
2526,910,2021-02-16,39178.0,Joining
2527,910,2022-02-16,41181.0,Hike
2528,910,2023-02-16,42823.0,Hike
2529,910,2024-02-16,46980.0,Hike
2530,911,2023-09-19,43739.0,Joining
2531,911,2024-09-18,48094.0,Hike
2532,912,2022-06-27,70829.0,Joining
2533,912,2023-06-27,75415.0,Hike
2534,912,2024-06-26,83571.0,Hike
2535,913,2007-04-21,95949.0,Joining
2536,913,2008-04-20,100374.0,Hike
2537,913,2009-04-20,111000.0,Hike
2538,913,2010-04-20,116467.0,Hike
2539,913,2011-04-20,121966.0,Hike
2540,913,2012-04-19,130333.0,Hike
2541,914,2021-06-27,39419.0,Joining
2542,914,2022-06-27,42084.0,Hike
2543,914,2023-06-27,45189.0,Hike
2544,914,2024-06-26,47986.0,Hike
2545,915,2017-12-17,41611.0,Joining
2546,915,2018-12-17,44252.0,Hike
2547,915,2019-12-17,46580.0,Hike
2548,915,2020-12-16,48918.0,Hike
2549,915,2021-12-16,54026.0,Hike
2550,915,2022-12-16,57142.0,Hike
2551,916,2023-01-25,39480.0,Joining
2552,916,2024-01-25,43120.0,Hike
2553,917,2017-06-12,76678.0,Joining
2554,917,2018-06-12,80715.0,Hike
2555,917,2019-06-12,87315.0,Hike
2556,917,2020-06-11,92795.0,Hike
2557,917,2021-06-11,102050.0,Hike
2558,917,2022-06-11,106616.0,Hike
2559,918,2017-08-12,37952.0,Joining
2560,918,2018-08-12,39542.0,Hike
2561,918,2019-08-12,41565.0,Hike
2562,918,2020-08-11,45283.0,Hike
2563,918,2021-08-11,49146.0,Hike
2564,918,2022-08-11,53064.0,Hike
2565,919,2025-12-14,54120.0,Joining
2566,920,2024-04-29,41036.0,Joining
2567,921,2024-11-14,25645.0,Joining
2568,922,2025-11-08,117587.0,Joining
2569,923,2025-05-01,51414.0,Joining
2570,924,2024-04-26,76575.0,Joining
2571,925,2023-08-09,108746.0,Joining
2572,925,2024-08-08,115902.0,Hike
2573,926,2025-01-28,79758.0,Joining
2574,927,2024-01-30,55434.0,Joining
2575,928,2019-04-05,41298.0,Joining
2576,928,2020-04-04,45262.0,Hike
2577,928,2021-04-04,48400.0,Hike
2578,928,2022-04-04,51711.0,Hike
2579,928,2023-04-04,55915.0,Hike
2580,928,2024-04-03,60387.0,Hike
2581,929,2024-02-25,69105.0,Joining
2582,930,2017-09-11,41452.0,Joining
2583,930,2018-09-11,44038.0,Hike
2584,930,2019-09-11,46247.0,Hike
2585,930,2020-09-10,49884.0,Hike
2586,930,2021-09-10,54208.0,Hike
2587,930,2022-09-10,58771.0,Hike
2588,931,2024-01-20,33859.0,Joining
2589,932,2025-02-26,107166.0,Joining
2590,933,2024-11-23,32505.0,Joining
2591,934,2023-11-05,31014.0,Joining
2592,934,2024-11-04,32950.0,Hike
2593,935,2021-11-23,43626.0,Joining
2594,935,2022-11-23,45571.0,Hike
2595,935,2023-11-23,49301.0,Hike
2596,935,2024-11-22,55136.0,Hike
2597,936,2024-07-07,46955.0,Joining
2598,937,2025-12-31,38060.0,Joining
2599,938,2017-11-13,55937.0,Joining
2600,938,2018-11-13,58905.0,Hike
2601,938,2019-11-13,63200.0,Hike
2602,938,2020-11-12,68540.0,Hike
2603,938,2021-11-12,73081.0,Hike
2604,938,2022-11-12,78862.0,Hike
2605,939,2023-07-16,67187.0,Joining
2606,939,2024-07-15,71603.0,Hike
2607,940,2020-03-05,34119.0,Joining
2608,940,2021-03-05,35450.0,Hike
2609,940,2022-03-05,38110.0,Hike
2610,940,2023-03-05,40252.0,Hike
2611,940,2024-03-04,42923.0,Hike
2612,941,2020-09-23,28250.0,Joining
2613,941,2021-09-23,31475.0,Hike
2614,941,2022-09-23,34328.0,Hike
2615,941,2023-09-23,37065.0,Hike
2616,941,2024-09-22,39066.0,Hike
2617,942,2024-06-13,94189.0,Joining
2618,943,2025-05-30,61579.0,Joining
2619,944,2022-07-15,35082.0,Joining
2620,944,2023-07-15,38032.0,Hike
2621,944,2024-07-14,41345.0,Hike
2622,945,2023-12-23,35992.0,Joining
2623,945,2024-12-22,37581.0,Hike
2624,946,2019-04-13,25436.0,Joining
2625,946,2020-04-12,26705.0,Hike
2626,946,2021-04-12,28427.0,Hike
2627,946,2022-04-12,31175.0,Hike
2628,946,2023-04-12,33816.0,Hike
2629,946,2024-04-11,35849.0,Hike
2630,947,2024-03-05,90914.0,Joining
2631,948,2024-12-14,69533.0,Joining
2632,949,2024-08-13,58796.0,Joining
2633,950,2024-03-20,46289.0,Joining
2634,951,2025-03-29,45955.0,Joining
2635,952,2024-06-27,61794.0,Joining
2636,953,2025-07-11,70962.0,Joining
2637,954,2025-02-09,38337.0,Joining
2638,955,2024-07-11,70831.0,Joining
2639,956,2023-09-15,48779.0,Joining
2640,956,2024-09-14,53903.0,Hike
2641,957,2018-02-09,36524.0,Joining
2642,957,2019-02-09,39299.0,Hike
2643,957,2020-02-09,42632.0,Hike
2644,957,2021-02-08,47504.0,Hike
2645,957,2022-02-08,50561.0,Hike
2646,957,2023-02-08,55792.0,Hike
2647,958,2014-08-27,114460.0,Joining
2648,958,2015-08-27,120031.0,Hike
2649,958,2016-08-26,128563.0,Hike
2650,958,2017-08-26,139422.0,Hike
2651,958,2018-08-26,150191.0,Hike
2652,958,2019-08-26,158973.0,Hike
2653,959,2025-08-02,96042.0,Joining
2654,960,2025-10-13,64955.0,Joining
2655,961,2025-07-20,87267.0,Joining
2656,962,2024-09-14,58901.0,Joining
2657,963,2025-05-20,83509.0,Joining
2658,964,2018-05-08,61420.0,Joining
2659,964,2019-05-08,66089.0,Hike
2660,964,2020-05-07,68253.0,Hike
2661,964,2021-05-07,71287.0,Hike
2662,964,2022-05-07,76872.0,Hike
2663,964,2023-05-07,80529.0,Hike
2664,965,2021-12-05,41652.0,Joining
2665,965,2022-12-05,44850.0,Hike
2666,965,2023-12-05,46697.0,Hike
2667,965,2024-12-04,50634.0,Hike
2668,966,2025-10-26,40310.0,Joining
2669,967,2021-11-19,78737.0,Joining
2670,967,2022-11-19,83679.0,Hike
2671,967,2023-11-19,88819.0,Hike
2672,967,2024-11-18,93758.0,Hike
2673,968,2024-03-27,29128.0,Joining
2674,969,2024-01-04,55484.0,Joining
2675,970,2024-06-16,61134.0,Joining
2676,971,2025-01-28,64402.0,Joining
2677,972,2022-01-10,39096.0,Joining
2678,972,2023-01-10,41426.0,Hike
2679,972,2024-01-10,45060.0,Hike
2680,973,2025-03-27,112743.0,Joining
2681,974,2016-03-31,53984.0,Joining
2682,974,2017-03-31,57048.0,Hike
2683,974,2018-03-31,62948.0,Hike
2684,974,2019-03-31,67213.0,Hike
2685,974,2020-03-30,71019.0,Hike
2686,974,2021-03-30,78604.0,Hike
2687,975,2018-08-05,69287.0,Joining
2688,975,2019-08-05,75298.0,Hike
2689,975,2020-08-04,83331.0,Hike
2690,975,2021-08-04,91226.0,Hike
2691,975,2022-08-04,98360.0,Hike
2692,975,2023-08-04,104191.0,Hike
2693,976,2021-01-18,40915.0,Joining
2694,976,2022-01-18,42961.0,Hike
2695,976,2023-01-18,46067.0,Hike
2696,976,2024-01-18,49820.0,Hike
2697,977,2018-11-18,37596.0,Joining
2698,977,2019-11-18,40211.0,Hike
2699,977,2020-11-17,43771.0,Hike
2700,977,2021-11-17,47939.0,Hike
2701,977,2022-11-17,50298.0,Hike
2702,977,2023-11-17,52973.0,Hike
2703,978,2025-01-26,34810.0,Joining
2704,979,2016-04-02,51683.0,Joining
2705,979,2017-04-02,55645.0,Hike
2706,979,2018-04-02,59516.0,Hike
2707,979,2019-04-02,64765.0,Hike
2708,979,2020-04-01,65403.0,Hike
2709,979,2021-04-01,69152.0,Hike
2710,980,2023-04-25,26590.0,Joining
2711,980,2024-04-24,28697.0,Hike
2712,981,2025-07-28,49329.0,Joining
2713,982,2022-06-21,43146.0,Joining
2714,982,2023-06-21,45972.0,Hike
2715,982,2024-06-20,47198.0,Hike
2716,983,2023-04-26,50151.0,Joining
2717,983,2024-04-25,55436.0,Hike
2718,984,2024-04-04,29216.0,Joining
2719,985,2023-10-26,41728.0,Joining
2720,985,2024-10-25,45490.0,Hike
2721,986,2024-11-15,35886.0,Joining
2722,987,2023-12-14,46609.0,Joining
2723,987,2024-12-13,49669.0,Hike
2724,988,2022-04-07,63620.0,Joining
2725,988,2023-04-07,68783.0,Hike
2726,988,2024-04-06,73204.0,Hike
2727,989,2020-10-15,65550.0,Joining
2728,989,2021-10-15,69815.0,Hike
2729,989,2022-10-15,74813.0,Hike
2730,989,2023-10-15,77727.0,Hike
2731,989,2024-10-14,84253.0,Hike
2732,990,2019-11-25,40401.0,Joining
2733,990,2020-11-24,41967.0,Hike
2734,990,2021-11-24,45801.0,Hike
2735,990,2022-11-24,49610.0,Hike
2736,990,2023-11-24,52837.0,Hike
2737,990,2024-11-23,58645.0,Hike
2738,991,2020-11-13,68288.0,Joining
2739,991,2021-11-13,68376.0,Hike
2740,991,2022-11-13,74821.0,Hike
2741,991,2023-11-13,79129.0,Hike
2742,991,2024-11-12,86202.0,Hike
2743,992,2023-12-08,32035.0,Joining
2744,992,2024-12-07,34714.0,Hike
2745,993,2025-09-29,37057.0,Joining
2746,994,2025-08-05,117657.0,Joining
2747,995,2013-12-07,108841.0,Joining
2748,995,2014-12-07,116246.0,Hike
2749,995,2015-12-07,120730.0,Hike
2750,995,2016-12-06,127540.0,Hike
2751,995,2017-12-06,132746.0,Hike
2752,995,2018-12-06,145493.0,Hike
2753,996,2025-02-14,48096.0,Joining
2754,997,2021-03-14,37561.0,Joining
2755,997,2022-03-14,40021.0,Hike
2756,997,2023-03-14,43579.0,Hike
2757,997,2024-03-13,46543.0,Hike
2758,998,2023-03-29,52947.0,Joining
2759,998,2024-03-28,56600.0,Hike
2760,999,2023-03-26,56250.0,Joining
2761,999,2024-03-25,59331.0,Hike
2762,1000,2025-01-08,38442.0,Joining
2763,1001,2022-06-29,67640.0,Joining
2764,1001,2023-06-29,72417.0,Hike
2765,1001,2024-06-28,79328.0,Hike
2766,1002,2025-10-13,71182.0,Joining
2767,1003,2025-03-11,121447.0,Joining
2768,1004,2020-05-09,34546.0,Joining
2769,1004,2021-05-09,37541.0,Hike
2770,1004,2022-05-09,40753.0,Hike
2771,1004,2023-05-09,43150.0,Hike
2772,1004,2024-05-08,45961.0,Hike
2773,1005,2024-08-20,34071.0,Joining
2774,1006,2024-08-15,60132.0,Joining
2775,1007,2024-08-05,82647.0,Joining
2776,1008,2024-02-21,32068.0,Joining
2777,1009,2013-08-14,74135.0,Joining
2778,1009,2014-08-14,79216.0,Hike
2779,1009,2015-08-14,85740.0,Hike
2780,1009,2016-08-13,92553.0,Hike
2781,1009,2017-08-13,94409.0,Hike
2782,1009,2018-08-13,100563.0,Hike
2783,1010,2023-01-11,123761.0,Joining
2784,1010,2024-01-11,134135.0,Hike
2785,1011,2023-07-24,104275.0,Joining
2786,1011,2024-07-23,111824.0,Hike
2787,1012,2025-05-12,48332.0,Joining
2788,1013,2016-05-13,32251.0,Joining
2789,1013,2017-05-13,34982.0,Hike
2790,1013,2018-05-13,38710.0,Hike
2791,1013,2019-05-13,40159.0,Hike
2792,1013,2020-05-12,43992.0,Hike
2793,1013,2021-05-12,47559.0,Hike
2794,1014,2023-08-03,55642.0,Joining
2795,1014,2024-08-02,59376.0,Hike
2796,1015,2024-09-11,128522.0,Joining
2797,1016,2025-12-26,58537.0,Joining
2798,1017,2025-04-13,55793.0,Joining
2799,1018,2022-04-13,79623.0,Joining
2800,1018,2023-04-13,87830.0,Hike
2801,1018,2024-04-12,94157.0,Hike
2802,1019,2021-12-27,52362.0,Joining
2803,1019,2022-12-27,57377.0,Hike
2804,1019,2023-12-27,62878.0,Hike
2805,1019,2024-12-26,66605.0,Hike
2806,1020,2019-06-02,32224.0,Joining
2807,1020,2020-06-01,35169.0,Hike
2808,1020,2021-06-01,37533.0,Hike
2809,1020,2022-06-01,39438.0,Hike
2810,1020,2023-06-01,42218.0,Hike
2811,1020,2024-05-31,44565.0,Hike
2812,1021,2023-04-15,43294.0,Joining
2813,1021,2024-04-14,47060.0,Hike
2814,1022,2023-11-02,67852.0,Joining
2815,1022,2024-11-01,72152.0,Hike
2816,1023,2025-02-19,44254.0,Joining
2817,1024,2019-11-04,62737.0,Joining
2818,1024,2020-11-03,68027.0,Hike
2819,1024,2021-11-03,73770.0,Hike
2820,1024,2022-11-03,79649.0,Hike
2821,1024,2023-11-03,85317.0,Hike
2822,1024,2024-11-02,90127.0,Hike
2823,1025,2022-08-31,116191.0,Joining
2824,1025,2023-08-31,123959.0,Hike
2825,1025,2024-08-30,132508.0,Hike
2826,1026,2021-07-20,48395.0,Joining
2827,1026,2022-07-20,52043.0,Hike
2828,1026,2023-07-20,53937.0,Hike
2829,1026,2024-07-19,56734.0,Hike
2830,1027,2017-02-25,30752.0,Joining
2831,1027,2018-02-25,33409.0,Hike
2832,1027,2019-02-25,37034.0,Hike
2833,1027,2020-02-25,40009.0,Hike
2834,1027,2021-02-24,42104.0,Hike
2835,1027,2022-02-24,44332.0,Hike
2836,1028,2018-02-04,61489.0,Joining
2837,1028,2019-02-04,65378.0,Hike
2838,1028,2020-02-04,69929.0,Hike
2839,1028,2021-02-03,77017.0,Hike
2840,1028,2022-02-03,80944.0,Hike
2841,1028,2023-02-03,84079.0,Hike
2842,1029,2022-04-09,31558.0,Joining
2843,1029,2023-04-09,32816.0,Hike
2844,1029,2024-04-08,36566.0,Hike
2845,1030,2022-03-31,75982.0,Joining
2846,1030,2023-03-31,79659.0,Hike
2847,1030,2024-03-30,86112.0,Hike
2848,1031,2025-06-09,39044.0,Joining
2849,1032,2016-08-24,27595.0,Joining
2850,1032,2017-08-24,29079.0,Hike
2851,1032,2018-08-24,31178.0,Hike
2852,1032,2019-08-24,33696.0,Hike
2853,1032,2020-08-23,35206.0,Hike
2854,1032,2021-08-23,37344.0,Hike
2855,1033,2022-08-09,29084.0,Joining
2856,1033,2023-08-09,31583.0,Hike
2857,1033,2024-08-08,34104.0,Hike
2858,1034,2024-04-08,30847.0,Joining
2859,1035,2024-09-06,67545.0,Joining
2860,1036,2021-08-17,62513.0,Joining
2861,1036,2022-08-17,66977.0,Hike
2862,1036,2023-08-17,73304.0,Hike
2863,1036,2024-08-16,78518.0,Hike
2864,1037,2023-05-18,48875.0,Joining
2865,1037,2024-05-17,53368.0,Hike
2866,1038,2024-06-13,43554.0,Joining
2867,1039,2021-12-06,56329.0,Joining
2868,1039,2022-12-06,61230.0,Hike
2869,1039,2023-12-06,64533.0,Hike
2870,1039,2024-12-05,67437.0,Hike
2871,1040,2022-05-11,62392.0,Joining
2872,1040,2023-05-11,69500.0,Hike
2873,1040,2024-05-10,75318.0,Hike
2874,1041,2024-05-18,57096.0,Joining
2875,1042,2025-03-14,83875.0,Joining
2876,1043,2020-01-04,39543.0,Joining
2877,1043,2021-01-03,42182.0,Hike
2878,1043,2022-01-03,45576.0,Hike
2879,1043,2023-01-03,50843.0,Hike
2880,1043,2024-01-03,53186.0,Hike
2881,1044,2021-10-13,37050.0,Joining
2882,1044,2022-10-13,39526.0,Hike
2883,1044,2023-10-13,42053.0,Hike
2884,1044,2024-10-12,45586.0,Hike
2885,1045,2012-12-20,56622.0,Joining
2886,1045,2013-12-20,59394.0,Hike
2887,1045,2014-12-20,65256.0,Hike
2888,1045,2015-12-20,70261.0,Hike
2889,1045,2016-12-19,74283.0,Hike
2890,1045,2017-12-19,76095.0,Hike
2891,1046,2017-07-31,31667.0,Joining
2892,1046,2018-07-31,34755.0,Hike
2893,1046,2019-07-31,36380.0,Hike
2894,1046,2020-07-30,38808.0,Hike
2895,1046,2021-07-30,42373.0,Hike
2896,1046,2022-07-30,45957.0,Hike
2897,1047,2020-06-29,30834.0,Joining
2898,1047,2021-06-29,33481.0,Hike
2899,1047,2022-06-29,35507.0,Hike
2900,1047,2023-06-29,36080.0,Hike
2901,1047,2024-06-28,38105.0,Hike
2902,1048,2024-08-14,59670.0,Joining
2903,1049,2025-08-26,34024.0,Joining
2904,1050,2025-11-20,45430.0,Joining
2905,1051,2024-10-07,31494.0,Joining
2906,1052,2024-09-20,73844.0,Joining
2907,1053,2024-05-23,37968.0,Joining
2908,1054,2021-05-27,59279.0,Joining
2909,1054,2022-05-27,63784.0,Hike
2910,1054,2023-05-27,69093.0,Hike
2911,1054,2024-05-26,74376.0,Hike
2912,1055,2023-05-15,34264.0,Joining
2913,1055,2024-05-14,36400.0,Hike
2914,1056,2016-01-11,73389.0,Joining
2915,1056,2017-01-10,79057.0,Hike
2916,1056,2018-01-10,83322.0,Hike
2917,1056,2019-01-10,86996.0,Hike
2918,1056,2020-01-10,90469.0,Hike
2919,1056,2021-01-09,100330.0,Hike
2920,1057,2021-05-15,38763.0,Joining
2921,1057,2022-05-15,41511.0,Hike
2922,1057,2023-05-15,43827.0,Hike
2923,1057,2024-05-14,47051.0,Hike
2924,1058,2020-04-11,40272.0,Joining
2925,1058,2021-04-11,43860.0,Hike
2926,1058,2022-04-11,46156.0,Hike
2927,1058,2023-04-11,49984.0,Hike
2928,1058,2024-04-10,53332.0,Hike
2929,1059,2025-02-07,59144.0,Joining
2930,1060,2016-01-04,31983.0,Joining
2931,1060,2017-01-03,35038.0,Hike
2932,1060,2018-01-03,36060.0,Hike
2933,1060,2019-01-03,38391.0,Hike
2934,1060,2020-01-03,40096.0,Hike
2935,1060,2021-01-02,42787.0,Hike
2936,1061,2017-10-01,56420.0,Joining
2937,1061,2018-10-01,59924.0,Hike
2938,1061,2019-10-01,66665.0,Hike
2939,1061,2020-09-30,72527.0,Hike
2940,1061,2021-09-30,80740.0,Hike
2941,1061,2022-09-30,88021.0,Hike
2942,1062,2024-11-27,26506.0,Joining
2943,1063,2024-02-04,41524.0,Joining
2944,1064,2011-05-06,36101.0,Joining
2945,1064,2012-05-05,38873.0,Hike
2946,1064,2013-05-05,42622.0,Hike
2947,1064,2014-05-05,45241.0,Hike
2948,1064,2015-05-05,48984.0,Hike
2949,1064,2016-05-04,52490.0,Hike
2950,1065,2018-02-03,74298.0,Joining
2951,1065,2019-02-03,79176.0,Hike
2952,1065,2020-02-03,83691.0,Hike
2953,1065,2021-02-02,92694.0,Hike
2954,1065,2022-02-02,95981.0,Hike
2955,1065,2023-02-02,102809.0,Hike
2956,1066,2023-10-08,59476.0,Joining
2957,1066,2024-10-07,63153.0,Hike
2958,1067,2017-11-15,54685.0,Joining
2959,1067,2018-11-15,61350.0,Hike
2960,1067,2019-11-15,64714.0,Hike
2961,1067,2020-11-14,69282.0,Hike
2962,1067,2021-11-14,73419.0,Hike
2963,1067,2022-11-14,78756.0,Hike
2964,1068,2024-03-30,95325.0,Joining
2965,1069,2024-03-20,54372.0,Joining
2966,1070,2022-10-01,48470.0,Joining
2967,1070,2023-10-01,50951.0,Hike
2968,1070,2024-09-30,53879.0,Hike
2969,1071,2019-11-16,53863.0,Joining
2970,1071,2020-11-15,58212.0,Hike
2971,1071,2021-11-15,62418.0,Hike
2972,1071,2022-11-15,67583.0,Hike
2973,1071,2023-11-15,72731.0,Hike
2974,1071,2024-11-14,79767.0,Hike
2975,1072,2018-08-03,57387.0,Joining
2976,1072,2019-08-03,62405.0,Hike
2977,1072,2020-08-02,70651.0,Hike
2978,1072,2021-08-02,76034.0,Hike
2979,1072,2022-08-02,81337.0,Hike
2980,1072,2023-08-02,86264.0,Hike
2981,1073,2025-03-17,93618.0,Joining
2982,1074,2022-01-08,38745.0,Joining
2983,1074,2023-01-08,41901.0,Hike
2984,1074,2024-01-08,44892.0,Hike
2985,1075,2023-02-15,40133.0,Joining
2986,1075,2024-02-15,43035.0,Hike
2987,1076,2022-12-17,44069.0,Joining
2988,1076,2023-12-17,47568.0,Hike
2989,1076,2024-12-16,50034.0,Hike
2990,1077,2021-01-26,39955.0,Joining
2991,1077,2022-01-26,42855.0,Hike
2992,1077,2023-01-26,46095.0,Hike
2993,1077,2024-01-26,50354.0,Hike
2994,1078,2014-07-13,48503.0,Joining
2995,1078,2015-07-13,52430.0,Hike
2996,1078,2016-07-12,56226.0,Hike
2997,1078,2017-07-12,60297.0,Hike
2998,1078,2018-07-12,63640.0,Hike
2999,1078,2019-07-12,69868.0,Hike
3000,1079,2020-10-02,60840.0,Joining
3001,1079,2021-10-02,64782.0,Hike
3002,1079,2022-10-02,67590.0,Hike
3003,1079,2023-10-02,70389.0,Hike
3004,1079,2024-10-01,74294.0,Hike
3005,1080,2021-03-22,27770.0,Joining
3006,1080,2022-03-22,29798.0,Hike
3007,1080,2023-03-22,31784.0,Hike
3008,1080,2024-03-21,34185.0,Hike
3009,1081,2014-03-08,59721.0,Joining
3010,1081,2015-03-08,64543.0,Hike
3011,1081,2016-03-07,70685.0,Hike
3012,1081,2017-03-07,74155.0,Hike
3013,1081,2018-03-07,77190.0,Hike
3014,1081,2019-03-07,83002.0,Hike
3015,1082,2022-01-19,67657.0,Joining
3016,1082,2023-01-19,74008.0,Hike
3017,1082,2024-01-19,78891.0,Hike
3018,1083,2025-03-16,58227.0,Joining
3019,1084,2024-07-28,69907.0,Joining
3020,1085,2019-08-25,60834.0,Joining
3021,1085,2020-08-24,62819.0,Hike
3022,1085,2021-08-24,67378.0,Hike
3023,1085,2022-08-24,70676.0,Hike
3024,1085,2023-08-24,74091.0,Hike
3025,1085,2024-08-23,80818.0,Hike
3026,1086,2023-03-17,36956.0,Joining
3027,1086,2024-03-16,39274.0,Hike
3028,1087,2025-04-22,49384.0,Joining
3029,1088,2013-08-30,121919.0,Joining
3030,1088,2014-08-30,129103.0,Hike
3031,1088,2015-08-30,138658.0,Hike
3032,1088,2016-08-29,147292.0,Hike
3033,1088,2017-08-29,156603.0,Hike
3034,1088,2018-08-29,170913.0,Hike
3035,1089,2025-05-05,47895.0,Joining
3036,1090,2024-04-06,37726.0,Joining
3037,1091,2021-10-09,37777.0,Joining
3038,1091,2022-10-09,41875.0,Hike
3039,1091,2023-10-09,44807.0,Hike
3040,1091,2024-10-08,48171.0,Hike
3041,1092,2025-02-03,59526.0,Joining
3042,1093,2024-10-06,57022.0,Joining
3043,1094,2024-12-30,37115.0,Joining
3044,1095,2021-12-04,61813.0,Joining
3045,1095,2022-12-04,65349.0,Hike
3046,1095,2023-12-04,68694.0,Hike
3047,1095,2024-12-03,74120.0,Hike
3048,1096,2025-03-29,33860.0,Joining
3049,1097,2021-08-16,41255.0,Joining
3050,1097,2022-08-16,44341.0,Hike
3051,1097,2023-08-16,47389.0,Hike
3052,1097,2024-08-15,51419.0,Hike
3053,1098,2020-12-21,45122.0,Joining
3054,1098,2021-12-21,48376.0,Hike
3055,1098,2022-12-21,50903.0,Hike
3056,1098,2023-12-21,53283.0,Hike
3057,1098,2024-12-20,57615.0,Hike
3058,1099,2024-12-09,37551.0,Joining
3059,1100,2025-02-28,42621.0,Joining
3060,1101,2025-03-20,61820.0,Joining
3061,1102,2021-08-02,60961.0,Joining
3062,1102,2022-08-02,65435.0,Hike
3063,1102,2023-08-02,71490.0,Hike
3064,1102,2024-08-01,78326.0,Hike
3065,1103,2024-02-03,63830.0,Joining
3066,1104,2023-01-29,65185.0,Joining
3067,1104,2024-01-29,72009.0,Hike
3068,1105,2025-05-10,38921.0,Joining
3069,1106,2015-02-15,45447.0,Joining
3070,1106,2016-02-15,46358.0,Hike
3071,1106,2017-02-14,49581.0,Hike
3072,1106,2018-02-14,53014.0,Hike
3073,1106,2019-02-14,58668.0,Hike
3074,1106,2020-02-14,62757.0,Hike
3075,1107,2023-06-06,45827.0,Joining
3076,1107,2024-06-05,48465.0,Hike
3077,1108,2023-03-06,75969.0,Joining
3078,1108,2024-03-05,84156.0,Hike
3079,1109,2021-05-19,28107.0,Joining
3080,1109,2022-05-19,30314.0,Hike
3081,1109,2023-05-19,32462.0,Hike
3082,1109,2024-05-18,36133.0,Hike
3083,1110,2025-07-30,46799.0,Joining
3084,1111,2023-05-18,64502.0,Joining
3085,1111,2024-05-17,67549.0,Hike
3086,1112,2023-01-09,49807.0,Joining
3087,1112,2024-01-09,53057.0,Hike
3088,1113,2022-10-16,36368.0,Joining
3089,1113,2023-10-16,38223.0,Hike
3090,1113,2024-10-15,41500.0,Hike
3091,1114,2022-05-30,57932.0,Joining
3092,1114,2023-05-30,61293.0,Hike
3093,1114,2024-05-29,65323.0,Hike
3094,1115,2020-11-11,41486.0,Joining
3095,1115,2021-11-11,42927.0,Hike
3096,1115,2022-11-11,47803.0,Hike
3097,1115,2023-11-11,51606.0,Hike
3098,1115,2024-11-10,57208.0,Hike
3099,1116,2025-10-23,48819.0,Joining
3100,1117,2023-07-25,95344.0,Joining
3101,1117,2024-07-24,101098.0,Hike
3102,1118,2023-01-22,52196.0,Joining
3103,1118,2024-01-22,54295.0,Hike
3104,1119,2021-09-11,56738.0,Joining
3105,1119,2022-09-11,60683.0,Hike
3106,1119,2023-09-11,65681.0,Hike
3107,1119,2024-09-10,70993.0,Hike
3108,1120,2023-08-12,60914.0,Joining
3109,1120,2024-08-11,66351.0,Hike
3110,1121,2024-07-02,34290.0,Joining
3111,1122,2024-07-20,42084.0,Joining
3112,1123,2021-01-13,44425.0,Joining
3113,1123,2022-01-13,47509.0,Hike
3114,1123,2023-01-13,50640.0,Hike
3115,1123,2024-01-13,54785.0,Hike
3116,1124,2022-04-12,49625.0,Joining
3117,1124,2023-04-12,54346.0,Hike
3118,1124,2024-04-11,57495.0,Hike
3119,1125,2018-01-19,43319.0,Joining
3120,1125,2019-01-19,47427.0,Hike
3121,1125,2020-01-19,50825.0,Hike
3122,1125,2021-01-18,53060.0,Hike
3123,1125,2022-01-18,57067.0,Hike
3124,1125,2023-01-18,61997.0,Hike
3125,1126,2022-01-26,45428.0,Joining
3126,1126,2023-01-26,48957.0,Hike
3127,1126,2024-01-26,53317.0,Hike
3128,1127,2023-10-19,61497.0,Joining
3129,1127,2024-10-18,65427.0,Hike
3130,1128,2025-12-08,60258.0,Joining
3131,1129,2024-10-26,41810.0,Joining
3132,1130,2006-01-29,85817.0,Joining
3133,1130,2007-01-29,90852.0,Hike
3134,1130,2008-01-29,98812.0,Hike
3135,1130,2009-01-28,106008.0,Hike
3136,1130,2010-01-28,111616.0,Hike
3137,1130,2011-01-28,119616.0,Hike
3138,1131,2024-01-18,42954.0,Joining
3139,1132,2021-09-24,78172.0,Joining
3140,1132,2022-09-24,82149.0,Hike
3141,1132,2023-09-24,87921.0,Hike
3142,1132,2024-09-23,93137.0,Hike
3143,1133,2025-10-29,48955.0,Joining
3144,1134,2025-07-13,33482.0,Joining
3145,1135,2019-03-20,44742.0,Joining
3146,1135,2020-03-19,48116.0,Hike
3147,1135,2021-03-19,50878.0,Hike
3148,1135,2022-03-19,53062.0,Hike
3149,1135,2023-03-19,58375.0,Hike
3150,1135,2024-03-18,63266.0,Hike
3151,1136,2023-01-25,58386.0,Joining
3152,1136,2024-01-25,60444.0,Hike
3153,1137,2009-05-19,80050.0,Joining
3154,1137,2010-05-19,82981.0,Hike
3155,1137,2011-05-19,89108.0,Hike
3156,1137,2012-05-18,95897.0,Hike
3157,1137,2013-05-18,103907.0,Hike
3158,1137,2014-05-18,113844.0,Hike
3159,1138,2018-12-17,38567.0,Joining
3160,1138,2019-12-17,40946.0,Hike
3161,1138,2020-12-16,43689.0,Hike
3162,1138,2021-12-16,45544.0,Hike
3163,1138,2022-12-16,48965.0,Hike
3164,1138,2023-12-16,53551.0,Hike
3165,1139,2019-10-07,51637.0,Joining
3166,1139,2020-10-06,54621.0,Hike
3167,1139,2021-10-06,59227.0,Hike
3168,1139,2022-10-06,63277.0,Hike
3169,1139,2023-10-06,66233.0,Hike
3170,1139,2024-10-05,70472.0,Hike
3171,1140,2022-04-27,131948.0,Joining
3172,1140,2023-04-27,139566.0,Hike
3173,1140,2024-04-26,150834.0,Hike
3174,1141,2025-11-03,54720.0,Joining
3175,1142,2022-03-19,66342.0,Joining
3176,1142,2023-03-19,73448.0,Hike
3177,1142,2024-03-18,78668.0,Hike
3178,1143,2023-04-05,36558.0,Joining
3179,1143,2024-04-04,39234.0,Hike
3180,1144,2025-06-25,33345.0,Joining
3181,1145,2025-08-19,75480.0,Joining
3182,1146,2010-10-31,52553.0,Joining
3183,1146,2011-10-31,55474.0,Hike
3184,1146,2012-10-30,59214.0,Hike
3185,1146,2013-10-30,61852.0,Hike
3186,1146,2014-10-30,67673.0,Hike
3187,1146,2015-10-30,70381.0,Hike
3188,1147,2022-04-02,56926.0,Joining
3189,1147,2023-04-02,62834.0,Hike
3190,1147,2024-04-01,67380.0,Hike
3191,1148,2024-06-14,36336.0,Joining
3192,1149,2022-06-13,31188.0,Joining
3193,1149,2023-06-13,33841.0,Hike
3194,1149,2024-06-12,36698.0,Hike
3195,1150,2022-09-22,34289.0,Joining
3196,1150,2023-09-22,36637.0,Hike
3197,1150,2024-09-21,37587.0,Hike
3198,1151,2022-12-28,41655.0,Joining
3199,1151,2023-12-28,43821.0,Hike
3200,1151,2024-12-27,45686.0,Hike
3201,1152,2022-04-17,33605.0,Joining
3202,1152,2023-04-17,36370.0,Hike
3203,1152,2024-04-16,39063.0,Hike
3204,1153,2019-12-03,54668.0,Joining
3205,1153,2020-12-02,59455.0,Hike
3206,1153,2021-12-02,63875.0,Hike
3207,1153,2022-12-02,67235.0,Hike
3208,1153,2023-12-02,71103.0,Hike
3209,1153,2024-12-01,76644.0,Hike
3210,1154,2024-05-05,65260.0,Joining
3211,1155,2024-05-18,30936.0,Joining
3212,1156,2025-09-10,79412.0,Joining
3213,1157,2020-08-22,88505.0,Joining
3214,1157,2021-08-22,96516.0,Hike
3215,1157,2022-08-22,99592.0,Hike
3216,1157,2023-08-22,108635.0,Hike
3217,1157,2024-08-21,115113.0,Hike
3218,1158,2024-02-18,31075.0,Joining
3219,1159,2017-03-28,44413.0,Joining
3220,1159,2018-03-28,47724.0,Hike
3221,1159,2019-03-28,51545.0,Hike
3222,1159,2020-03-27,54907.0,Hike
3223,1159,2021-03-27,57859.0,Hike
3224,1159,2022-03-27,64072.0,Hike
3225,1160,2024-05-16,55218.0,Joining
3226,1161,2024-01-13,41471.0,Joining
3227,1162,2020-11-17,38537.0,Joining
3228,1162,2021-11-17,40449.0,Hike
3229,1162,2022-11-17,42490.0,Hike
3230,1162,2023-11-17,45223.0,Hike
3231,1162,2024-11-16,49417.0,Hike
3232,1163,2023-09-19,127373.0,Joining
3233,1163,2024-09-18,137442.0,Hike
3234,1164,2021-05-13,37590.0,Joining
3235,1164,2022-05-13,41604.0,Hike
3236,1164,2023-05-13,44391.0,Hike
3237,1164,2024-05-12,48219.0,Hike
3238,1165,2020-03-02,53084.0,Joining
3239,1165,2021-03-02,56732.0,Hike
3240,1165,2022-03-02,61231.0,Hike
3241,1165,2023-03-02,64563.0,Hike
3242,1165,2024-03-01,68181.0,Hike
3243,1166,2024-12-17,38872.0,Joining
3244,1167,2024-02-26,25947.0,Joining
3245,1168,2023-01-06,47415.0,Joining
3246,1168,2024-01-06,50740.0,Hike
3247,1169,2023-03-30,128416.0,Joining
3248,1169,2024-03-29,136335.0,Hike
3249,1170,2011-04-21,47453.0,Joining
3250,1170,2012-04-20,51305.0,Hike
3251,1170,2013-04-20,54226.0,Hike
3252,1170,2014-04-20,56545.0,Hike
3253,1170,2015-04-20,60842.0,Hike
3254,1170,2016-04-19,66529.0,Hike
3255,1171,2025-09-28,41780.0,Joining
3256,1172,2023-01-24,45144.0,Joining
3257,1172,2024-01-24,48582.0,Hike
3258,1173,2024-04-17,55625.0,Joining
3259,1174,2020-01-21,52685.0,Joining
3260,1174,2021-01-20,56945.0,Hike
3261,1174,2022-01-20,59753.0,Hike
3262,1174,2023-01-20,64982.0,Hike
3263,1174,2024-01-20,68577.0,Hike
3264,1175,2024-01-26,103438.0,Joining
3265,1176,2023-07-20,69709.0,Joining
3266,1176,2024-07-19,75123.0,Hike
3267,1177,2025-04-28,64848.0,Joining
3268,1178,2025-07-13,32554.0,Joining
3269,1179,2024-06-07,56488.0,Joining
3270,1180,2019-07-19,55390.0,Joining
3271,1180,2020-07-18,59946.0,Hike
3272,1180,2021-07-18,65774.0,Hike
3273,1180,2022-07-18,70568.0,Hike
3274,1180,2023-07-18,74292.0,Hike
3275,1180,2024-07-17,81658.0,Hike
3276,1181,2024-05-03,97475.0,Joining
3277,1182,2020-09-18,67542.0,Joining
3278,1182,2021-09-18,71163.0,Hike
3279,1182,2022-09-18,76651.0,Hike
3280,1182,2023-09-18,82779.0,Hike
3281,1182,2024-09-17,87279.0,Hike
3282,1183,2020-11-19,113719.0,Joining
3283,1183,2021-11-19,120935.0,Hike
3284,1183,2022-11-19,130415.0,Hike
3285,1183,2023-11-19,138400.0,Hike
3286,1183,2024-11-18,149216.0,Hike
3287,1184,2022-11-04,32967.0,Joining
3288,1184,2023-11-04,34932.0,Hike
3289,1184,2024-11-03,37140.0,Hike
3290,1185,2018-03-14,44531.0,Joining
3291,1185,2019-03-14,47935.0,Hike
3292,1185,2020-03-13,52016.0,Hike
3293,1185,2021-03-13,56182.0,Hike
3294,1185,2022-03-13,61138.0,Hike
3295,1185,2023-03-13,65802.0,Hike
3296,1186,2023-04-13,59486.0,Joining
3297,1186,2024-04-12,62210.0,Hike
3298,1187,2023-05-18,61505.0,Joining
3299,1187,2024-05-17,65077.0,Hike
3300,1188,2024-03-20,55440.0,Joining
3301,1189,2024-12-30,123394.0,Joining
3302,1190,2023-03-29,45110.0,Joining
3303,1190,2024-03-28,50895.0,Hike
3304,1191,2025-08-08,61782.0,Joining
3305,1192,2024-08-20,51545.0,Joining
3306,1193,2023-07-21,28959.0,Joining
3307,1193,2024-07-20,31462.0,Hike
3308,1194,2013-04-14,64269.0,Joining
3309,1194,2014-04-14,70782.0,Hike
3310,1194,2015-04-14,74055.0,Hike
3311,1194,2016-04-13,78563.0,Hike
3312,1194,2017-04-13,83020.0,Hike
3313,1194,2018-04-13,87763.0,Hike
3314,1195,2023-10-05,36791.0,Joining
3315,1195,2024-10-04,39069.0,Hike
3316,1196,2025-04-17,41510.0,Joining
3317,1197,2025-01-26,73851.0,Joining
3318,1198,2024-04-22,45040.0,Joining
3319,1199,2025-04-09,50468.0,Joining
3320,1200,2023-04-17,52565.0,Joining
3321,1200,2024-04-16,56796.0,Hike
3322,1201,2020-11-04,56352.0,Joining
3323,1201,2021-11-04,61737.0,Hike
3324,1201,2022-11-04,67260.0,Hike
3325,1201,2023-11-04,71216.0,Hike
3326,1201,2024-11-03,73713.0,Hike
3327,1202,2024-01-21,47559.0,Joining
3328,1203,2017-11-30,40919.0,Joining
3329,1203,2018-11-30,42956.0,Hike
3330,1203,2019-11-30,47032.0,Hike
3331,1203,2020-11-29,51498.0,Hike
3332,1203,2021-11-29,55955.0,Hike
3333,1203,2022-11-29,58274.0,Hike
3334,1204,2024-07-27,43231.0,Joining
3335,1205,2023-05-23,52842.0,Joining
3336,1205,2024-05-22,56942.0,Hike
3337,1206,2015-05-23,47421.0,Joining
3338,1206,2016-05-22,50788.0,Hike
3339,1206,2017-05-22,51462.0,Hike
3340,1206,2018-05-22,57212.0,Hike
3341,1206,2019-05-22,60499.0,Hike
3342,1206,2020-05-21,65652.0,Hike
3343,1207,2024-09-22,53385.0,Joining
3344,1208,2018-03-19,38036.0,Joining
3345,1208,2019-03-19,41777.0,Hike
3346,1208,2020-03-18,43656.0,Hike
3347,1208,2021-03-18,47485.0,Hike
3348,1208,2022-03-18,50588.0,Hike
3349,1208,2023-03-18,54882.0,Hike
3350,1209,2022-08-02,49603.0,Joining
3351,1209,2023-08-02,53713.0,Hike
3352,1209,2024-08-01,58036.0,Hike
3353,1210,2022-06-20,41103.0,Joining
3354,1210,2023-06-20,44436.0,Hike
3355,1210,2024-06-19,48304.0,Hike
3356,1211,2015-02-01,53260.0,Joining
3357,1211,2016-02-01,56121.0,Hike
3358,1211,2017-01-31,59053.0,Hike
3359,1211,2018-01-31,62234.0,Hike
3360,1211,2019-01-31,68362.0,Hike
3361,1211,2020-01-31,74557.0,Hike
3362,1212,2024-04-01,57028.0,Joining
3363,1213,2023-10-11,49817.0,Joining
3364,1213,2024-10-10,53415.0,Hike
3365,1214,2024-11-03,25558.0,Joining
3366,1215,2019-11-25,38566.0,Joining
3367,1215,2020-11-24,41702.0,Hike
3368,1215,2021-11-24,44920.0,Hike
3369,1215,2022-11-24,47872.0,Hike
3370,1215,2023-11-24,52645.0,Hike
3371,1215,2024-11-23,57688.0,Hike
3372,1216,2025-04-05,76233.0,Joining
3373,1217,2024-12-24,64608.0,Joining
3374,1218,2025-11-21,117557.0,Joining
3375,1219,2025-11-07,86279.0,Joining
3376,1220,2025-09-29,68858.0,Joining
3377,1221,2020-07-26,87442.0,Joining
3378,1221,2021-07-26,94458.0,Hike
3379,1221,2022-07-26,101667.0,Hike
3380,1221,2023-07-26,107887.0,Hike
3381,1221,2024-07-25,116713.0,Hike
3382,1222,2013-02-06,69907.0,Joining
3383,1222,2014-02-06,75239.0,Hike
3384,1222,2015-02-06,80751.0,Hike
3385,1222,2016-02-06,86001.0,Hike
3386,1222,2017-02-05,93002.0,Hike
3387,1222,2018-02-05,100035.0,Hike
3388,1223,2022-07-25,43776.0,Joining
3389,1223,2023-07-25,47059.0,Hike
3390,1223,2024-07-24,50328.0,Hike
3391,1224,2024-12-31,49848.0,Joining
3392,1225,2019-05-13,32922.0,Joining
3393,1225,2020-05-12,34503.0,Hike
3394,1225,2021-05-12,37532.0,Hike
3395,1225,2022-05-12,38141.0,Hike
3396,1225,2023-05-12,41498.0,Hike
3397,1225,2024-05-11,45245.0,Hike
3398,1226,2024-09-21,55738.0,Joining
3399,1227,2024-07-24,52908.0,Joining
3400,1228,2025-07-16,71760.0,Joining
3401,1229,2024-07-07,50774.0,Joining
3402,1230,2025-08-14,49223.0,Joining
3403,1231,2023-08-22,40525.0,Joining
3404,1231,2024-08-21,43577.0,Hike
3405,1232,2026-01-01,101471.0,Joining
3406,1233,2019-12-24,26284.0,Joining
3407,1233,2020-12-23,28364.0,Hike
3408,1233,2021-12-23,30272.0,Hike
3409,1233,2022-12-23,32666.0,Hike
3410,1233,2023-12-23,34377.0,Hike
3411,1233,2024-12-22,36842.0,Hike
3412,1234,2025-02-03,29577.0,Joining
3413,1235,2024-11-13,118834.0,Joining
3414,1236,2014-05-27,36324.0,Joining
3415,1236,2015-05-27,38635.0,Hike
3416,1236,2016-05-26,40287.0,Hike
3417,1236,2017-05-26,42805.0,Hike
3418,1236,2018-05-26,46398.0,Hike
3419,1236,2019-05-26,51014.0,Hike
3420,1237,2022-09-24,30261.0,Joining
3421,1237,2023-09-24,31457.0,Hike
3422,1237,2024-09-23,33743.0,Hike
3423,1238,2019-12-06,70561.0,Joining
3424,1238,2020-12-05,75235.0,Hike
3425,1238,2021-12-05,78088.0,Hike
3426,1238,2022-12-05,82227.0,Hike
3427,1238,2023-12-05,87218.0,Hike
3428,1238,2024-12-04,93619.0,Hike
3429,1239,2023-08-07,59980.0,Joining
3430,1239,2024-08-06,65834.0,Hike
3431,1240,2023-09-30,31222.0,Joining
3432,1240,2024-09-29,32632.0,Hike
3433,1241,2022-09-20,37093.0,Joining
3434,1241,2023-09-20,39432.0,Hike
3435,1241,2024-09-19,42768.0,Hike
3436,1242,2022-04-11,31528.0,Joining
3437,1242,2023-04-11,32964.0,Hike
3438,1242,2024-04-10,36145.0,Hike
3439,1243,2020-10-17,36720.0,Joining
3440,1243,2021-10-17,39091.0,Hike
3441,1243,2022-10-17,40935.0,Hike
3442,1243,2023-10-17,45954.0,Hike
3443,1243,2024-10-16,49705.0,Hike
3444,1244,2016-06-27,45074.0,Joining
3445,1244,2017-06-27,48474.0,Hike
3446,1244,2018-06-27,51670.0,Hike
3447,1244,2019-06-27,54490.0,Hike
3448,1244,2020-06-26,59852.0,Hike
3449,1244,2021-06-26,61814.0,Hike
3450,1245,2025-12-10,33951.0,Joining
3451,1246,2023-07-06,37968.0,Joining
3452,1246,2024-07-05,39581.0,Hike
3453,1247,2023-09-18,60410.0,Joining
3454,1247,2024-09-17,65075.0,Hike
3455,1248,2021-08-21,119471.0,Joining
3456,1248,2022-08-21,135627.0,Hike
3457,1248,2023-08-21,143698.0,Hike
3458,1248,2024-08-20,151553.0,Hike
3459,1249,2025-07-04,37109.0,Joining
3460,1250,2025-02-21,57071.0,Joining
3461,1251,2017-11-02,45989.0,Joining
3462,1251,2018-11-02,48879.0,Hike
3463,1251,2019-11-02,52592.0,Hike
3464,1251,2020-11-01,56691.0,Hike
3465,1251,2021-11-01,60457.0,Hike
3466,1251,2022-11-01,64350.0,Hike
3467,1252,2018-05-24,34425.0,Joining
3468,1252,2019-05-24,36586.0,Hike
3469,1252,2020-05-23,39565.0,Hike
3470,1252,2021-05-23,41838.0,Hike
3471,1252,2022-05-23,44741.0,Hike
3472,1252,2023-05-23,47526.0,Hike
3473,1253,2025-12-07,34738.0,Joining
3474,1254,2020-12-31,33979.0,Joining
3475,1254,2021-12-31,36571.0,Hike
3476,1254,2022-12-31,39895.0,Hike
3477,1254,2023-12-31,42077.0,Hike
3478,1254,2024-12-30,44949.0,Hike
3479,1255,2025-10-21,38001.0,Joining
3480,1256,2025-05-26,44903.0,Joining
3481,1257,2023-08-31,38208.0,Joining
3482,1257,2024-08-30,41036.0,Hike
3483,1258,2025-10-24,69790.0,Joining
3484,1259,2021-09-11,37441.0,Joining
3485,1259,2022-09-11,40321.0,Hike
3486,1259,2023-09-11,44087.0,Hike
3487,1259,2024-09-10,47587.0,Hike
3488,1260,2021-05-19,48269.0,Joining
3489,1260,2022-05-19,50846.0,Hike
3490,1260,2023-05-19,53535.0,Hike
3491,1260,2024-05-18,58848.0,Hike
3492,1261,2024-02-15,33845.0,Joining
3493,1262,2023-08-06,38773.0,Joining
3494,1262,2024-08-05,41957.0,Hike
3495,1263,2023-04-09,55581.0,Joining
3496,1263,2024-04-08,58777.0,Hike
3497,1264,2023-09-26,78499.0,Joining
3498,1264,2024-09-25,85219.0,Hike
3499,1265,2019-10-10,52195.0,Joining
3500,1265,2020-10-09,55963.0,Hike
3501,1265,2021-10-09,57850.0,Hike
3502,1265,2022-10-09,63422.0,Hike
3503,1265,2023-10-09,68243.0,Hike
3504,1265,2024-10-08,70101.0,Hike
3505,1266,2022-12-09,31456.0,Joining
3506,1266,2023-12-09,33496.0,Hike
3507,1266,2024-12-08,37188.0,Hike
3508,1267,2022-09-11,39790.0,Joining
3509,1267,2023-09-11,42041.0,Hike
3510,1267,2024-09-10,44773.0,Hike
3511,1268,2020-09-18,36426.0,Joining
3512,1268,2021-09-18,39630.0,Hike
3513,1268,2022-09-18,42313.0,Hike
3514,1268,2023-09-18,45939.0,Hike
3515,1268,2024-09-17,47173.0,Hike
3516,1269,2024-09-08,38668.0,Joining
3517,1270,2023-04-24,66760.0,Joining
3518,1270,2024-04-23,72921.0,Hike
3519,1271,2025-09-26,123129.0,Joining
3520,1272,2018-08-04,65848.0,Joining
3521,1272,2019-08-04,68995.0,Hike
3522,1272,2020-08-03,73016.0,Hike
3523,1272,2021-08-03,81895.0,Hike
3524,1272,2022-08-03,87255.0,Hike
3525,1272,2023-08-03,93087.0,Hike
3526,1273,2020-12-29,28778.0,Joining
3527,1273,2021-12-29,31623.0,Hike
3528,1273,2022-12-29,33149.0,Hike
3529,1273,2023-12-29,35786.0,Hike
3530,1273,2024-12-28,39057.0,Hike
3531,1274,2023-11-22,67180.0,Joining
3532,1274,2024-11-21,73683.0,Hike
3533,1275,2022-07-29,36500.0,Joining
3534,1275,2023-07-29,39555.0,Hike
3535,1275,2024-07-28,43229.0,Hike
3536,1276,2023-03-17,75884.0,Joining
3537,1276,2024-03-16,81945.0,Hike
3538,1277,2025-07-14,68434.0,Joining
3539,1278,2019-03-17,52219.0,Joining
3540,1278,2020-03-16,56289.0,Hike
3541,1278,2021-03-16,61501.0,Hike
3542,1278,2022-03-16,65725.0,Hike
3543,1278,2023-03-16,72502.0,Hike
3544,1278,2024-03-15,77951.0,Hike
3545,1279,2024-11-01,62142.0,Joining
3546,1280,2021-04-29,66808.0,Joining
3547,1280,2022-04-29,74197.0,Hike
3548,1280,2023-04-29,79663.0,Hike
3549,1280,2024-04-28,85522.0,Hike
3550,1281,2024-01-19,52975.0,Joining
3551,1282,2024-11-25,61661.0,Joining
3552,1283,2020-02-25,51178.0,Joining
3553,1283,2021-02-24,56691.0,Hike
3554,1283,2022-02-24,60851.0,Hike
3555,1283,2023-02-24,62586.0,Hike
3556,1283,2024-02-24,69357.0,Hike
3557,1284,2025-06-27,58804.0,Joining
3558,1285,2012-02-04,80613.0,Joining
3559,1285,2013-02-03,85812.0,Hike
3560,1285,2014-02-03,93541.0,Hike
3561,1285,2015-02-03,101371.0,Hike
3562,1285,2016-02-03,111456.0,Hike
3563,1285,2017-02-02,117064.0,Hike
3564,1286,2023-01-18,30625.0,Joining
3565,1286,2024-01-18,32841.0,Hike
3566,1287,2019-06-25,73949.0,Joining
3567,1287,2020-06-24,77840.0,Hike
3568,1287,2021-06-24,83554.0,Hike
3569,1287,2022-06-24,90039.0,Hike
3570,1287,2023-06-24,95511.0,Hike
3571,1287,2024-06-23,99978.0,Hike
3572,1288,2025-07-11,45942.0,Joining
3573,1289,2023-10-04,45757.0,Joining
3574,1289,2024-10-03,48695.0,Hike
3575,1290,2019-04-28,36596.0,Joining
3576,1290,2020-04-27,40167.0,Hike
3577,1290,2021-04-27,43395.0,Hike
3578,1290,2022-04-27,47407.0,Hike
3579,1290,2023-04-27,49366.0,Hike
3580,1290,2024-04-26,52137.0,Hike
3581,1291,2024-04-03,42062.0,Joining
3582,1292,2024-06-27,49106.0,Joining
3583,1293,2022-03-12,89977.0,Joining
3584,1293,2023-03-12,97245.0,Hike
3585,1293,2024-03-11,102029.0,Hike
3586,1294,2020-11-26,104987.0,Joining
3587,1294,2021-11-26,115715.0,Hike
3588,1294,2022-11-26,126722.0,Hike
3589,1294,2023-11-26,141211.0,Hike
3590,1294,2024-11-25,149754.0,Hike
3591,1295,2025-08-30,143830.0,Joining
3592,1296,2019-11-27,42311.0,Joining
3593,1296,2020-11-26,44627.0,Hike
3594,1296,2021-11-26,47420.0,Hike
3595,1296,2022-11-26,51318.0,Hike
3596,1296,2023-11-26,54102.0,Hike
3597,1296,2024-11-25,56903.0,Hike
3598,1297,2024-08-11,82513.0,Joining
3599,1298,2021-12-30,40554.0,Joining
3600,1298,2022-12-30,42896.0,Hike
3601,1298,2023-12-30,44785.0,Hike
3602,1298,2024-12-29,47009.0,Hike
3603,1299,2023-12-05,36727.0,Joining
3604,1299,2024-12-04,39668.0,Hike
3605,1300,2022-03-03,51029.0,Joining
3606,1300,2023-03-03,54813.0,Hike
3607,1300,2024-03-02,57958.0,Hike
3608,1301,2015-10-18,50834.0,Joining
3609,1301,2016-10-17,54427.0,Hike
3610,1301,2017-10-17,56618.0,Hike
3611,1301,2018-10-17,60108.0,Hike
3612,1301,2019-10-17,64497.0,Hike
3613,1301,2020-10-16,68486.0,Hike
3614,1302,2023-09-19,46410.0,Joining
3615,1302,2024-09-18,49103.0,Hike
3616,1303,2025-03-09,34242.0,Joining
3617,1304,2024-08-24,83968.0,Joining
3618,1305,2022-11-11,37947.0,Joining
3619,1305,2023-11-11,39706.0,Hike
3620,1305,2024-11-10,42971.0,Hike
3621,1306,2024-05-22,38200.0,Joining
3622,1307,2022-11-04,41627.0,Joining
3623,1307,2023-11-04,45733.0,Hike
3624,1307,2024-11-03,49262.0,Hike
3625,1308,2024-12-17,35796.0,Joining
3626,1309,2021-10-06,38485.0,Joining
3627,1309,2022-10-06,41309.0,Hike
3628,1309,2023-10-06,43343.0,Hike
3629,1309,2024-10-05,45781.0,Hike
3630,1310,2023-05-09,58704.0,Joining
3631,1310,2024-05-08,62775.0,Hike
3632,1311,2023-10-02,32766.0,Joining
3633,1311,2024-10-01,34384.0,Hike
3634,1312,2020-10-25,57824.0,Joining
3635,1312,2021-10-25,62373.0,Hike
3636,1312,2022-10-25,66331.0,Hike
3637,1312,2023-10-25,71495.0,Hike
3638,1312,2024-10-24,77359.0,Hike
3639,1313,2025-11-17,52486.0,Joining
3640,1314,2025-11-01,40650.0,Joining
3641,1315,2024-02-04,58159.0,Joining
3642,1316,2024-11-28,61739.0,Joining
3643,1317,2023-10-06,58593.0,Joining
3644,1317,2024-10-05,64966.0,Hike
3645,1318,2022-07-04,40886.0,Joining
3646,1318,2023-07-04,43463.0,Hike
3647,1318,2024-07-03,46468.0,Hike
3648,1319,2024-11-18,39517.0,Joining
3649,1320,2015-12-08,69163.0,Joining
3650,1320,2016-12-07,72959.0,Hike
3651,1320,2017-12-07,79437.0,Hike
3652,1320,2018-12-07,82942.0,Hike
3653,1320,2019-12-07,92322.0,Hike
3654,1320,2020-12-06,101275.0,Hike
3655,1321,2025-11-08,33175.0,Joining
3656,1322,2025-12-28,93560.0,Joining
3657,1323,2024-08-08,53250.0,Joining
3658,1324,2023-09-27,61866.0,Joining
3659,1324,2024-09-26,66897.0,Hike
3660,1325,2020-12-23,34904.0,Joining
3661,1325,2021-12-23,37541.0,Hike
3662,1325,2022-12-23,40565.0,Hike
3663,1325,2023-12-23,42989.0,Hike
3664,1325,2024-12-22,45306.0,Hike
3665,1326,2023-03-05,104835.0,Joining
3666,1326,2024-03-04,112919.0,Hike
3667,1327,2022-08-11,49279.0,Joining
3668,1327,2023-08-11,53251.0,Hike
3669,1327,2024-08-10,57993.0,Hike
3670,1328,2023-12-23,59479.0,Joining
3671,1328,2024-12-22,63654.0,Hike
3672,1329,2019-11-19,52367.0,Joining
3673,1329,2020-11-18,55761.0,Hike
3674,1329,2021-11-18,60921.0,Hike
3675,1329,2022-11-18,65596.0,Hike
3676,1329,2023-11-18,71583.0,Hike
3677,1329,2024-11-17,76208.0,Hike
3678,1330,2024-02-25,67565.0,Joining
3679,1331,2024-01-06,124385.0,Joining
3680,1332,2021-06-26,60829.0,Joining
3681,1332,2022-06-26,65122.0,Hike
3682,1332,2023-06-26,70796.0,Hike
3683,1332,2024-06-25,76138.0,Hike
3684,1333,2025-12-31,39106.0,Joining
3685,1334,2025-05-24,33938.0,Joining
3686,1335,2011-10-18,84706.0,Joining
3687,1335,2012-10-17,92798.0,Hike
3688,1335,2013-10-17,99730.0,Hike
3689,1335,2014-10-17,104814.0,Hike
3690,1335,2015-10-17,113078.0,Hike
3691,1335,2016-10-16,119168.0,Hike
3692,1336,2025-05-15,26449.0,Joining
3693,1337,2024-02-07,65133.0,Joining
3694,1338,2023-05-12,50800.0,Joining
3695,1338,2024-05-11,53441.0,Hike
3696,1339,2021-07-12,34813.0,Joining
3697,1339,2022-07-12,37618.0,Hike
3698,1339,2023-07-12,40456.0,Hike
3699,1339,2024-07-11,42508.0,Hike
3700,1340,2024-05-13,51879.0,Joining
3701,1341,2025-10-15,39661.0,Joining
3702,1342,2025-03-29,42341.0,Joining
3703,1343,2025-04-10,57162.0,Joining
3704,1344,2024-01-30,129232.0,Joining
3705,1345,2025-05-10,46368.0,Joining
3706,1346,2023-04-18,97037.0,Joining
3707,1346,2024-04-17,105452.0,Hike
3708,1347,2021-12-22,34355.0,Joining
3709,1347,2022-12-22,37575.0,Hike
3710,1347,2023-12-22,40799.0,Hike
3711,1347,2024-12-21,44719.0,Hike
3712,1348,2025-10-28,118470.0,Joining
3713,1349,2024-12-17,37309.0,Joining
3714,1350,2019-05-26,39431.0,Joining
3715,1350,2020-05-25,42056.0,Hike
3716,1350,2021-05-25,44491.0,Hike
3717,1350,2022-05-25,49577.0,Hike
3718,1350,2023-05-25,53474.0,Hike
3719,1350,2024-05-24,57064.0,Hike
3720,1351,2024-06-17,63945.0,Joining
3721,1352,2023-09-30,51509.0,Joining
3722,1352,2024-09-29,54164.0,Hike
3723,1353,2025-03-30,72790.0,Joining
3724,1354,2024-06-28,38632.0,Joining
3725,1355,2021-04-26,49083.0,Joining
3726,1355,2022-04-26,52997.0,Hike
3727,1355,2023-04-26,56293.0,Hike
3728,1355,2024-04-25,61507.0,Hike
3729,1356,2014-07-25,61314.0,Joining
3730,1356,2015-07-25,66464.0,Hike
3731,1356,2016-07-24,68720.0,Hike
3732,1356,2017-07-24,72242.0,Hike
3733,1356,2018-07-24,76987.0,Hike
3734,1356,2019-07-24,82044.0,Hike
3735,1357,2025-05-13,80229.0,Joining
3736,1358,2019-04-22,58709.0,Joining
3737,1358,2020-04-21,62512.0,Hike
3738,1358,2021-04-21,65985.0,Hike
3739,1358,2022-04-21,72400.0,Hike
3740,1358,2023-04-21,77378.0,Hike
3741,1358,2024-04-20,83487.0,Hike
3742,1359,2024-05-16,90718.0,Joining
3743,1360,2015-07-25,36452.0,Joining
3744,1360,2016-07-24,38804.0,Hike
3745,1360,2017-07-24,41601.0,Hike
3746,1360,2018-07-24,43439.0,Hike
3747,1360,2019-07-24,46514.0,Hike
3748,1360,2020-07-23,50557.0,Hike
3749,1361,2025-03-30,112771.0,Joining
3750,1362,2025-09-12,44159.0,Joining
3751,1363,2019-08-15,27563.0,Joining
3752,1363,2020-08-14,29476.0,Hike
3753,1363,2021-08-14,30768.0,Hike
3754,1363,2022-08-14,32958.0,Hike
3755,1363,2023-08-14,34044.0,Hike
3756,1363,2024-08-13,36133.0,Hike
3757,1364,2024-03-18,38662.0,Joining
3758,1365,2020-03-10,28214.0,Joining
3759,1365,2021-03-10,30025.0,Hike
3760,1365,2022-03-10,32897.0,Hike
3761,1365,2023-03-10,35643.0,Hike
3762,1365,2024-03-09,39067.0,Hike
3763,1366,2025-06-23,71621.0,Joining
3764,1367,2025-11-04,40469.0,Joining
3765,1368,2022-03-05,42180.0,Joining
3766,1368,2023-03-05,43136.0,Hike
3767,1368,2024-03-04,46191.0,Hike
3768,1369,2024-12-26,56059.0,Joining
3769,1370,2017-10-07,70237.0,Joining
3770,1370,2018-10-07,75951.0,Hike
3771,1370,2019-10-07,79835.0,Hike
3772,1370,2020-10-06,88170.0,Hike
3773,1370,2021-10-06,97722.0,Hike
3774,1370,2022-10-06,103717.0,Hike
3775,1371,2022-01-30,53961.0,Joining
3776,1371,2023-01-30,55757.0,Hike
3777,1371,2024-01-30,57504.0,Hike
3778,1372,2022-01-12,65711.0,Joining
3779,1372,2023-01-12,70332.0,Hike
3780,1372,2024-01-12,77351.0,Hike
3781,1373,2023-04-27,57984.0,Joining
3782,1373,2024-04-26,64630.0,Hike
3783,1374,2014-01-14,48232.0,Joining
3784,1374,2015-01-14,51941.0,Hike
3785,1374,2016-01-14,55685.0,Hike
3786,1374,2017-01-13,60895.0,Hike
3787,1374,2018-01-13,65988.0,Hike
3788,1374,2019-01-13,72402.0,Hike
3789,1375,2022-02-25,44599.0,Joining
3790,1375,2023-02-25,46397.0,Hike
3791,1375,2024-02-25,49802.0,Hike
3792,1376,2021-05-05,48550.0,Joining
3793,1376,2022-05-05,52818.0,Hike
3794,1376,2023-05-05,58197.0,Hike
3795,1376,2024-05-04,62667.0,Hike
3796,1377,2015-05-08,72460.0,Joining
3797,1377,2016-05-07,76146.0,Hike
3798,1377,2017-05-07,79137.0,Hike
3799,1377,2018-05-07,84629.0,Hike
3800,1377,2019-05-07,91359.0,Hike
3801,1377,2020-05-06,96443.0,Hike
3802,1378,2013-08-29,45381.0,Joining
3803,1378,2014-08-29,49278.0,Hike
3804,1378,2015-08-29,54627.0,Hike
3805,1378,2016-08-28,58598.0,Hike
3806,1378,2017-08-28,62107.0,Hike
3807,1378,2018-08-28,65747.0,Hike
3808,1379,2018-05-21,46248.0,Joining
3809,1379,2019-05-21,49536.0,Hike
3810,1379,2020-05-20,53468.0,Hike
3811,1379,2021-05-20,57742.0,Hike
3812,1379,2022-05-20,62596.0,Hike
3813,1379,2023-05-20,66834.0,Hike
3814,1380,2018-11-26,54668.0,Joining
3815,1380,2019-11-26,60162.0,Hike
3816,1380,2020-11-25,64698.0,Hike
3817,1380,2021-11-25,70221.0,Hike
3818,1380,2022-11-25,75622.0,Hike
3819,1380,2023-11-25,80502.0,Hike
3820,1381,2024-07-25,45908.0,Joining
3821,1382,2023-09-15,47730.0,Joining
3822,1382,2024-09-14,50614.0,Hike
3823,1383,2023-04-07,55926.0,Joining
3824,1383,2024-04-06,58707.0,Hike
3825,1384,2022-05-18,27402.0,Joining
3826,1384,2023-05-18,30062.0,Hike
3827,1384,2024-05-17,32004.0,Hike
3828,1385,2024-04-11,51109.0,Joining
3829,1386,2025-07-09,54854.0,Joining
3830,1387,2017-09-11,31300.0,Joining
3831,1387,2018-09-11,33522.0,Hike
3832,1387,2019-09-11,35857.0,Hike
3833,1387,2020-09-10,38443.0,Hike
3834,1387,2021-09-10,40979.0,Hike
3835,1387,2022-09-10,42834.0,Hike
3836,1388,2025-02-28,77571.0,Joining
3837,1389,2023-06-25,40813.0,Joining
3838,1389,2024-06-24,43433.0,Hike
3839,1390,2025-11-04,97925.0,Joining
3840,1391,2025-11-05,105890.0,Joining
3841,1392,2024-10-31,52636.0,Joining
3842,1393,2017-10-27,34325.0,Joining
3843,1393,2018-10-27,36873.0,Hike
3844,1393,2019-10-27,38646.0,Hike
3845,1393,2020-10-26,40844.0,Hike
3846,1393,2021-10-26,43481.0,Hike
3847,1393,2022-10-26,45129.0,Hike
3848,1394,2016-08-05,47138.0,Joining
3849,1394,2017-08-05,50336.0,Hike
3850,1394,2018-08-05,54185.0,Hike
3851,1394,2019-08-05,57818.0,Hike
3852,1394,2020-08-04,59521.0,Hike
3853,1394,2021-08-04,60274.0,Hike
3854,1395,2025-08-25,111023.0,Joining
3855,1396,2024-07-05,40941.0,Joining
3856,1397,2023-06-14,112316.0,Joining
3857,1397,2024-06-13,119289.0,Hike
3858,1398,2020-11-25,46259.0,Joining
3859,1398,2021-11-25,50678.0,Hike
3860,1398,2022-11-25,54644.0,Hike
3861,1398,2023-11-25,57854.0,Hike
3862,1398,2024-11-24,63411.0,Hike
3863,1399,2021-03-28,41247.0,Joining
3864,1399,2022-03-28,44588.0,Hike
3865,1399,2023-03-28,46820.0,Hike
3866,1399,2024-03-27,49609.0,Hike
3867,1400,2020-09-06,41775.0,Joining
3868,1400,2021-09-06,45690.0,Hike
3869,1400,2022-09-06,48182.0,Hike
3870,1400,2023-09-06,50903.0,Hike
3871,1400,2024-09-05,55745.0,Hike
3872,1401,2024-12-05,102471.0,Joining
3873,1402,2020-10-13,57201.0,Joining
3874,1402,2021-10-13,62733.0,Hike
3875,1402,2022-10-13,67013.0,Hike
3876,1402,2023-10-13,73190.0,Hike
3877,1402,2024-10-12,79156.0,Hike
3878,1403,2024-10-09,42330.0,Joining
3879,1404,2022-12-30,53419.0,Joining
3880,1404,2023-12-30,57808.0,Hike
3881,1404,2024-12-29,61637.0,Hike
3882,1405,2025-08-05,53110.0,Joining
3883,1406,2022-07-02,47979.0,Joining
3884,1406,2023-07-02,50197.0,Hike
3885,1406,2024-07-01,53135.0,Hike
3886,1407,2025-05-02,63239.0,Joining
3887,1408,2020-09-19,39239.0,Joining
3888,1408,2021-09-19,41697.0,Hike
3889,1408,2022-09-19,45352.0,Hike
3890,1408,2023-09-19,49689.0,Hike
3891,1408,2024-09-18,51554.0,Hike
3892,1409,2020-11-25,28817.0,Joining
3893,1409,2021-11-25,30678.0,Hike
3894,1409,2022-11-25,32939.0,Hike
3895,1409,2023-11-25,34813.0,Hike
3896,1409,2024-11-24,38474.0,Hike
3897,1410,2023-11-18,67753.0,Joining
3898,1410,2024-11-17,73831.0,Hike
3899,1411,2021-12-30,32464.0,Joining
3900,1411,2022-12-30,34156.0,Hike
3901,1411,2023-12-30,36417.0,Hike
3902,1411,2024-12-29,39485.0,Hike
3903,1412,2020-04-03,61425.0,Joining
3904,1412,2021-04-03,64920.0,Hike
3905,1412,2022-04-03,68955.0,Hike
3906,1412,2023-04-03,73515.0,Hike
3907,1412,2024-04-02,77860.0,Hike
3908,1413,2023-12-19,43014.0,Joining
3909,1413,2024-12-18,46677.0,Hike
3910,1414,2019-03-15,60859.0,Joining
3911,1414,2020-03-14,63754.0,Hike
3912,1414,2021-03-14,68722.0,Hike
3913,1414,2022-03-14,72919.0,Hike
3914,1414,2023-03-14,75992.0,Hike
3915,1414,2024-03-13,77974.0,Hike
3916,1415,2020-05-08,106812.0,Joining
3917,1415,2021-05-08,115141.0,Hike
3918,1415,2022-05-08,118910.0,Hike
3919,1415,2023-05-08,126162.0,Hike
3920,1415,2024-05-07,138321.0,Hike
3921,1416,2024-10-19,54598.0,Joining
3922,1417,2025-01-24,35394.0,Joining
3923,1418,2025-11-12,33125.0,Joining
3924,1419,2024-04-04,43686.0,Joining
3925,1420,2023-12-27,53671.0,Joining
3926,1420,2024-12-26,56932.0,Hike
3927,1421,2024-05-13,43911.0,Joining
3928,1422,2025-01-19,59469.0,Joining
3929,1423,2025-04-15,84988.0,Joining
3930,1424,2019-03-04,37003.0,Joining
3931,1424,2020-03-03,40198.0,Hike
3932,1424,2021-03-03,42050.0,Hike
3933,1424,2022-03-03,45324.0,Hike
3934,1424,2023-03-03,49113.0,Hike
3935,1424,2024-03-02,54444.0,Hike
3936,1425,2021-07-01,33986.0,Joining
3937,1425,2022-07-01,36150.0,Hike
3938,1425,2023-07-01,38748.0,Hike
3939,1425,2024-06-30,40622.0,Hike
3940,1426,2020-12-25,34378.0,Joining
3941,1426,2021-12-25,37115.0,Hike
3942,1426,2022-12-25,37769.0,Hike
3943,1426,2023-12-25,40931.0,Hike
3944,1426,2024-12-24,43226.0,Hike
3945,1427,2022-10-06,41439.0,Joining
3946,1427,2023-10-06,44727.0,Hike
3947,1427,2024-10-05,47012.0,Hike
3948,1428,2024-03-19,35585.0,Joining
3949,1429,2023-01-02,44085.0,Joining
3950,1429,2024-01-02,47226.0,Hike
3951,1429,2025-01-01,49381.0,Hike
3952,1430,2024-10-11,43523.0,Joining
3953,1431,2023-01-14,28177.0,Joining
3954,1431,2024-01-14,30096.0,Hike
3955,1432,2025-05-20,55628.0,Joining
3956,1433,2023-02-16,83972.0,Joining
3957,1433,2024-02-16,90559.0,Hike
3958,1434,2024-10-28,41571.0,Joining
3959,1435,2021-07-20,32670.0,Joining
3960,1435,2022-07-20,34883.0,Hike
3961,1435,2023-07-20,37185.0,Hike
3962,1435,2024-07-19,39657.0,Hike
3963,1436,2025-07-05,82785.0,Joining
3964,1437,2025-03-09,70435.0,Joining
3965,1438,2021-10-15,61329.0,Joining
3966,1438,2022-10-15,64758.0,Hike
3967,1438,2023-10-15,69785.0,Hike
3968,1438,2024-10-14,73662.0,Hike
3969,1439,2018-04-07,108601.0,Joining
3970,1439,2019-04-07,117117.0,Hike
3971,1439,2020-04-06,124687.0,Hike
3972,1439,2021-04-06,131432.0,Hike
3973,1439,2022-04-06,139127.0,Hike
3974,1439,2023-04-06,144126.0,Hike
3975,1440,2017-11-18,62368.0,Joining
3976,1440,2018-11-18,64988.0,Hike
3977,1440,2019-11-18,69612.0,Hike
3978,1440,2020-11-17,75093.0,Hike
3979,1440,2021-11-17,81036.0,Hike
3980,1440,2022-11-17,86003.0,Hike
3981,1441,2018-08-04,42610.0,Joining
3982,1441,2019-08-04,44739.0,Hike
3983,1441,2020-08-03,48917.0,Hike
3984,1441,2021-08-03,53029.0,Hike
3985,1441,2022-08-03,57129.0,Hike
3986,1441,2023-08-03,62053.0,Hike
3987,1442,2019-08-12,87851.0,Joining
3988,1442,2020-08-11,94867.0,Hike
3989,1442,2021-08-11,103824.0,Hike
3990,1442,2022-08-11,112488.0,Hike
3991,1442,2023-08-11,122670.0,Hike
3992,1442,2024-08-10,133678.0,Hike
3993,1443,2024-12-28,50582.0,Joining
3994,1444,2020-11-26,113263.0,Joining
3995,1444,2021-11-26,115806.0,Hike
3996,1444,2022-11-26,124976.0,Hike
3997,1444,2023-11-26,133373.0,Hike
3998,1444,2024-11-25,140761.0,Hike
3999,1445,2017-06-10,56379.0,Joining
4000,1445,2018-06-10,59758.0,Hike
4001,1445,2019-06-10,63943.0,Hike
4002,1445,2020-06-09,70018.0,Hike
4003,1445,2021-06-09,73380.0,Hike
4004,1445,2022-06-09,76071.0,Hike
4005,1446,2015-06-18,49611.0,Joining
4006,1446,2016-06-17,53598.0,Hike
4007,1446,2017-06-17,57936.0,Hike
4008,1446,2018-06-17,61318.0,Hike
4009,1446,2019-06-17,66644.0,Hike
4010,1446,2020-06-16,72065.0,Hike
4011,1447,2023-03-22,45630.0,Joining
4012,1447,2024-03-21,49230.0,Hike
4013,1448,2023-09-30,33427.0,Joining
4014,1448,2024-09-29,35728.0,Hike
4015,1449,2013-06-05,32074.0,Joining
4016,1449,2014-06-05,34190.0,Hike
4017,1449,2015-06-05,35842.0,Hike
4018,1449,2016-06-04,38778.0,Hike
4019,1449,2017-06-04,41103.0,Hike
4020,1449,2018-06-04,44329.0,Hike
4021,1450,2023-11-02,27369.0,Joining
4022,1450,2024-11-01,28817.0,Hike
4023,1451,2021-01-06,66029.0,Joining
4024,1451,2022-01-06,72063.0,Hike
4025,1451,2023-01-06,77494.0,Hike
4026,1451,2024-01-06,81237.0,Hike
4027,1452,2024-08-12,59737.0,Joining
4028,1453,2023-06-04,31193.0,Joining
4029,1453,2024-06-03,32369.0,Hike
4030,1454,2021-02-15,26919.0,Joining
4031,1454,2022-02-15,29646.0,Hike
4032,1454,2023-02-15,31131.0,Hike
4033,1454,2024-02-15,33253.0,Hike
4034,1455,2014-02-10,41141.0,Joining
4035,1455,2015-02-10,42573.0,Hike
4036,1455,2016-02-10,45753.0,Hike
4037,1455,2017-02-09,48328.0,Hike
4038,1455,2018-02-09,51552.0,Hike
4039,1455,2019-02-09,53031.0,Hike
4040,1456,2022-06-03,80852.0,Joining
4041,1456,2023-06-03,86901.0,Hike
4042,1456,2024-06-02,91607.0,Hike
4043,1457,2016-02-01,36936.0,Joining
4044,1457,2017-01-31,39489.0,Hike
4045,1457,2018-01-31,42002.0,Hike
4046,1457,2019-01-31,45276.0,Hike
4047,1457,2020-01-31,47725.0,Hike
4048,1457,2021-01-30,50698.0,Hike
4049,1458,2024-07-05,40807.0,Joining
4050,1459,2019-01-31,29234.0,Joining
4051,1459,2020-01-31,32021.0,Hike
4052,1459,2021-01-30,34110.0,Hike
4053,1459,2022-01-30,37245.0,Hike
4054,1459,2023-01-30,39665.0,Hike
4055,1459,2024-01-30,41675.0,Hike
4056,1460,2022-03-31,48960.0,Joining
4057,1460,2023-03-31,51981.0,Hike
4058,1460,2024-03-30,54995.0,Hike
4059,1461,2022-12-09,28854.0,Joining
4060,1461,2023-12-09,31889.0,Hike
4061,1461,2024-12-08,33520.0,Hike
4062,1462,2025-08-16,38080.0,Joining
4063,1463,2025-08-12,44111.0,Joining
4064,1464,2025-03-15,53785.0,Joining
4065,1465,2018-01-04,52400.0,Joining
4066,1465,2019-01-04,55987.0,Hike
4067,1465,2020-01-04,61305.0,Hike
4068,1465,2021-01-03,65376.0,Hike
4069,1465,2022-01-03,69813.0,Hike
4070,1465,2023-01-03,76835.0,Hike
4071,1466,2022-04-12,32398.0,Joining
4072,1466,2023-04-12,34902.0,Hike
4073,1466,2024-04-11,36801.0,Hike
4074,1467,2021-10-16,49636.0,Joining
4075,1467,2022-10-16,53430.0,Hike
4076,1467,2023-10-16,59766.0,Hike
4077,1467,2024-10-15,63330.0,Hike
4078,1468,2024-03-10,34192.0,Joining
4079,1469,2024-06-19,45283.0,Joining
4080,1470,2022-05-28,45320.0,Joining
4081,1470,2023-05-28,48400.0,Hike
4082,1470,2024-05-27,49610.0,Hike
4083,1471,2021-01-01,31383.0,Joining
4084,1471,2022-01-01,33736.0,Hike
4085,1471,2023-01-01,36535.0,Hike
4086,1471,2024-01-01,38811.0,Hike
4087,1471,2024-12-31,40704.0,Hike
4088,1472,2016-03-07,39368.0,Joining
4089,1472,2017-03-07,41487.0,Hike
4090,1472,2018-03-07,43717.0,Hike
4091,1472,2019-03-07,46101.0,Hike
4092,1472,2020-03-06,48636.0,Hike
4093,1472,2021-03-06,52715.0,Hike
4094,1473,2024-07-06,53816.0,Joining
4095,1474,2023-09-05,45245.0,Joining
4096,1474,2024-09-04,48869.0,Hike
4097,1475,2021-05-03,68043.0,Joining
4098,1475,2022-05-03,73630.0,Hike
4099,1475,2023-05-03,79313.0,Hike
4100,1475,2024-05-02,81422.0,Hike
4101,1476,2023-12-10,105972.0,Joining
4102,1476,2024-12-09,110353.0,Hike
4103,1477,2025-12-12,45525.0,Joining
4104,1478,2015-12-06,41812.0,Joining
4105,1478,2016-12-05,44737.0,Hike
4106,1478,2017-12-05,49028.0,Hike
4107,1478,2018-12-05,51213.0,Hike
4108,1478,2019-12-05,55856.0,Hike
4109,1478,2020-12-04,60604.0,Hike
4110,1479,2023-09-21,42440.0,Joining
4111,1479,2024-09-20,45466.0,Hike
4112,1480,2019-06-05,76457.0,Joining
4113,1480,2020-06-04,82414.0,Hike
4114,1480,2021-06-04,85441.0,Hike
4115,1480,2022-06-04,90621.0,Hike
4116,1480,2023-06-04,96393.0,Hike
4117,1480,2024-06-03,100875.0,Hike
4118,1481,2023-07-02,36918.0,Joining
4119,1481,2024-07-01,41263.0,Hike
4120,1482,2022-03-27,54444.0,Joining
4121,1482,2023-03-27,57277.0,Hike
4122,1482,2024-03-26,60313.0,Hike
4123,1483,2025-05-19,101993.0,Joining
4124,1484,2024-06-17,84061.0,Joining
4125,1485,2025-01-26,56807.0,Joining
4126,1486,2025-12-10,41927.0,Joining
4127,1487,2019-05-13,54186.0,Joining
4128,1487,2020-05-12,58317.0,Hike
4129,1487,2021-05-12,61292.0,Hike
4130,1487,2022-05-12,66169.0,Hike
4131,1487,2023-05-12,72903.0,Hike
4132,1487,2024-05-11,78129.0,Hike
4133,1488,2011-04-15,76089.0,Joining
4134,1488,2012-04-14,84976.0,Hike
4135,1488,2013-04-14,88988.0,Hike
4136,1488,2014-04-14,97391.0,Hike
4137,1488,2015-04-14,103148.0,Hike
4138,1488,2016-04-13,111132.0,Hike
4139,1489,2021-08-17,46644.0,Joining
4140,1489,2022-08-17,50553.0,Hike
4141,1489,2023-08-17,53410.0,Hike
4142,1489,2024-08-16,59031.0,Hike
4143,1490,2025-06-12,76916.0,Joining
4144,1491,2025-10-16,54998.0,Joining
4145,1492,2025-09-03,43546.0,Joining
4146,1493,2025-05-13,41007.0,Joining
4147,1494,2012-11-24,91451.0,Joining
4148,1494,2013-11-24,95072.0,Hike
4149,1494,2014-11-24,99289.0,Hike
4150,1494,2015-11-24,111742.0,Hike
4151,1494,2016-11-23,121593.0,Hike
4152,1494,2017-11-23,128927.0,Hike
4153,1495,2022-09-20,38931.0,Joining
4154,1495,2023-09-20,41708.0,Hike
4155,1495,2024-09-19,44819.0,Hike
4156,1496,2015-03-04,44850.0,Joining
4157,1496,2016-03-03,47569.0,Hike
4158,1496,2017-03-03,50752.0,Hike
4159,1496,2018-03-03,53678.0,Hike
4160,1496,2019-03-03,56293.0,Hike
4161,1496,2020-03-02,60556.0,Hike
4162,1497,2020-09-02,108413.0,Joining
4163,1497,2021-09-02,118469.0,Hike
4164,1497,2022-09-02,130893.0,Hike
4165,1497,2023-09-02,141860.0,Hike
4166,1497,2024-09-01,151582.0,Hike
4167,1498,2017-03-23,112237.0,Joining
4168,1498,2018-03-23,121859.0,Hike
4169,1498,2019-03-23,129090.0,Hike
4170,1498,2020-03-22,137924.0,Hike
4171,1498,2021-03-22,148855.0,Hike
4172,1498,2022-03-22,160883.0,Hike
4173,1499,2025-08-25,35572.0,Joining
4174,1500,2019-03-03,63880.0,Joining
4175,1500,2020-03-02,68777.0,Hike
4176,1500,2021-03-02,75667.0,Hike
4177,1500,2022-03-02,79219.0,Hike
4178,1500,2023-03-02,85820.0,Hike
4179,1500,2024-03-01,93187.0,Hike
